{"type": "FeatureCollection", "features": [{"type": "Feature", "properties": {"DISTRICT": "Beitbridge", "NAME": "Beitbridge", "PROVINCE": "Matabeleland South", "PCODE": "ZW1601", "AREA_SQKM": 12719.2, "MINING_CADASTRE": "Beitbridge Cadastre Zone (Matabeleland South)"}, "geometry": {"type": "Polygon", "coordinates": [[[29.906213661000095, -21.269756312999903], [29.918847303000177, -21.276779815999816], [29.92140324800016, -21.29851539899994], [29.93642082399998, -21.308276098999897], [29.94812452000008, -21.348865045999958], [29.953815360000192, -21.353634389999968], [29.999079071000153, -21.37126063999989], [30.01881951700011, -21.387831831999904], [30.02471936200004, -21.407364247999908], [30.04021192900018, -21.42302637499995], [30.041535903000124, -21.43939856299994], [30.068879132000063, -21.459392995999963], [30.072741036000025, -21.47894041199993], [30.09354543500018, -21.476220200999933], [30.108663005000096, -21.483413711999958], [30.107029055000112, -21.487519010999904], [30.097030347000043, -21.49279239999987], [30.096138379000138, -21.500740977999953], [30.12687749100013, -21.496519649999982], [30.14617794200018, -21.5058073109999], [30.16577737300014, -21.50049091199992], [30.170146250000016, -21.504091169999924], [30.166110376000063, -21.516192049999916], [30.172515203000046, -21.53185818199995], [30.193030610000108, -21.528662935999876], [30.208550170000024, -21.538684651999972], [30.218284901000175, -21.553862744999833], [30.23075453400014, -21.544009022999944], [30.24052225700018, -21.549719429999925], [30.243034192000096, -21.558845089999977], [30.241676240000174, -21.570783954999968], [30.229240611000023, -21.58803321199997], [30.233402496000053, -21.59437766799988], [30.263905615000112, -21.59158744599995], [30.275704279000024, -21.596927824999966], [30.294980722000105, -21.595319695999933], [30.306049407000103, -21.601397127999974], [30.32815276900004, -21.60020102699997], [30.338270486000056, -21.611077807999948], [30.355920965000053, -21.59558467499994], [30.361091816000055, -21.594860619999963], [30.372220499000036, -21.60103105899998], [30.381185248000065, -21.61083776299995], [30.395231842000044, -21.60881760799998], [30.407532498000137, -21.62455573799997], [30.426927943000067, -21.630511155999955], [30.443351470000096, -21.63120519599994], [30.446364387000074, -21.63572852099992], [30.44609040300014, -21.647026337999876], [30.45021528800015, -21.65256773599998], [30.470394705000103, -21.651565649999952], [30.48252136300016, -21.663216484999907], [30.49208808300017, -21.656484991999946], [30.506535669000073, -21.660479271999918], [30.507594648000065, -21.674148258999878], [30.499234894000097, -21.681776814999978], [30.501912824000158, -21.691424508999887], [30.49822194000012, -21.704967488999955], [30.50376278400006, -21.71025786799987], [30.51847035999998, -21.71147994699993], [30.5243291970001, -21.71981754399991], [30.53410791500005, -21.71992854599995], [30.535276887000123, -21.728313149999963], [30.543108667000126, -21.73599669999993], [30.54083873800016, -21.745000349999884], [30.544264642000144, -21.747916557999872], [30.553957360000084, -21.7453323659999], [30.56219311100017, -21.72982824299993], [30.57121285600016, -21.73744478699996], [30.582105540999976, -21.735954672999924], [30.59018232000011, -21.754043971999977], [30.59646513700011, -21.751899813999955], [30.5995420430001, -21.743053173999897], [30.607149825000022, -21.74582236899988], [30.61952448000011, -21.76324961799986], [30.63157312900006, -21.759392332999937], [30.64448074900008, -21.748109511999928], [30.648957620000033, -21.748853562999955], [30.648806627000056, -21.753127870999947], [30.637557959000162, -21.76399466099997], [30.635351028000116, -21.77134819199989], [30.653205520000142, -21.781377903999953], [30.665223173000186, -21.78162191399997], [30.66902407300006, -21.797187032999943], [30.665074197000138, -21.811245046999886], [30.67418693800016, -21.81744448799998], [30.66978007, -21.823735942999974], [30.67022206100006, -21.829454353999893], [30.68520562900011, -21.831560496999828], [30.702882129000045, -21.84725061499995], [30.71081690200009, -21.850274827999897], [30.715075783000145, -21.855964234999817], [30.710145929000078, -21.861827658999914], [30.712760861000106, -21.87211839699995], [30.716654750000146, -21.875269620999916], [30.73047135100012, -21.875065598999925], [30.727629443000183, -21.89030469499994], [30.738103141000124, -21.89125675699995], [30.750274798000078, -21.90352963199996], [30.761371479000104, -21.907023875999982], [30.760246516000052, -21.913477339999872], [30.771257204000165, -21.922212960999957], [30.754169705000038, -21.932629718999976], [30.76155850200007, -21.9491849019999], [30.783314883000116, -21.96460899599998], [30.79806245700013, -21.964228959999957], [30.80684120600006, -21.969763351999916], [30.808716156000116, -21.974840714999914], [30.80106237700005, -21.975267749999887], [30.79660151000013, -21.980819149999945], [30.803689317000135, -21.99907345399987], [30.832958469000175, -21.99747532299989], [30.857413774000065, -22.016665683999918], [30.859518725000044, -22.03434994899993], [30.873400328000116, -22.04181447499991], [30.889501890000133, -22.084318506999978], [30.899738593000052, -22.08351244299996], [30.917083085, -22.073566722999885], [30.931300673000067, -22.073833733999948], [30.93528456600012, -22.086197615999936], [30.93118487800018, -22.105333688999906], [30.944063675000052, -22.112850188999914], [30.948059765000096, -22.12499830799993], [30.947855127000082, -22.136501058999954], [30.954682023000032, -22.155079740999895], [30.962634144000106, -22.159792575999973], [30.982956226000056, -22.161854431999927], [30.98943573500003, -22.169218239999907], [30.987668600000063, -22.174225632999878], [31.005339977000176, -22.17864390999989], [31.009757831000115, -22.19396063399995], [31.002394766000123, -22.207215497999925], [31.01329211400008, -22.20839370199991], [31.00592905200017, -22.22459408899988], [31.010935943000106, -22.227539610999884], [31.020360670000173, -22.218408479999937], [31.030374451000114, -22.221353998999973], [31.03597039000016, -22.2269504919999], [31.03184707400004, -22.235787066999876], [31.016237359000172, -22.233136103999925], [31.013092416000063, -22.250434290999976], [31.02761499600018, -22.25186638499997], [31.034297812000148, -22.266733439999882], [31.05330426100005, -22.266607420999946], [31.04958137200009, -22.27157677599996], [31.051229333000094, -22.285886793999964], [31.06112604599997, -22.28522474099998], [31.06831284300017, -22.294060365999883], [31.080200494999985, -22.28851296499988], [31.08408638300017, -22.28972204899992], [31.08609833200012, -22.301998920999836], [31.098563978000186, -22.31432279099988], [31.113327460000107, -22.337528765999878], [31.098442001000137, -22.345260988999883], [31.087038332000077, -22.345269995999956], [31.070475807000093, -22.33738444399995], [31.03662678500018, -22.33105201299992], [30.999785842000108, -22.313739801999873], [30.995089979000113, -22.315488928999912], [30.989824138000074, -22.3249556049999], [30.982339355000136, -22.325602654999955], [30.9733966120001, -22.321917397999982], [30.97048969100001, -22.313741818999972], [30.94582640600015, -22.31242773899993], [30.93969057800018, -22.303304093999884], [30.932898772000044, -22.30019987699984], [30.899070749000032, -22.294325477999962], [30.88346320700009, -22.302650078999875], [30.865584720000072, -22.295219560999954], [30.83329065300012, -22.28920415099998], [30.70696033200005, -22.314793044999874], [30.671328360000075, -22.308200597999928], [30.66134165000011, -22.309163672999944], [30.650155978999976, -22.316383192999922], [30.638988313000027, -22.33059820999995], [30.63054156000004, -22.33437548399985], [30.62076684200008, -22.331912314999954], [30.60124139900006, -22.31894540499991], [30.571686255000145, -22.318394383999873], [30.555529731000036, -22.32906115299994], [30.54913991700016, -22.33006822799996], [30.52950248100001, -22.32304874199997], [30.50365822800012, -22.320227557999942], [30.48543475200006, -22.314312148999875], [30.455297636000182, -22.32858818299991], [30.390872517000048, -22.347058537999942], [30.335904111000104, -22.348749693999878], [30.31771063600013, -22.3454424709999], [30.28929546700016, -22.35486715999997], [30.274576885000045, -22.345030470999916], [30.255296421000082, -22.315937415999883], [30.238969886000064, -22.30607972599995], [30.233235044000025, -22.29459891399995], [30.158240218999993, -22.298774261999938], [30.13209098499999, -22.30879999399997], [30.125005190000024, -22.30884900199993], [30.100471881000033, -22.284624295999947], [30.07346465100011, -22.270699323999906], [30.05490817600014, -22.25486720999993], [30.051408201000186, -22.16247862499995], [29.987852031999978, -22.152688971999964], [29.930615716000034, -22.186114398999905], [29.88614400600011, -22.190190722999944], [29.8567898390001, -22.171177387999933], [29.833830502000126, -22.170084326999927], [29.811744136000016, -22.16464195499998], [29.773401222000132, -22.138273100999925], [29.716378874000043, -22.141836399999818], [29.695736465000152, -22.135258945999965], [29.67479407200011, -22.13709609299991], [29.662973403000024, -22.124485200999914], [29.655030631000102, -22.12333112499988], [29.626120477000143, -22.134144919999983], [29.617649735000043, -22.149024989999873], [29.609087988000113, -22.15396434999991], [29.583432716000118, -22.139215315999934], [29.578214867000156, -22.13910831299995], [29.54539584000014, -22.165327211999966], [29.525400426000033, -22.174556886999937], [29.515813705000028, -22.176385024999945], [29.484969586000148, -22.165033238999968], [29.465324153000154, -22.163208124999926], [29.425303316000054, -22.17012465199997], [29.380218640000066, -22.19088317099994], [29.366662032000136, -22.191000189999954], [29.35344440600005, -22.18278861499988], [29.336142884000083, -22.159878993999882], [29.284636329000136, -22.115390858999888], [29.273793613000066, -22.085170706999975], [29.25700707599998, -22.063172146999932], [29.24824732500008, -22.05846981699989], [29.20448460200015, -22.072344847999943], [29.185026167000103, -22.074659029999907], [29.139262484000028, -22.070343760999947], [29.093536788000108, -22.053624603999936], [29.07165240400002, -22.037979502999974], [29.050190001000146, -22.01663299199987], [29.037720341000124, -21.996842584999968], [29.18809690300003, -21.897655332999932], [29.178392160000044, -21.874189653999906], [29.200869496000166, -21.85827348999993], [29.19884454600009, -21.849950892999914], [29.20449137500009, -21.840631217999942], [29.215888045000156, -21.839277110999944], [29.215083063000122, -21.83440676099997], [29.208022261000167, -21.828917371999978], [29.206223305000037, -21.82074178399995], [29.217174985000042, -21.816665481999905], [29.225906720000125, -21.80284047799995], [29.223982760000126, -21.786807324999927], [29.228195635000077, -21.783174059999965], [29.228939608000076, -21.7774036429999], [29.23293149300008, -21.77669458899993], [29.234876429000053, -21.768591002999926], [29.232216505000054, -21.76789695499997], [29.23749734300003, -21.75764221099996], [29.24794105100011, -21.747417431999963], [29.29872947900003, -21.65385966699995], [29.359916630000157, -21.561183909999954], [29.429870602999983, -21.546769808999954], [29.519764987000144, -21.51474041599988], [29.495878398000002, -21.45398946199998], [29.803527002000124, -21.49894949499992], [29.89638306400019, -21.359268974999964], [29.890699155000164, -21.32846660199982], [29.854804172000172, -21.310324306999917], [29.906213661000095, -21.269756312999903]]]}}, {"type": "Feature", "properties": {"DISTRICT": "Beitbridge Urban", "NAME": "Beitbridge Urban", "PROVINCE": "Matabeleland South", "PCODE": "ZW1622", "AREA_SQKM": 89.3, "MINING_CADASTRE": "Beitbridge Urban Cadastre Zone (Matabeleland South)"}, "geometry": {"type": "Polygon", "coordinates": [[[29.988105055000062, -22.15273875799994], [30.051408201000186, -22.16247862499995], [30.054859177000083, -22.25411015599991], [30.02753296700007, -22.2528860889999], [30.021258142000192, -22.245765585999948], [30.018955577000042, -22.229555334999873], [29.99773249700013, -22.229481913999905], [29.970699582000123, -22.22264544199993], [29.96511437600003, -22.21384314099987], [29.96104079700001, -22.21356801999991], [29.92683975100016, -22.188349785999947], [29.988105055000062, -22.15273875799994]]]}}, {"type": "Feature", "properties": {"DISTRICT": "Bikita", "NAME": "Bikita", "PROVINCE": "Masvingo", "PCODE": "ZW1801", "AREA_SQKM": 5179.7, "MINING_CADASTRE": "Bikita Cadastre Zone (Masvingo)"}, "geometry": {"type": "Polygon", "coordinates": [[[31.97351659600008, -19.82110195299998], [31.97888645100005, -19.842592566999883], [31.99962186500011, -19.85776569999996], [32.0269520870001, -19.865402263999954], [32.05305834100011, -19.862233017999927], [32.07617868400018, -19.87024261199997], [32.08293449700005, -19.88736889599994], [32.08999929700019, -19.892950311999982], [32.09555714300018, -19.90452217899997], [32.1421368120001, -19.901496936999933], [32.19657925800004, -19.903849096999977], [32.20219809900016, -19.909371509999914], [32.20957089600006, -19.930731109999954], [32.23360721300014, -19.941397902999938], [32.25504460600007, -19.958842204999883], [32.26742325400005, -19.961087368999927], [32.284836762000054, -19.97826965199988], [32.31837880400013, -19.98165189599996], [32.32936049200015, -19.985467177999908], [32.340591175999975, -19.99996926199998], [32.34339510100011, -20.018428642999822], [32.33727628300011, -20.042172421999908], [32.345050073000095, -20.078911167999877], [32.33956923500011, -20.096030448999954], [32.33905726900019, -20.15745403799997], [32.3271636180001, -20.18754228699987], [32.31970985500004, -20.26007869599988], [32.31459800400012, -20.26900236299997], [32.29570856900011, -20.34489201599996], [32.284375930000124, -20.45517720999993], [32.258207679000066, -20.452137991999905], [32.23791725800015, -20.444497431999935], [32.194099511000104, -20.436868878999974], [32.17462206300007, -20.420029634999878], [32.146226873000046, -20.409316848999936], [32.103236103000086, -20.406259634999913], [32.062679267000135, -20.411618046999877], [32.016446592000136, -20.413134174999925], [31.99466521200003, -20.4054426109999], [31.966756017000193, -20.41929764899993], [31.96541305700009, -20.422995923999906], [31.864736968000045, -20.4887908419999], [31.82834904200007, -20.5656305469999], [31.78970715700018, -20.582528811999964], [31.775005579000037, -20.582555819999982], [31.752614215999984, -20.57068494999993], [31.74009257600011, -20.57238708099993], [31.73990957900014, -20.567701733999968], [31.743859464000025, -20.56438648699998], [31.72216608100001, -20.5537807099999], [31.71564925800004, -20.531452058999946], [31.708794454000042, -20.528794864999952], [31.70120866200017, -20.507091259999925], [31.702801610000165, -20.493739269999878], [31.69173192600016, -20.491698122999935], [31.69434084599999, -20.48028027499987], [31.697893743000066, -20.477165042999957], [31.694926827000074, -20.473044737999942], [31.69690076700016, -20.465571182999952], [31.68318114599998, -20.43509292699997], [31.67835728300014, -20.4311066329999], [31.691614897000136, -20.41723959799998], [31.694325814000024, -20.404945683999927], [31.701672601000098, -20.399480274999974], [31.699444661000143, -20.3906396189999], [31.703501541000094, -20.38282003699993], [31.715410196000164, -20.372253246999946], [31.73163173100005, -20.37068312399998], [31.72196400500019, -20.365452738999977], [31.723085969000124, -20.354800945999955], [31.715761178000093, -20.353633861999924], [31.697315700000104, -20.340984928999887], [31.679643203000126, -20.33391440999992], [31.676629286000036, -20.327334921999977], [31.67332038300009, -20.330851184999972], [31.67213841299997, -20.32332162499995], [31.667173554000158, -20.319644352999944], [31.66362765500014, -20.319255325999904], [31.66038375000005, -20.323325629999886], [31.653114954000102, -20.315186026999925], [31.656129865000082, -20.308159502999956], [31.65234997100015, -20.30375517599998], [31.63816937400003, -20.298850816999902], [31.635807437999972, -20.288709062999942], [31.610046174000104, -20.28703594899997], [31.619326889000035, -20.242928658999915], [31.606216261000043, -20.23723523999996], [31.60309934500009, -20.225553369999886], [31.59176266600008, -20.21884687499994], [31.59061469100004, -20.201177557999927], [31.593774593000035, -20.184929343999954], [31.59107566600011, -20.174392558999898], [31.595621532000166, -20.16708101099988], [31.593362594000155, -20.159983481999973], [31.576888060000044, -20.14926768899994], [31.57138921800015, -20.150388774999954], [31.55936755600004, -20.13832987899997], [31.5380151600001, -20.125440924999964], [31.533962272000167, -20.116676270999903], [31.540203090000148, -20.108736675999978], [31.538835126000095, -20.101402127999904], [31.527683438000054, -20.087266075999935], [31.521554615000184, -20.090076287999977], [31.517686722000178, -20.083681811999895], [31.512081881000142, -20.081894679999948], [31.49421824400008, -20.085910743999932], [31.480371728000193, -20.076018569999917], [31.470687333000114, -20.07763470999987], [31.467927476000114, -20.060825879999925], [31.456544454000095, -20.050800376999973], [31.43829769900003, -20.022322715999962], [31.421973338000157, -20.036413046999883], [31.403170181000178, -20.00250326099996], [31.414734405000104, -19.99107005299993], [31.40926876700013, -19.97090441099988], [31.43343902099997, -19.913949452999816], [31.442299785000046, -19.91746939799998], [31.44928106500015, -19.906439217999946], [31.46428365700018, -19.90197989899997], [31.48122652400002, -19.90594997099987], [31.481288555000106, -19.89944867099996], [31.493240195999988, -19.88354881799995], [31.505626976000087, -19.886596047999944], [31.51352374700008, -19.87982253699994], [31.518239614000095, -19.88246073299996], [31.53964399800003, -19.870860852999954], [31.55327561600012, -19.88673203899998], [31.57857889200011, -19.881701650999958], [31.582313782000085, -19.87427409199995], [31.621210668000174, -19.86493437499996], [31.62927342800009, -19.843993798999918], [31.656465660000038, -19.861070070999972], [31.662765480000132, -19.860134998999968], [31.667180351000127, -19.85420655099989], [31.667480340000168, -19.847307032999936], [31.680599965000056, -19.845960926999965], [31.690157686000134, -19.832602918999953], [31.71592695200013, -19.836156175999974], [31.72205877700003, -19.83436503999991], [31.769461427000124, -19.84214160599987], [31.79532568899998, -19.841335535999974], [31.81307918500005, -19.84762200199998], [31.831654652000168, -19.840131432999897], [31.853153037000027, -19.83814427599998], [31.86289575800015, -19.83369593799989], [31.88662607900011, -19.830292673999963], [31.902245634000053, -19.832258815999978], [31.92722891900013, -19.82598333599998], [31.97351659600008, -19.82110195299998]]]}}, {"type": "Feature", "properties": {"DISTRICT": "Bindura", "NAME": "Bindura", "PROVINCE": "Mashonaland Central", "PCODE": "ZW1201", "AREA_SQKM": 2242.5, "MINING_CADASTRE": "Bindura Cadastre Zone (Mashonaland Central)"}, "geometry": {"type": "Polygon", "coordinates": [[[31.277384175999998, -16.82345208299995], [31.371562184000027, -16.836350178999908], [31.35130932500016, -16.857500956999957], [31.35932519500011, -16.88284276199994], [31.385953518000065, -16.83844638799991], [31.403053245000137, -16.840362247999963], [31.370362554000053, -16.98124691399994], [31.37947742200015, -17.00681162999996], [31.351700100000073, -17.03587423999994], [31.345823265000092, -17.036217268999906], [31.34438730800008, -17.043420838999964], [31.354101041000035, -17.056125838999947], [31.365243731000078, -17.06253334099995], [31.374818461000018, -17.061435250999978], [31.381850265000082, -17.064782511999965], [31.385720155, -17.0600841399999], [31.390336026000114, -17.06327738999994], [31.393364940000083, -17.06080719399995], [31.39918577900005, -17.066508641999974], [31.405485602, -17.064986519999877], [31.40664657200017, -17.072225090999893], [31.424053087000175, -17.081180791999884], [31.427263000000153, -17.08870038499998], [31.43014091900011, -17.08780631299993], [31.434395801000107, -17.093097728999965], [31.409513864000076, -17.12443242699993], [31.439314590000038, -17.136934718999896], [31.421825439000088, -17.17744356099996], [31.474479899000016, -17.17669823799997], [31.47347708700005, -17.203732182999943], [31.495374132000165, -17.204670508999982], [31.495067167000116, -17.271829798999875], [31.494142568000086, -17.26741737499998], [31.483367556000076, -17.274203152999974], [31.470575855000163, -17.272295844999974], [31.46063915500008, -17.323940912999888], [31.43207895900008, -17.32704216799982], [31.408739637000053, -17.381257438999967], [31.412496532000148, -17.381423450999932], [31.41260353000007, -17.384767713999963], [31.415969435000136, -17.38225551499994], [31.42220526000017, -17.38524974799998], [31.42486718500004, -17.38340160199988], [31.424545190000117, -17.37337181399994], [31.430727014000013, -17.367409342999906], [31.429418047000183, -17.358439637999936], [31.425258070000154, -17.355972859999895], [31.431398397000066, -17.35454970099994], [31.431419251000193, -17.352097482999966], [31.463013855999975, -17.360190529999898], [31.470064904000026, -17.358382617999894], [31.47352981300014, -17.375124932999938], [31.451758428000062, -17.381091409999897], [31.458359251000104, -17.40481127199996], [31.47817669200009, -17.39976386799998], [31.48033163500014, -17.407804498999894], [31.468725962999997, -17.413175924999905], [31.472520861000135, -17.424303797999926], [31.466040046000103, -17.432405435999954], [31.461178189000066, -17.446268526999916], [31.473222853000152, -17.453857117999974], [31.458518289000097, -17.5091404609999], [31.508719873000132, -17.50207988899996], [31.505337971000074, -17.50890942599989], [31.505906958000025, -17.51784812699998], [31.473863877000042, -17.5588553529999], [31.47265291400015, -17.565834900999903], [31.47557283400016, -17.571610351999936], [31.469481010000038, -17.58284623499992], [31.45862830700014, -17.562542647999976], [31.37452270199998, -17.628756865999947], [31.335243800000057, -17.60832828199989], [31.308602565000115, -17.643403037999974], [31.29035207800007, -17.641430890999914], [31.280651352000177, -17.643764076999958], [31.28518821300014, -17.617711035999946], [31.280500342000096, -17.6094803929999], [31.27680243700013, -17.590130878999958], [31.285934173000044, -17.572694509999906], [31.287750114000062, -17.554779104999966], [31.30025774700016, -17.520339399999955], [31.30734153400016, -17.48701078299996], [31.292310956000165, -17.485801693999917], [31.275533425000106, -17.478292110999973], [31.269249602000002, -17.47997024499989], [31.261909807000166, -17.475890927999956], [31.253386047000106, -17.47651197999994], [31.23860137700018, -17.47060471599991], [31.227836765000177, -17.473683768999933], [31.13800427900003, -17.44476553499993], [31.14851597100011, -17.41631129599989], [31.147857972999986, -17.37939239499991], [31.136656281000057, -17.364592235999964], [31.116262834000167, -17.319813722999925], [31.11928274700017, -17.315754401999982], [31.13176339900008, -17.319856719999905], [31.140654108000035, -17.228186497999957], [31.131201375000103, -17.23087971399997], [31.127192468000146, -17.186540220999916], [31.119585678000135, -17.179634679999936], [31.133257281000056, -17.14869723399994], [31.13711215100011, -17.10067244199996], [31.170072215000005, -17.076052484999934], [31.17011921200009, -17.07159213199992], [31.177123013000028, -17.066922760999944], [31.182575851000024, -17.044261967999944], [31.189272661000075, -17.0411197169999], [31.199386372000163, -17.029510794999965], [31.20635017700016, -17.028463709999983], [31.216918874000044, -17.01490763399994], [31.217030866000073, -17.003898763999928], [31.219645793000154, -17.003086697999947], [31.21277997700014, -16.984002191999878], [31.206667427000127, -16.986253709999858], [31.202061335000053, -16.983239520999973], [31.203435226000124, -16.94707286199997], [31.199089337000146, -16.925788590999957], [31.23630427800009, -16.89080880599994], [31.239110192000112, -16.873515434999945], [31.253108800000177, -16.864567097999952], [31.249593134000065, -16.85512043299991], [31.256851924999978, -16.849234846999934], [31.260607904000153, -16.832415709999907], [31.265690080000013, -16.839397361999886], [31.276545085000123, -16.83403693999992], [31.277384175999998, -16.82345208299995]], [[31.31869613000015, -17.28527592399996], [31.318379158000027, -17.330972519999932], [31.347974322000027, -17.321747782999978], [31.358080046000055, -17.341492331999916], [31.369383727000127, -17.338383082999883], [31.364306860000113, -17.316679377999947], [31.347391632000097, -17.31115673299996], [31.34617035400015, -17.27719027699993], [31.31869613000015, -17.28527592399996]]]}}, {"type": "Feature", "properties": {"DISTRICT": "Bindura Urban", "NAME": "Bindura Urban", "PROVINCE": "Mashonaland Central", "PCODE": "ZW1221", "AREA_SQKM": 20.0, "MINING_CADASTRE": "Bindura Urban Cadastre Zone (Mashonaland Central)"}, "geometry": {"type": "Polygon", "coordinates": [[[31.36389287200012, -17.316284346999907], [31.369383727000127, -17.338383082999883], [31.358080046000055, -17.341492331999916], [31.347974322000027, -17.321747782999978], [31.318379158000027, -17.330972519999932], [31.31869613000015, -17.28527592399996], [31.34617035400015, -17.27719027699993], [31.347391632000097, -17.31115673299996], [31.36389287200012, -17.316284346999907]]]}}, {"type": "Feature", "properties": {"DISTRICT": "Binga", "NAME": "Binga", "PROVINCE": "Matabeleland North", "PCODE": "ZW1501", "AREA_SQKM": 13339.2, "MINING_CADASTRE": "Binga Cadastre Zone (Matabeleland North)"}, "geometry": {"type": "Polygon", "coordinates": [[[28.020364390000168, -16.980475073999912], [28.04011486400009, -17.009524357999965], [28.032630082000026, -17.01933614099994], [28.047550667999985, -17.02302041999991], [28.065313450000133, -17.022879167999974], [28.067751106000003, -17.02659868799998], [28.047047701000054, -17.04504016199985], [28.052729558000067, -17.061267442999906], [28.05270457600011, -17.083192176999887], [28.04773272200015, -17.090743777999876], [28.03245315500004, -17.09753032799989], [28.032464159000085, -17.10241971399995], [28.046251782000184, -17.111369409999895], [28.062727310000184, -17.09905442299987], [28.070919083000035, -17.101044572999967], [28.092870489000177, -17.124003369999855], [28.087384652000026, -17.134118172999933], [28.095113448000006, -17.147883253999908], [28.10815507500007, -17.139037544999894], [28.118029797000133, -17.136398327999927], [28.134691334000024, -17.139758579999977], [28.143038105000073, -17.14534201399988], [28.14342110300015, -17.154705752999973], [28.13103746100012, -17.16761378299998], [28.136169332000065, -17.18346002999988], [28.135500361000084, -17.195342967999864], [28.14584007999997, -17.2045796889999], [28.153880852000043, -17.20194947399989], [28.155963804000066, -17.212865333999957], [28.152450907000116, -17.218181755999865], [28.137621322000143, -17.21807175999993], [28.136007370000186, -17.221407023999916], [28.138359310000112, -17.228310566999937], [28.150517973000092, -17.23176482899993], [28.143702173000122, -17.24253268399991], [28.164065610000023, -17.249600224999938], [28.164668597000116, -17.25441660399997], [28.15661082300005, -17.254374607999978], [28.150813988000152, -17.25791289099982], [28.1471500830001, -17.249570236999944], [28.14218122500006, -17.25271548899991], [28.14213423400014, -17.26084112899997], [28.153035933000012, -17.265854515999933], [28.170558444000108, -17.267727648999937], [28.17197340900003, -17.27269103899988], [28.165984578000177, -17.27365211999995], [28.16451062400006, -17.278994541999907], [28.172124413000063, -17.282204788999877], [28.17210341700013, -17.285774069999945], [28.165439613000103, -17.296642931999884], [28.163520678000054, -17.307137758999943], [28.171767448000082, -17.307973817999937], [28.17312342400004, -17.323441034999917], [28.182040167000025, -17.315756422999925], [28.197851736000075, -17.32911446199995], [28.193272871000033, -17.336031009999886], [28.196335790000035, -17.341793460999895], [28.204586560000052, -17.342230488999974], [28.20990641800006, -17.350383126999873], [28.22105210500007, -17.350040089999936], [28.23381975200016, -17.355056474999856], [28.24239152800004, -17.372936874999937], [28.239398629000164, -17.391951373999973], [28.24265954400005, -17.399697980999917], [28.250369329000137, -17.400964073999944], [28.247435413000062, -17.40355828099996], [28.24348354300008, -17.425095977999945], [28.251168340000106, -17.43905506899995], [28.251197346000026, -17.446219631999952], [28.227724024000054, -17.469330467999896], [28.222700182000096, -17.488121947999957], [28.226904078000075, -17.50403919499996], [28.216608374000145, -17.512245847999964], [28.208656609000116, -17.525857922999933], [28.20944060000005, -17.540725089999967], [28.20456374000014, -17.54425337099991], [28.209776609000073, -17.56151672099992], [28.202229835000026, -17.576518903999897], [28.216307438000115, -17.57475075399998], [28.218801373000133, -17.580278184999884], [28.208935670000187, -17.602561940999976], [28.197939990000066, -17.615833990999874], [28.196984055000144, -17.65765826899991], [28.193059170000026, -17.66284267799989], [28.19484212300017, -17.666491961999952], [28.181048522000083, -17.679425986999945], [28.18425743800003, -17.68546745699996], [28.18229250100012, -17.694642176999935], [28.171708804000048, -17.700561648999894], [28.16522199900004, -17.714409737999972], [28.143272636000177, -17.737370552999835], [28.11671237200011, -17.72717077799996], [28.10157780200001, -17.733557289999965], [28.093706033000046, -17.744438147999915], [28.097097943000165, -17.750291602999937], [28.09345105300008, -17.75796220599989], [28.0699087430001, -17.78954669599989], [28.074274623000065, -17.792218900999956], [28.08078847000013, -17.82444441299998], [28.09122518999999, -17.8382544829999], [28.086388344, -17.85757399599993], [28.076828627000168, -17.87244216499994], [28.07961356600009, -17.891210626999964], [28.06934987300008, -17.910716157999957], [28.065907986000127, -17.928454543999976], [28.0685359200001, -17.93655117299994], [28.049863448000053, -17.940517498999952], [28.043250653000143, -17.960359050999955], [28.012703549000037, -17.999526129999936], [28.008278691000044, -18.01814458299998], [28.017563188000054, -18.040679002999923], [28.025558614999966, -18.049000362999948], [28.030397882999978, -18.06113983599994], [28.03756432900019, -18.063382446999924], [28.05021776600006, -18.052669556999945], [28.070922425000163, -18.05939878399994], [28.06781685600015, -18.071581054999967], [28.071989523000127, -18.104251475999888], [28.068837304, -18.10883086499996], [28.069807774000026, -18.137717361999876], [28.04920712800009, -18.14999581199993], [28.04688497300009, -18.160652870999968], [28.054087645000095, -18.1682166409999], [28.0509794030001, -18.18039866299995], [28.10191748700015, -18.18619560099995], [28.109894834000045, -18.189951153999914], [28.106751827000096, -18.196051695999927], [28.098059835000186, -18.20522523199992], [28.09011509700008, -18.206791144999897], [28.059861098, -18.202398831999915], [28.027266695000094, -18.205617365999956], [28.001954212000157, -18.223228743999982], [27.99564526000006, -18.238706736999973], [27.986718509000127, -18.236856600999943], [27.980258696000078, -18.241978003999918], [27.973787876000074, -18.239774838999892], [27.957739329000105, -18.242304049999973], [27.953671446000044, -18.244782245999943], [27.951100528000154, -18.25425698299989], [27.944147725000164, -18.25577110699993], [27.92774520000006, -18.26916715999988], [27.91901245000014, -18.273495502999936], [27.91289161900005, -18.270350264999934], [27.907176780000157, -18.27095531699996], [27.907087786000034, -18.27394554899996], [27.905338832000098, -18.270728300999906], [27.90228691900012, -18.272572446999902], [27.897580065000056, -18.286344518999897], [27.87660567200004, -18.302329776999954], [27.877032670000176, -18.313289625999914], [27.86213816600008, -18.327462094999817], [27.85781887200011, -18.336917722999942], [27.854085107000174, -18.38590400199996], [27.57524927900016, -18.42667368399998], [27.517711833000078, -18.366370073999974], [27.33292507800013, -18.410626680999883], [27.34335831500016, -18.436657142999934], [27.465548661000128, -18.43869540599991], [27.38919366300007, -18.497266026999966], [27.310568855000042, -18.500465932999873], [27.298547871000153, -18.489924585999972], [27.297626552000054, -18.497599051999828], [27.28307838600017, -18.49881631999989], [27.27752342499997, -18.50756667199994], [27.2651274320001, -18.50775586499998], [27.247321771000088, -18.49406681499994], [27.223079155000107, -18.50112494699988], [27.221879837000188, -18.498978295999905], [27.23553489800014, -18.48352841499991], [27.239080763000175, -18.45163894699988], [27.252704369000128, -18.44214919899997], [27.277375666000125, -18.433758524999973], [27.29819708100007, -18.433949518999896], [27.292174222000085, -18.409086601999945], [27.29364415400005, -18.38465570999989], [27.276579632000164, -18.382446555999934], [27.262222028000053, -18.375456028999963], [27.269690803000117, -18.362649029999943], [27.269076798000185, -18.341906423999887], [27.2462654470001, -18.349000996999905], [27.24131558300013, -18.346444803999873], [27.209195494000028, -18.353397374999872], [27.20035074000009, -18.351631246999943], [27.188604051000084, -18.334307916999933], [27.170133563000036, -18.327728425999908], [27.16659565600014, -18.322527025999932], [27.1561989490001, -18.32288306399994], [27.147835158000078, -18.299612268999965], [27.129515676000096, -18.30299054999989], [27.116878027000098, -18.29931027699996], [27.117716988000154, -18.28488215799996], [27.124468787000183, -18.275028386999907], [27.120882874000074, -18.26286644699985], [27.12510073900006, -18.248327313999937], [27.11933988600009, -18.234683260999873], [27.08413387100012, -18.231574055999943], [27.057101632000183, -18.2337422519999], [27.052762744000177, -18.224199515999942], [27.04374999800018, -18.225871654999878], [27.04191403800013, -18.215210828999943], [26.98816755200005, -18.219449212999905], [26.984193657000162, -18.213667768999983], [26.964971188000106, -18.206044195999937], [26.95763637100015, -18.18629366999994], [26.972209943000166, -18.16981837499992], [26.971137960000192, -18.15848949499997], [26.869026828000187, -18.160536760999946], [26.864343947000066, -18.150109954999948], [26.853108258000077, -18.146323671999937], [26.85222727900009, -18.14289040599988], [26.864315914000144, -18.120091620999915], [26.86682380700006, -18.088141131999976], [26.890133132000187, -18.069981693999978], [26.888120161000188, -18.045811813999876], [26.884069268000133, -18.040339391999908], [26.891262061000077, -18.035373997999955], [26.886555188000102, -18.031068666999943], [26.886526175000085, -18.019061731999955], [26.881761297000025, -18.008985951999875], [26.921328172000074, -17.994944815999872], [26.92741098700003, -17.981632771999955], [26.92361008500012, -17.97483624599988], [26.95304125399997, -17.968930754999974], [26.967719835000082, -17.96258424499996], [26.984070383000073, -17.96770562799992], [26.998359972000117, -17.95870391099993], [27.019893361000072, -17.952205382999978], [27.04075978500009, -17.960170982999898], [27.082302555000126, -17.900628294999876], [27.15341949000009, -17.83489808999991], [27.144130718000156, -17.804915754999968], [27.31962257300006, -17.58785758199997], [27.55285386500003, -17.41017040299994], [27.620723889000033, -17.331932181999946], [27.629853557000104, -17.25325897199997], [27.642773331000114, -17.225415975999965], [27.74929108000009, -17.082086949999905], [27.826829730000043, -16.963820919999876], [27.91924954000018, -16.92387676999988], [28.01395947600014, -16.87657984499998], [28.029841997000176, -16.89617846999988], [28.02877971500004, -16.92592235199993], [28.033006008000086, -16.948921563999875], [28.020364390000168, -16.980475073999912]]]}}, {"type": "Feature", "properties": {"DISTRICT": "Bubi", "NAME": "Bubi", "PROVINCE": "Matabeleland North", "PCODE": "ZW1502", "AREA_SQKM": 6079.3, "MINING_CADASTRE": "Bubi Cadastre Zone (Matabeleland North)"}, "geometry": {"type": "Polygon", "coordinates": [[[28.293328741000153, -19.134254372999862], [28.52127532700007, -19.172608098999888], [28.648859765000054, -19.22760718099994], [28.83454456600009, -19.296248250999952], [29.00281370800019, -19.19561645799996], [29.015367363000166, -19.207816376999972], [29.01660733799997, -19.219543268999928], [29.032174913999995, -19.240104821999978], [29.031556936000072, -19.244873185999893], [29.018888307000168, -19.258792254999946], [29.01701536800016, -19.267886947999898], [29.020950262000156, -19.274418441999956], [29.01971030700014, -19.284908240999982], [29.033605929000032, -19.30330162799993], [29.03420391800006, -19.31037316499993], [29.05016246800011, -19.31398542699992], [29.057362278000028, -19.330151649999948], [29.072126868000055, -19.339677361999918], [29.072758859000032, -19.35051818499994], [29.08550250600007, -19.359913888999927], [29.092033332000085, -19.373476912999877], [29.120395541000107, -19.389099076999912], [29.12898129700011, -19.388689038999928], [29.151363669000034, -19.397281673999885], [29.163238354000157, -19.422722594999982], [29.19344651800003, -19.447851476999915], [29.196240447000037, -19.45858128799989], [29.200740322000115, -19.46134749399988], [29.207289134000177, -19.4595293509999], [29.21916081100005, -19.47603659299989], [29.233794593000084, -19.482402615999945], [29.215483989999996, -19.529599888999883], [29.17186108100009, -19.49766982799997], [29.107254231000127, -19.49031476099998], [29.092111400000135, -19.50150933799995], [29.090340464000178, -19.506459316999894], [29.082126801000072, -19.509743755999978], [29.083472322000148, -19.519297320999954], [29.094367746000103, -19.534249828999975], [29.127096413000118, -19.534737292999978], [29.195084928000085, -19.564659011999936], [29.115732080000157, -19.601272834999975], [29.06917048600019, -19.65435563199992], [29.041662857000176, -19.657279999999957], [29.102941362000024, -19.70934676399986], [29.103500270000097, -19.775383658999942], [29.085816375000036, -19.807209150999938], [29.09785298100013, -19.8140272039999], [29.072019921000162, -19.82998701699995], [29.046580794000192, -19.853188119999913], [28.955004622000047, -19.82167989699991], [28.991437696000048, -19.942692960999977], [28.983322058, -19.956796937999968], [28.95247942200018, -19.90222622499988], [28.870543350000048, -19.910354220999977], [28.871593881000024, -19.915566807999937], [28.8212749920001, -19.927196456999866], [28.81466528599998, -19.96782670999994], [28.788034654000114, -19.972573787999977], [28.780538105000062, -19.99964518199988], [28.776809858000092, -19.999460397999883], [28.75454646600008, -19.972030359999962], [28.728462218000118, -19.98185611899993], [28.717653537000103, -19.994013039999913], [28.70292696100006, -19.998770409999963], [28.671812805000116, -19.95559819799996], [28.655784268000048, -19.963345792999917], [28.650014415000044, -19.945724475999953], [28.647033501000124, -19.94695657099993], [28.63623279700016, -19.934794666999892], [28.642728602000034, -19.92458989499994], [28.63495282200006, -19.92305178599986], [28.626586063000104, -19.926722068999936], [28.62359714600018, -19.9244639019999], [28.626288066000086, -19.920509602999914], [28.621209200000123, -19.909775800999967], [28.61254444700006, -19.910903893999887], [28.611647469000104, -19.90723161799997], [28.621510183000055, -19.901021142999923], [28.617924285000186, -19.901583188999894], [28.617625290000035, -19.897346870999968], [28.61194945200009, -19.898475959999928], [28.60657260000005, -19.89282654099992], [28.611056464000114, -19.88463492099993], [28.60956250200013, -19.88039860399988], [28.600003772000093, -19.87813644199997], [28.59701486000006, -19.881524698999897], [28.594626921999975, -19.87474519199992], [28.59880980100013, -19.873053060999894], [28.598214814000016, -19.868814742999973], [28.592835967000042, -19.869096768999952], [28.585073178000187, -19.859491052999886], [28.58925805500013, -19.85553675199992], [28.57850635400007, -19.847906187999968], [28.574159479000173, -19.850096355999938], [28.56835164200004, -19.847620174999918], [28.567327501000136, -19.8337100629999], [28.549739905000138, -19.832614701999944], [28.526486844000033, -19.803957693999962], [28.551330221000057, -19.723026585999946], [28.5349161420001, -19.715221584999938], [28.537306395000087, -19.71515622499993], [28.500103415000126, -19.678487490999885], [28.49314160100016, -19.666574597999897], [28.492937596000104, -19.65485671399989], [28.536194305000038, -19.590726829999937], [28.401645104000124, -19.508692737999922], [28.071934234000082, -19.357936604999907], [28.066340506000188, -19.46673686799994], [27.939866026000175, -19.407369483999958], [28.213702878000106, -19.18892658599998], [28.260079427000107, -19.201954172999876], [28.258028837000097, -19.214854909999872], [28.284647071000165, -19.219662891999974], [28.284998019000057, -19.17742867299995], [28.293328741000153, -19.134254372999862]]]}}, {"type": "Feature", "properties": {"DISTRICT": "Buhera", "NAME": "Buhera", "PROVINCE": "Manicaland", "PCODE": "ZW1101", "AREA_SQKM": 5357.3, "MINING_CADASTRE": "Buhera Cadastre Zone (Manicaland)"}, "geometry": {"type": "Polygon", "coordinates": [[[31.589712198000086, -19.011310720999916], [31.59577102899999, -19.017420184999878], [31.61608545300004, -19.020146385999965], [31.625843180000118, -19.030662184999983], [31.624188230000186, -19.038150756999983], [31.632404997000094, -19.03669164299987], [31.63685287200019, -19.04066894499988], [31.649597509000102, -19.03754570199993], [31.66188916200008, -19.042836100999978], [31.690781342000037, -19.043351129999962], [31.696619174000034, -19.037931713999967], [31.71201273700018, -19.03825573299997], [31.712215729000093, -19.034049411999945], [31.72023350000012, -19.030980174999968], [31.719974505000096, -19.024769699999922], [31.726674314000093, -19.02147344599996], [31.738846971000157, -19.02770491799987], [31.76930410799997, -19.0325422759999], [31.78445768300014, -19.04779343499996], [31.795117382000058, -19.05193074699997], [31.797515317000148, -19.06006436699988], [31.80379213900011, -19.060592404999966], [31.81316287700008, -19.071347221999872], [31.812573897000163, -19.080195897999886], [31.820307679000052, -19.085153272999946], [31.832483334000187, -19.086481369999944], [31.841520083000148, -19.1009394699999], [31.854898704000163, -19.103665672999966], [31.860724538000056, -19.101687519999928], [31.88028198799998, -19.116756661999887], [31.886276817000123, -19.11474650699995], [31.892900628999996, -19.117580720999968], [31.89826447600018, -19.114620492999904], [31.911274109000033, -19.122491088999936], [31.925786696999978, -19.122960119999902], [31.940722270000037, -19.11592657899996], [31.953865897000185, -19.11779471699998], [31.963304628000174, -19.11517151399994], [31.97219137900015, -19.12329712999997], [31.982806678000145, -19.11811631599994], [31.997361932000047, -19.139961205999953], [32.000272991000145, -19.155803936999973], [32.00813918300014, -19.155406940999967], [32.02773887100017, -19.165623385999822], [32.033073666000064, -19.173393926999893], [32.03194070000012, -19.178717332999895], [32.02977076400015, -19.186059891999832], [32.02013104100007, -19.19457054299994], [32.01491619700005, -19.215004099999874], [32.02822362700016, -19.255584607999936], [32.03522335800011, -19.26917200699984], [32.04583779700005, -19.278174453999952], [32.04937680300014, -19.291711826999972], [32.059764581000024, -19.302101515999937], [32.079666226000086, -19.311732724999956], [32.08412196100011, -19.328930899999932], [32.08894213200006, -19.332897034999974], [32.093093022999994, -19.35845297399993], [32.10162578400019, -19.37092791699996], [32.10318974500018, -19.385627031999945], [32.111314519000075, -19.401129203999915], [32.12544011900019, -19.40755768699995], [32.130387981000126, -19.41559029499996], [32.14057269300008, -19.421970774999977], [32.14656152700019, -19.43430670799995], [32.16091612300005, -19.44805374499998], [32.17407275900007, -19.48182229699995], [32.19097528500009, -19.50476902899993], [32.20063701700013, -19.52493355099989], [32.22237340200013, -19.53890059999992], [32.22729727300015, -19.573797235999905], [32.23436607800011, -19.59356272699989], [32.234892068000136, -19.6096569419999], [32.249841647000096, -19.62581715799996], [32.270811067000125, -19.68232641399993], [32.29157348500013, -19.714160806999928], [32.30038923600006, -19.721279339999967], [32.31507881900001, -19.727695819999894], [32.32529453000018, -19.736249460999943], [32.38047595900008, -19.746963251999887], [32.38709077300007, -19.75457482299987], [32.39088667200019, -19.77793357999991], [32.39659251100005, -19.785327134999875], [32.39193166400014, -19.853504260999955], [32.37011930300008, -19.90623522599998], [32.3668884010001, -19.92566468499996], [32.3634515010001, -19.93142411799988], [32.34061015900005, -19.94857640999993], [32.3457480190001, -19.969474974999912], [32.340591175999975, -19.99996926199998], [32.32936049200015, -19.985467177999908], [32.31837880400013, -19.98165189599996], [32.284836762000054, -19.97826965199988], [32.26742325400005, -19.961087368999927], [32.25504460600007, -19.958842204999883], [32.23360721300014, -19.941397902999938], [32.20957089600006, -19.930731109999954], [32.20219809900016, -19.909371509999914], [32.19631226600012, -19.90372508799993], [32.141873819000125, -19.901498937999918], [32.09555714300018, -19.90452217899997], [32.08999929700019, -19.892950311999982], [32.08293449700005, -19.88736889599994], [32.07584669300019, -19.87005759799996], [32.052269363000164, -19.862113008999927], [32.03342090300009, -19.86531225499988], [32.01660638200019, -19.86322310399987], [31.98481728400003, -19.848965042999907], [31.977802481000026, -19.84019838699993], [31.967821750000155, -19.79957033599993], [31.92667991200011, -19.76795397099994], [31.899376670000038, -19.711848755999938], [31.877019303000168, -19.701993020999964], [31.85891181200003, -19.68381065699998], [31.84348925000006, -19.678517262999947], [31.842979260000163, -19.667934465999963], [31.835306478000177, -19.664919240999893], [31.832943542000066, -19.656947640999874], [31.82351381000001, -19.65519251199987], [31.827707680999993, -19.63035663599993], [31.82549374000007, -19.620305877999954], [31.795507589000124, -19.6050957409999], [31.79097371300014, -19.593959901999938], [31.774723175000133, -19.59012361799995], [31.77013830300018, -19.58369413399987], [31.75627769900018, -19.58583830099991], [31.7393451800001, -19.58398216699993], [31.726474530000075, -19.54239902899991], [31.714341875000116, -19.540536892999967], [31.709538006000116, -19.528637994999883], [31.703133187000162, -19.524324670999874], [31.6831727550001, -19.52232952799983], [31.679318852000165, -19.492695286999947], [31.67594094600014, -19.486611827999923], [31.67776388600015, -19.468313441999896], [31.67464797200006, -19.46141192099998], [31.649343695000084, -19.466492314999982], [31.639613968000162, -19.45750763899997], [31.621985472000176, -19.463354087999903], [31.61035879600007, -19.447054857999944], [31.59366627300011, -19.45067313899989], [31.589645389000168, -19.455876533999913], [31.583169573000077, -19.45387538499989], [31.57301386300003, -19.456891617999872], [31.54864454000011, -19.41733162999998], [31.527502139000035, -19.41183422199998], [31.52496320800003, -19.405732759999978], [31.526441161000037, -19.394678921999912], [31.52156740700019, -19.390497911999944], [31.49230412800017, -19.38516421399993], [31.489258211000163, -19.376767577999942], [31.480015472000048, -19.372664270999962], [31.46129600900008, -19.381262930999924], [31.44835436800014, -19.362424506999957], [31.443832496000084, -19.360132334999946], [31.4337697900001, -19.377480654999943], [31.42513903200006, -19.370007091999867], [31.406769557000132, -19.374293423999973], [31.396004860000176, -19.36877901099996], [31.364908729999968, -19.336921605999976], [31.33832047800007, -19.31881224199998], [31.318139457000143, -19.309383546999925], [31.311245238000026, -19.299454783999977], [31.293852729000093, -19.29109415599993], [31.28383300900009, -19.280833379999876], [31.258809716000087, -19.27292879099997], [31.241424204000054, -19.258575706999977], [31.230572510000172, -19.254760421999947], [31.21779286800006, -19.244789668999942], [31.209289110000043, -19.244402642999944], [31.203645268000116, -19.239767292999943], [31.193229563999978, -19.240696368999977], [31.188440942000113, -19.233762599999977], [31.30478838400012, -19.220491782999886], [31.29749556200011, -19.157365979999952], [31.32957364700013, -19.150149416999966], [31.318902939999987, -19.127675708999902], [31.31521802600014, -19.089149772999917], [31.339314340000044, -19.08603452499983], [31.344641187000036, -19.081314162999888], [31.36352365500005, -19.08969179399992], [31.373645366000062, -19.087156595999943], [31.37674128300017, -19.09670532299998], [31.388365957000076, -19.107261122999944], [31.393544809000105, -19.104281893999882], [31.40668044100005, -19.116024783999933], [31.425928891000126, -19.10798416299997], [31.43634658900004, -19.094616138999868], [31.441726436000124, -19.09357305799989], [31.442691411999988, -19.10147965999994], [31.453983096000115, -19.111866447999944], [31.465598773000067, -19.129069753999943], [31.468186706000097, -19.143390844999885], [31.480477363000148, -19.156394829999897], [31.483103288000052, -19.156407829999978], [31.487830150000036, -19.14756515499994], [31.502389738000147, -19.150361361999956], [31.50392369700012, -19.15698786599995], [31.511772476000033, -19.160360119999893], [31.516544343000078, -19.167476659999863], [31.524238124000078, -19.167520659999923], [31.59157717200003, -19.074601551999933], [31.598786956000083, -19.049288616999945], [31.589712198000086, -19.011310720999916]]]}}, {"type": "Feature", "properties": {"DISTRICT": "Bulawayo", "NAME": "Bulawayo", "PROVINCE": "Bulawayo", "PCODE": "ZW1021", "AREA_SQKM": 545.8, "MINING_CADASTRE": "Bulawayo Cadastre Zone (Bulawayo)"}, "geometry": {"type": "Polygon", "coordinates": [[[28.661784572000045, -20.02796455899994], [28.643576014000132, -20.06865166999995], [28.667915226000105, -20.06760616799994], [28.660446643000057, -20.088980277999894], [28.656631151000056, -20.089304324999887], [28.65747975200003, -20.100104904999966], [28.651199973000075, -20.113270635999925], [28.6765418870001, -20.11433427399993], [28.651256268000054, -20.15295051699991], [28.664464649000024, -20.166353312999888], [28.67517563900003, -20.168228305999946], [28.670326512000145, -20.17234014899998], [28.676954253000076, -20.176339476999942], [28.675629749999985, -20.181977942999936], [28.69649612700016, -20.19098995199994], [28.69678314600003, -20.202476506999915], [28.69317000300009, -20.202053002999946], [28.68456732400017, -20.220809061999944], [28.67358620900012, -20.215218573999948], [28.67233897600005, -20.219861841999887], [28.66315308100019, -20.22187338699996], [28.66507005699998, -20.23330754799997], [28.662493518000076, -20.23640338299998], [28.65055446500014, -20.22660487099995], [28.616156203000116, -20.23175494199984], [28.605319598000108, -20.22744280799992], [28.57730169500013, -20.227625336999836], [28.552622543000098, -20.221999899999958], [28.53878151100008, -20.25867166699993], [28.496475150000038, -20.23561591999993], [28.513109996000082, -20.200937734999968], [28.49994182100005, -20.18929207799988], [28.480981730999986, -20.19079524999995], [28.491440223000097, -20.17073930499987], [28.43149702200003, -20.15773621799991], [28.432514479000133, -20.161393819999944], [28.43781478799997, -20.162525289999962], [28.436913151000113, -20.167127178999976], [28.44254678900012, -20.177742346999935], [28.39775564399997, -20.170218006999903], [28.387414620000015, -20.153894543999968], [28.42813947600007, -20.153620942999964], [28.41537510900008, -20.132490813999937], [28.39667326200015, -20.13458913799991], [28.404116012000088, -20.118744735999883], [28.415139616000033, -20.11845049799996], [28.408708132000072, -20.018030029999977], [28.44583766700009, -20.040628305999974], [28.46870236000018, -20.070582100999957], [28.513024179000183, -20.059239342999945], [28.51264661500005, -20.042969947999893], [28.530764834000138, -20.03047142299988], [28.54770115900004, -20.044434727999942], [28.54693143000003, -20.04932215599996], [28.553712887000074, -20.056503774999953], [28.55415947400013, -20.044337305999875], [28.573762010000053, -20.028093939999906], [28.607239842000183, -19.96147483799996], [28.64359755200013, -20.004159333999894], [28.671169237000186, -20.016309117999867], [28.66799239000011, -20.024039309999978], [28.661784572000045, -20.02796455899994]]]}}, {"type": "Feature", "properties": {"DISTRICT": "Bulilima", "NAME": "Bulilima", "PROVINCE": "Matabeleland South", "PCODE": "ZW1602", "AREA_SQKM": 6438.9, "MINING_CADASTRE": "Bulilima Cadastre Zone (Matabeleland South)"}, "geometry": {"type": "Polygon", "coordinates": [[[27.31051028700017, -19.794242217999965], [27.33830750600015, -19.80051065999993], [27.356637982000166, -19.797172388999968], [27.362840813000105, -19.802575789999935], [27.37010560900012, -19.803992888999915], [27.385703161000094, -19.799262515999942], [27.40916851500009, -19.816067756999814], [27.423168125000075, -19.82228621099989], [27.44797845000005, -19.845984969999904], [27.461076077000087, -19.845480917999964], [27.503161896000165, -19.856010666999964], [27.516238523000084, -19.8545835459999], [27.52526027300007, -19.859695920999968], [27.538904898000112, -19.87058772599994], [27.541523838000046, -19.882549623999978], [27.548559645000182, -19.888135036999813], [27.55853836400007, -19.889903158999914], [27.564354206000075, -19.896363638999958], [27.566065193000156, -19.92677892399996], [27.5730270090001, -19.938411790999965], [27.575856947000148, -19.95413196899989], [27.590283567000085, -19.979508859999953], [27.60987603200016, -19.998063231999936], [27.644279074000053, -20.014980465999884], [27.65212787100012, -20.03203773799987], [27.661691611000094, -20.042322498999965], [27.68281102000003, -20.05063710099995], [27.68909485400019, -20.06168792199992], [27.69948657000009, -20.071205624999948], [27.709434291000093, -20.074637871999983], [27.726163829000143, -20.08665075499988], [27.731736683000122, -20.097040526999876], [27.740744429000017, -20.09878664899992], [27.74601629100016, -20.109727462999956], [27.7522041200001, -20.113422732999823], [27.758819956000025, -20.134504303999904], [27.766641729000128, -20.130408989999978], [27.780136361000075, -20.144331017999946], [27.80507165900019, -20.151377519999983], [27.812510471000166, -20.17141401099991], [27.818684299000097, -20.174889263999944], [27.830364967000037, -20.175244278999912], [27.83722676700006, -20.171073959999944], [27.8486174520001, -20.17859151099998], [27.857082213000126, -20.18026462699993], [27.86107009500006, -20.176997378999943], [27.86832990000005, -20.18659708999985], [27.880124561000116, -20.183611854999924], [27.89027327700012, -20.18820318799993], [27.8971677400001, -20.184150616999943], [27.94419305000008, -20.05888225299998], [27.992643847000124, -20.12250622499988], [28.033440982000172, -20.10262380299997], [28.09194140300019, -20.097351595999953], [28.137154910999982, -20.08609385199992], [28.14101504600012, -20.10059238899987], [28.14886583500015, -20.111537200999976], [28.154553672000134, -20.11035910699991], [28.161329484000134, -20.11487743899994], [28.166186343999982, -20.113290314999972], [28.191070645000025, -20.12254198399995], [28.190068693000114, -20.139911284999982], [28.19920543900008, -20.145715709999934], [28.222403701000133, -20.187642567999944], [28.235270585000023, -20.194030950999945], [28.23710468300004, -20.204501718999893], [28.249726003000035, -20.21461276499997], [28.25104528100013, -20.226367852999886], [28.27102719500016, -20.237112673999945], [28.276211536000062, -20.247739141999944], [28.29067468900007, -20.253992769999854], [28.306613643000105, -20.28236405699994], [28.314414358000136, -20.272569058999977], [28.331613888000163, -20.354561169999954], [28.30830660700002, -20.406023021999886], [28.27681682700012, -20.42702265899993], [28.245494326000085, -20.417584068999872], [28.222687563000193, -20.452111767999895], [28.218603634000033, -20.43314110299991], [28.204366912000182, -20.41451109499991], [28.187599266000177, -20.43992696399988], [28.14953538200001, -20.411574517999952], [28.069906178000167, -20.485169307999854], [28.051681019000057, -20.49097938599988], [28.00034348700018, -20.495274952999978], [27.976974101000167, -20.51690625699996], [27.928546303000132, -20.488247697999896], [27.86479687900004, -20.49342468599997], [27.870052935000103, -20.47733820499991], [27.866844496000112, -20.45932046599995], [27.831679212000154, -20.422784736999972], [27.82745390400015, -20.428383683999925], [27.79150529300017, -20.451990735999914], [27.774826221000183, -20.471703255999955], [27.73117785000011, -20.46569707999987], [27.727505336000036, -20.512093188999927], [27.723793392000005, -20.512765533999925], [27.695495170000015, -20.488801783999918], [27.683694502000094, -20.485068518999924], [27.675637740000184, -20.492275062999965], [27.647381551000024, -20.497619488999874], [27.62231924100007, -20.477115992999927], [27.60427275600017, -20.477912070999878], [27.577515536000135, -20.492512183999963], [27.553123221000135, -20.483756558999914], [27.47187051400016, -20.465965324999956], [27.43401461000019, -20.480717461999916], [27.377472215000125, -20.47633419799996], [27.362822620000145, -20.46669549799998], [27.289654741000106, -20.497005830999967], [27.286145820000115, -20.47985555999992], [27.29910938100005, -20.42423540999988], [27.296538370000064, -20.356899399999975], [27.304966092000143, -20.32580507299997], [27.299935209000182, -20.304641500999935], [27.30107916600008, -20.29617186799993], [27.29057244000012, -20.276023375999955], [27.29206338199998, -20.263325425999938], [27.288306479000084, -20.256020884999884], [27.285658523000052, -20.230770001999872], [27.27967568100007, -20.220864268999946], [27.273383858000045, -20.21943216899996], [27.266889033000098, -20.21144557899993], [27.265411055000015, -20.195456384999943], [27.24901548000014, -20.162305923999952], [27.24563955100018, -20.14231343199998], [27.235698803000105, -20.117737602999966], [27.22254216300007, -20.106580781999924], [27.21339540000008, -20.088139410999872], [27.193190962000074, -20.07840170299994], [27.163202812000065, -20.077216646999943], [27.147269268000116, -20.080508911999914], [27.129712759000142, -20.07393443899997], [27.099073604000182, -20.054308000999924], [27.08710191900019, -20.034561533999977], [27.078820145000122, -20.027725029999942], [27.046236047000036, -20.00945169499994], [27.015682911, -20.00717955899995], [26.988150699000187, -20.013049030999866], [26.971132180999973, -20.011797955999896], [26.916028714000163, -19.98841626299992], [26.903177066000126, -19.978920564999953], [26.87876175000008, -19.972715126999958], [26.85193549400003, -19.95918214099993], [26.826990204000026, -19.96152834599991], [26.81881142500015, -19.953363741999908], [26.81160962900009, -19.953331746999936], [26.791421188000072, -19.94318200799995], [26.760025069000164, -19.936003504999974], [26.726701016000106, -19.937735673999953], [26.702031655999974, -19.893119345999935], [26.70302162400003, -19.890064114999973], [26.73342075400012, -19.883303570999885], [26.74927527700015, -19.861790932999952], [26.75676406000008, -19.85809664599998], [26.78149135600006, -19.85546041899994], [26.805727651000097, -19.84157134499992], [26.840209662000063, -19.8316585579999], [26.861770036000166, -19.819919648999928], [26.884083403000147, -19.819375582999953], [26.923842266000065, -19.810831893999932], [26.947100611000053, -19.813867095999967], [26.965051095000092, -19.808132643999954], [26.976098782000122, -19.808232638999982], [26.981633632000182, -19.81410207499988], [26.991975343999968, -19.817355308999936], [27.046889776000057, -19.8085085809999], [27.06469827900014, -19.81427499599988], [27.075336970000137, -19.808279531999972], [27.10808103800008, -19.805441281999947], [27.1364009080001, -19.795750363999957], [27.159412582000186, -19.804489153999953], [27.176450098000146, -19.803671072999975], [27.181271964000132, -19.805680219999942], [27.1835989060001, -19.812342718999957], [27.194296609000162, -19.816745038999898], [27.22047686000019, -19.811659626999926], [27.265162607000093, -19.8229464289999], [27.271361418000026, -19.812193612999977], [27.291723830000137, -19.803483933999928], [27.297334662000026, -19.795596333999924], [27.31051028700017, -19.794242217999965]]]}}, {"type": "Feature", "properties": {"DISTRICT": "Centenary/ Muzarabani", "NAME": "Centenary/ Muzarabani", "PROVINCE": "Mashonaland Central", "PCODE": "ZW1202", "AREA_SQKM": 4266.5, "MINING_CADASTRE": "Centenary/ Muzarabani Cadastre Zone (Mashonaland Central)"}, "geometry": {"type": "Polygon", "coordinates": [[[31.143954489000123, -15.984652577999896], [31.150025322000033, -15.989865993999956], [31.158038097000144, -15.986839747999966], [31.18046947099998, -15.988690888999827], [31.184740354000155, -15.993748292999953], [31.18657130700001, -16.00467216899989], [31.207358726000052, -16.003516067999954], [31.225051234000034, -16.00711535099998], [31.238127866000184, -16.000587821999886], [31.249462553, -16.009604540999874], [31.25690634400013, -16.005973246999872], [31.263273167000136, -16.008326433999912], [31.27547582400007, -16.002132931999938], [31.2939943130001, -16.0174981589999], [31.297580213000117, -16.016413069999942], [31.298953172000097, -16.01013156599987], [31.305778981999993, -16.01291278599996], [31.308778901000153, -16.019693328999892], [31.312654792000103, -16.018019193999976], [31.316417690000094, -16.02536878199993], [31.320594573000108, -16.023687645999928], [31.328573355000174, -16.038377820999926], [31.343920930000024, -16.045795409999982], [31.344636912000112, -16.05116584099983], [31.33664513700012, -16.05742934599982], [31.338642085000117, -16.066557076999914], [31.355643613000154, -16.07379765199994], [31.371943165000175, -16.092531146999875], [31.39727246299998, -16.109067463999963], [31.40350329300003, -16.118988255999966], [31.40430827700004, -16.13555858299992], [31.413139032000174, -16.140334962999873], [31.423825730000146, -16.133289394999906], [31.434975422000036, -16.140930002999824], [31.434573436000164, -16.150250748999895], [31.424166728999978, -16.15627223499996], [31.432019513000114, -16.164558895999903], [31.445185159000005, -16.202860956999928], [31.453744925000024, -16.215774986999975], [31.455045895000183, -16.234228462999965], [31.46415364600017, -16.249819706999972], [31.431447577000085, -16.294146260999923], [31.501154685000188, -16.450414710999894], [31.499684728000148, -16.45603615899995], [31.511803398000097, -16.480221082999947], [31.49857788100013, -16.472492793999947], [31.471359837000193, -16.472291577999954], [31.461118603000102, -16.46825113499989], [31.425671499000146, -16.46897895899997], [31.402078165999967, -16.464834911999958], [31.39280903800011, -16.467737958999976], [31.373377582000103, -16.466462647999947], [31.352166059000183, -16.45223892699994], [31.28786387200006, -16.478017029999933], [31.29751139800004, -16.48451150099993], [31.299411347000103, -16.490590984999926], [31.31035904100014, -16.492956169999957], [31.31490791600004, -16.498495608999974], [31.32533862500003, -16.50088579599992], [31.33582833500003, -16.509478476999902], [31.345247071000074, -16.509881504999953], [31.349687324000172, -16.516143273999887], [31.31346453100008, -16.547646306999923], [31.324824479000142, -16.5621890299999], [31.28662081699997, -16.597075531999906], [31.289654663000192, -16.598564585999952], [31.291470616000083, -16.608962411999983], [31.297654443000056, -16.60768830899997], [31.301558335000095, -16.612445685999944], [31.31518195400014, -16.612578690999953], [31.323095734000162, -16.617455075999942], [31.316152925000097, -16.63299695799998], [31.296556184000053, -16.65019654999992], [31.311146576000056, -16.670105836999937], [31.300250607000066, -16.68043240299994], [31.280332504000057, -16.647715908999942], [31.24258437600014, -16.668192949999934], [31.246093797000185, -16.678290956999945], [31.253975852000167, -16.682870950999927], [31.25176447600012, -16.688407197999936], [31.254971223000155, -16.692253270999913], [31.262168246000158, -16.693008216999942], [31.262453466000125, -16.699843647999955], [31.266344359000072, -16.703925970999933], [31.271980199000097, -16.700247675999947], [31.27592309400012, -16.71176558999997], [31.29099366900016, -16.705404078999948], [31.289853704000052, -16.713247701999933], [31.282874902000117, -16.719944236999936], [31.28703078900014, -16.727112803999944], [31.29863446100012, -16.721200329999874], [31.298840457000097, -16.726410743999963], [31.311843094000096, -16.73003502699987], [31.31777093300002, -16.74045185199998], [31.31616297900007, -16.745118222999963], [31.324823739000067, -16.751780748999977], [31.285056956000176, -16.78834674099994], [31.271362679000163, -16.784835718999943], [31.072667249000006, -16.83911464399995], [30.976269552000133, -16.852084842999943], [30.91703820500004, -16.83474749399994], [30.86945152800007, -16.812277732999974], [30.93642063600015, -16.779150075999894], [30.957702031000167, -16.75939349899994], [30.95551608700015, -16.748253614999953], [30.96425182400003, -16.70791040799992], [30.97444953200005, -16.695160390999945], [30.979878372000144, -16.676562910999962], [30.968125692000115, -16.656278302999908], [30.95531604700011, -16.648947725999903], [30.946191299000077, -16.639398969999945], [30.882301088000133, -16.640642095999965], [30.869191453000155, -16.63708481899988], [30.83501739400009, -16.602071048999903], [30.80125934299997, -16.610343721999868], [30.84765102000017, -16.55948065399997], [30.824980650999976, -16.55185005599992], [30.831601454000065, -16.525610962999963], [30.827423569000132, -16.522619726999835], [30.826334596000038, -16.513834026999973], [30.821907721000116, -16.516241220999916], [30.81638087200014, -16.50914465799991], [30.81774982700017, -16.49486351899992], [30.803516216000105, -16.475441977999935], [30.80721610900008, -16.467069308999896], [30.80459718200001, -16.467992382999967], [30.799327327000185, -16.46230793199993], [30.801801256000147, -16.459042670999963], [30.80357520800004, -16.461848893999957], [30.806075136999993, -16.460047748999955], [30.803174217000162, -16.456574473999922], [30.80711510599997, -16.455924419999974], [30.806127132000142, -16.45173508599987], [30.808971053000164, -16.45208011299991], [30.806949107000037, -16.446744687999967], [30.809610033000126, -16.448265807999974], [30.81396390900011, -16.44262135599996], [30.804779163999967, -16.43885905999997], [30.80691510200012, -16.433741650999877], [30.80074127400019, -16.434037676999935], [30.80230822900006, -16.431078440999954], [30.794923433000122, -16.42601603999998], [30.798433334000038, -16.42400387799995], [30.792398499000114, -16.41520217799996], [30.798511326000096, -16.411583886999892], [30.794826423000075, -16.398246823999955], [30.800777253000092, -16.391305267999826], [30.79981627900014, -16.388486042999887], [30.802545203000136, -16.38824602299991], [30.80188122000004, -16.38512877399984], [30.805997104000028, -16.383105610999962], [30.803922160000127, -16.38040239599991], [30.808488033000174, -16.38091343499991], [30.806558084000073, -16.37498096199988], [30.811451948000183, -16.37685610999995], [30.818117756000163, -16.36473013899996], [30.82364960100017, -16.36268297299995], [30.82266162600007, -16.358397630999946], [30.83029041100002, -16.354752336999923], [30.83070239700004, -16.34965892999992], [30.833432321000146, -16.349418908999894], [30.831442375000165, -16.345834623999963], [30.83620524200012, -16.34604963899983], [30.83813118600017, -16.34063820599988], [30.83530326200014, -16.335503796999888], [30.841792081000108, -16.33598183299995], [30.84393201900008, -16.33115644599991], [30.83941714600013, -16.3334796339999], [30.83805718300016, -16.33105744099987], [30.847623915000156, -16.32825921299991], [30.84710292600016, -16.322009713999933], [30.85247077600019, -16.32201971299986], [30.852750765000167, -16.31526717299988], [30.854846709000014, -16.319142481999904], [30.85791562100013, -16.315377179999928], [30.870626265, -16.312916977999976], [30.877731069000106, -16.31925148099998], [30.88405689100017, -16.316506258999937], [30.882811927000034, -16.320340565999913], [30.88747679500017, -16.315274158999955], [30.894711594000057, -16.31779435699991], [30.897433515000102, -16.31168586799987], [30.901739394000117, -16.31082979799993], [30.9026073710001, -16.313945045999958], [30.90699424700017, -16.31025374999996], [30.911064134000185, -16.3113578359999], [30.90956317399997, -16.30688547899996], [30.914971023000078, -16.30914165699994], [30.913813055000162, -16.30681447199987], [30.91708796400013, -16.308617614999946], [30.919749888000126, -16.304855312999962], [30.9221268230001, -16.307455519999962], [30.918472921999978, -16.30155204899995], [30.923455783000065, -16.302738141999953], [30.92049986300009, -16.296237623999957], [30.927329671000166, -16.293393393999963], [30.929750605000095, -16.298241779999955], [30.929689606000125, -16.295014521999917], [30.937209394000035, -16.29117121199988], [30.942491247000135, -16.29215728899993], [30.944932176000066, -16.287420908999934], [30.946958122000183, -16.292765334999956], [30.959839758000044, -16.283451585999956], [30.952027976000068, -16.28250951399997], [30.95671584100012, -16.273530793999953], [30.954933887000095, -16.264954108999973], [30.96495560400018, -16.259697684999878], [30.970545449000042, -16.26087277599987], [30.971348424000098, -16.255188320999935], [30.963549642000032, -16.25493030399997], [30.963270648000048, -16.250924983999937], [30.977644242000054, -16.242909336999958], [30.97150441000008, -16.23473368499998], [30.97168040200006, -16.226919059999943], [30.981461120000176, -16.205816367999944], [30.98140511600019, -16.194411454999965], [30.999320612000133, -16.184570659999963], [31.010755285000073, -16.168417361999957], [31.016574121000133, -16.165175099999942], [31.041517424000062, -16.164045999999928], [31.06677771200009, -16.148644756999886], [31.069474632000095, -16.137876892999884], [31.075269470000137, -16.138013901999955], [31.07851938099998, -16.142788282999902], [31.083564239000168, -16.140597105999973], [31.085485182000184, -16.13130335999989], [31.104942639000114, -16.13225142899995], [31.105780618000097, -16.13807089499994], [31.116358322000053, -16.137597852999875], [31.115295350000054, -16.133046487999877], [31.11970122499997, -16.128206098999954], [31.116280315000097, -16.116251142999886], [31.139129678000188, -16.117005193999944], [31.136086761, -16.113816939999936], [31.140902626000127, -16.113101880999977], [31.137238725000145, -16.10483721999998], [31.13979665100004, -16.098188685999958], [31.134065807000127, -16.088326897999934], [31.136517736000087, -16.080939304999845], [31.132708841000124, -16.078170083999964], [31.133866805000025, -16.06813227899994], [31.13007890800003, -16.062087795999958], [31.145266477000177, -16.04609550799995], [31.138951652000173, -16.042362210999897], [31.127074988000174, -16.053296091999982], [31.12174613500008, -16.04904075299993], [31.122217120000073, -16.04396834599993], [31.138074670000094, -16.025558862999958], [31.125376025000037, -16.02866411699989], [31.112928372000113, -16.026697963999936], [31.110662434000062, -16.022140598999897], [31.116297272000168, -16.012971861999972], [31.11533429800005, -16.009795606999944], [31.103502630000094, -16.01406795399987], [31.092295942000078, -16.01157675899998], [31.08811106100012, -16.01641814899989], [31.08738607900017, -16.012160807999976], [31.087869064000074, -16.008834540999942], [31.094416882000075, -16.008664523999983], [31.098820756000123, -16.002164000999926], [31.10471059100007, -16.000885895999943], [31.10666353400012, -15.995813487999953], [31.143954489000123, -15.984652577999896]]]}}, {"type": "Feature", "properties": {"DISTRICT": "Chegutu", "NAME": "Chegutu", "PROVINCE": "Mashonaland West", "PCODE": "ZW1401", "AREA_SQKM": 5329.1, "MINING_CADASTRE": "Chegutu Cadastre Zone (Mashonaland West)"}, "geometry": {"type": "Polygon", "coordinates": [[[30.419818705000182, -17.847244570999976], [30.42775447300005, -17.832164390999935], [30.43842417100018, -17.82870811499987], [30.45693664900017, -17.828957124999874], [30.46404645199999, -17.83511260199998], [30.484738869000125, -17.833651476999876], [30.488284770000178, -17.835414612999955], [30.48528685800011, -17.841356077999933], [30.512999078999997, -17.844356296999933], [30.51691298100019, -17.867308084999934], [30.524454773000173, -17.875406712999904], [30.531248579000078, -17.86979927199991], [30.53852635900006, -17.843061182999975], [30.545090182000024, -17.85820736099987], [30.559411779000072, -17.85884440399991], [30.569949488000077, -17.87037729799988], [30.563260669000044, -17.856097186999875], [30.553250945000173, -17.845917398999973], [30.549944033000088, -17.83519456399995], [30.557486815000175, -17.82668189599991], [30.571177431000137, -17.829423102999897], [30.570588452000152, -17.836467652999943], [30.585965021000106, -17.840531961999943], [30.58419307300005, -17.844869300999903], [30.587698976000127, -17.84780752899985], [30.590889884000035, -17.843584197999974], [30.603765528000054, -17.8573222629999], [30.597807686000067, -17.837739737999925], [30.603260526000042, -17.82621083599986], [30.623488958000053, -17.83087218999998], [30.632167725000045, -17.851425788999904], [30.630780758000128, -17.83946785699993], [30.633410678000132, -17.82993611199987], [30.64804527000007, -17.837603702999957], [30.65537306200008, -17.8349524919999], [30.659420951000072, -17.841086968999946], [30.667701720000025, -17.844480228999885], [30.646478377000165, -17.86043177199997], [30.62439565200009, -17.8967149369999], [30.636147646000097, -17.911979506999955], [30.65901941900006, -17.9288336219999], [30.69940795000008, -17.892744235999942], [30.716581051000162, -17.89395272999991], [30.747590518000038, -17.864270700999896], [30.75398630100011, -17.868198036999956], [30.760408118999976, -17.865413816999876], [30.76783891600013, -17.878292816999874], [30.7374117870001, -17.904614882999965], [30.751251407000154, -17.92368936299988], [30.80153700000011, -17.94344387699988], [30.8177605300001, -17.919672017999858], [30.831251357000156, -17.920912581999914], [30.80851380000007, -17.94694495199991], [30.816553591000115, -17.981194613999946], [30.77231886000004, -18.022180823999975], [30.774657799000067, -18.032357614999853], [30.784262534000106, -18.044237533999933], [30.78327656600004, -18.050992058999952], [30.790667365000047, -18.066723277999927], [30.790413378000096, -18.077178090999894], [30.800129109000068, -18.08666382299998], [30.790221392000035, -18.093111328999896], [30.77518181700009, -18.09403840799996], [30.761405211000067, -18.105477302999873], [30.761713213000178, -18.126015897999878], [30.75366244900016, -18.142008142999885], [30.754760422000174, -18.148457642999915], [30.74655365600006, -18.154321101999926], [30.75735635500007, -18.161336640999878], [30.75741735700018, -18.167919151999968], [30.762647209000136, -18.167610125999886], [30.764579162000075, -18.172262675999946], [30.74936460200007, -18.19063410799987], [30.74886362000001, -18.19875573799993], [30.743633771000134, -18.205192239999974], [30.721835395000028, -18.220379427999944], [30.717484522000063, -18.228282041999933], [30.697904079000068, -18.23655169299991], [30.69696010800004, -18.240904029999967], [30.70115387600009, -18.2581301269999], [30.69534416400012, -18.26667577899991], [30.699022879000097, -18.267111238999973], [30.695686359000092, -18.271764918999963], [30.69916399500005, -18.28745302699997], [30.708886057000143, -18.295393023999907], [30.70915145300006, -18.306348602999947], [30.718132999000147, -18.308411990999957], [30.719693858000028, -18.314298031999954], [30.72336856700008, -18.31512423699985], [30.722856780000086, -18.322941314999866], [30.734204491000128, -18.33207318999996], [30.740341668000156, -18.332537199999877], [30.746347076000177, -18.343169715999977], [30.753743597000152, -18.341301234999833], [30.758217948000038, -18.34370092499995], [30.758541691999994, -18.35035455799988], [30.76388576800008, -18.3488527049999], [30.767016192000085, -18.360233289999883], [30.772739989000172, -18.3610826769999], [30.783301741000116, -18.37372926499995], [30.781527793000066, -18.377765577999924], [30.790532545000076, -18.39014052899995], [30.785763687000042, -18.403453559999946], [30.770887108000068, -18.4130691229999], [30.765171325000097, -18.506009484999822], [30.735442192000107, -18.55516628799984], [30.727036430000055, -18.55475225999993], [30.72189657300015, -18.55085496199996], [30.690935448000175, -18.54877181699993], [30.66317022800007, -18.539301101999968], [30.655877436000083, -18.541943308999976], [30.64481474500019, -18.535093786999937], [30.62081942100008, -18.530149417999894], [30.61224566700014, -18.535848861999966], [30.601850959000046, -18.53321666399995], [30.59909104000019, -18.537858023999945], [30.59179224400009, -18.533008653999957], [30.584384453000098, -18.533010657999966], [30.58118154600004, -18.53701996799998], [30.572114802000158, -18.535333842999876], [30.567368943000133, -18.547991820999982], [30.555649274000075, -18.547043753999958], [30.550344426000095, -18.549679959999935], [30.54182866399998, -18.54514561499991], [30.532646916000033, -18.531013530999928], [30.530216986000084, -18.53396675999994], [30.520156269000154, -18.531856602999937], [30.500174828000013, -18.52146681199997], [30.494064004000165, -18.52565313799994], [30.490459103000035, -18.52206386399996], [30.489204134000033, -18.513092172999905], [30.47612078000003, -18.521591593999972], [30.466120928000066, -18.51863845399987], [30.4641610540001, -18.512550223999938], [30.45577404900007, -18.51145978699992], [30.44646127900012, -18.503707974999884], [30.475848449000125, -18.442321519999894], [30.43228219400015, -18.437454609999918], [30.39808874200014, -18.40902641799994], [30.38070223400007, -18.422002127999974], [30.354942728000026, -18.41597438399998], [30.289564811000048, -18.413064935999955], [30.2551022400001, -18.403575837999938], [30.250730188000034, -18.39934287199992], [30.24987482400013, -18.390148814999918], [30.24411698700004, -18.391437917999895], [30.243125013000054, -18.388000652999892], [30.239976102000185, -18.38808666099993], [30.24249402800018, -18.382158201999857], [30.22854742100003, -18.381473156999903], [30.229358401000184, -18.385683481999934], [30.22035965300006, -18.382246220999946], [30.219911667000133, -18.385168446999955], [30.213521845000116, -18.380443085999957], [30.20344613200018, -18.38482542999992], [30.202816147000192, -18.379326004999882], [30.196699323000132, -18.384479406999958], [30.199488246000044, -18.388431710999953], [30.192110456000137, -18.390407867999954], [30.19094423600012, -18.34509731399993], [30.095102356000154, -18.35079312199997], [30.125651282000035, -18.309547652999925], [30.121432838000032, -18.29694293499989], [30.116077621000045, -18.29901265099994], [30.097135424000157, -18.272871943999917], [30.08675021100015, -18.28348507599992], [30.080069024000068, -18.243370116999927], [30.06518359900008, -18.258842422999976], [30.036362598000096, -18.227455268999904], [30.027361999000107, -18.23494305399987], [29.99643059800013, -18.197576136999942], [30.007675532000064, -18.18654519399996], [30.00576957900006, -18.177386483999953], [29.961978820000127, -18.1854251339999], [29.952913064000143, -18.167303733999972], [29.947025229000133, -18.166056640999898], [29.937368491000143, -18.14989939299994], [29.93410557800013, -18.142445815999963], [29.934269556000174, -18.116148773999896], [29.94059937000003, -18.105338930999892], [29.93912540400015, -18.093859039999927], [29.935239503000048, -18.07825282999994], [29.928484686000104, -18.066324906999967], [29.923916813000062, -18.064268749999883], [29.924129801000106, -18.054865018999976], [29.91919593700004, -18.04993763899995], [29.922037847000183, -18.03592154699993], [29.918760931000122, -18.023066548999907], [29.922117836000155, -18.021452421999925], [29.927953661000117, -18.005823201999874], [29.915688001999968, -17.99829562399998], [29.91911589900019, -17.98880988399992], [29.910720132000165, -17.98342146899995], [29.906127244000118, -17.957050418999927], [29.894072576000156, -17.945935560999885], [29.89901843000007, -17.935552748999953], [29.894232557000123, -17.923428806999937], [29.896794475000036, -17.9085236439999], [29.893490567000185, -17.907079533999934], [29.892197599000156, -17.901013061999947], [29.903666272000066, -17.89392350199995], [29.90295528400003, -17.883195665999892], [29.911023051000086, -17.874304967999876], [29.93778229300011, -17.865854292999927], [29.945064090000187, -17.86914254499993], [29.94858298600019, -17.861842973999956], [29.957816729000058, -17.86674134999987], [29.967473453000082, -17.85981680499998], [29.971461343000158, -17.863361078999958], [29.978211151000153, -17.860904882999932], [29.981604057000027, -17.863480081999967], [30.030945668000072, -17.86479815599995], [30.036578515000087, -17.872509753999907], [30.04225235399997, -17.870951628999876], [30.040986387000146, -17.86636527199994], [30.045416261000184, -17.86430410899993], [30.04898116200019, -17.86743335099993], [30.055278984000097, -17.866127244999973], [30.05725893200014, -17.87164567499991], [30.067901631000097, -17.869383491999884], [30.07285849300007, -17.872673745999975], [30.08328019300012, -17.861993906999885], [30.10022071400016, -17.85927368499989], [30.10189366500009, -17.856543470999952], [30.106636536000053, -17.86366302399989], [30.113718335000044, -17.86005573799997], [30.11852320000014, -17.861815872999898], [30.129855888000066, -17.872980736999978], [30.13461675000019, -17.86666324199996], [30.138440643000138, -17.86817435699993], [30.14206353900005, -17.864839094999866], [30.14867034700012, -17.85528134599997], [30.155778148000138, -17.856858464999902], [30.162321961000032, -17.852319106999914], [30.169810753000093, -17.856915461999904], [30.202316836000136, -17.854844281999874], [30.228030118000163, -17.86529908299991], [30.24221671700002, -17.862838882999938], [30.25373539700007, -17.869814420999944], [30.2595032320001, -17.866020121999952], [30.265209073000108, -17.868053276999888], [30.269109960000037, -17.863799942999947], [30.280534642000134, -17.870220437999876], [30.28749644500016, -17.868956334999893], [30.29665119000009, -17.873035647999927], [30.298503136000193, -17.870863477999876], [30.30352099600009, -17.872806626999875], [30.318190578000042, -17.86425595199995], [30.34383985800008, -17.869171321999943], [30.35170863200011, -17.86178974199987], [30.391312504000098, -17.84038305099989], [30.408950997000147, -17.822407638999948], [30.419818705000182, -17.847244570999976]], [[30.144478484000103, -18.079918798999927], [30.132645055000012, -18.086854613999947], [30.128317011000036, -18.080916007999917], [30.096396362000064, -18.10796197199994], [30.117691424999975, -18.13098353299995], [30.109331751000184, -18.139224275999936], [30.13772035100004, -18.17022452899994], [30.15500215600008, -18.15840660099991], [30.16593869100018, -18.13086368899991], [30.161963865000075, -18.11691671999995], [30.16350708500005, -18.10666090299992], [30.14580312400011, -18.106156358999954], [30.139218883000012, -18.10219461399987], [30.13900412600009, -18.09791755099991], [30.148176685000124, -18.094630315999893], [30.144478484000103, -18.079918798999927]]]}}, {"type": "Feature", "properties": {"DISTRICT": "Chegutu Urban", "NAME": "Chegutu Urban", "PROVINCE": "Mashonaland West", "PCODE": "ZW1423", "AREA_SQKM": 41.3, "MINING_CADASTRE": "Chegutu Urban Cadastre Zone (Mashonaland West)"}, "geometry": {"type": "Polygon", "coordinates": [[[30.144478484000103, -18.079918798999927], [30.148176685000124, -18.094630315999893], [30.13900412600009, -18.09791755099991], [30.139218883000012, -18.10219461399987], [30.14580312400011, -18.106156358999954], [30.16350708500005, -18.10666090299992], [30.161963865000075, -18.11691671999995], [30.16593869100018, -18.13086368899991], [30.15500215600008, -18.15840660099991], [30.13772035100004, -18.17022452899994], [30.109331751000184, -18.139224275999936], [30.117691424999975, -18.13098353299995], [30.096396362000064, -18.10796197199994], [30.128317011000036, -18.080916007999917], [30.132645055000012, -18.086854613999947], [30.144478484000103, -18.079918798999927]]]}}, {"type": "Feature", "properties": {"DISTRICT": "Chikomba", "NAME": "Chikomba", "PROVINCE": "Mashonaland East", "PCODE": "ZW1301", "AREA_SQKM": 6503.2, "MINING_CADASTRE": "Chikomba Cadastre Zone (Mashonaland East)"}, "geometry": {"type": "Polygon", "coordinates": [[[31.05463310900018, -18.460483650999947], [31.092165041000158, -18.44868172299988], [31.132759894000174, -18.450714861999927], [31.1301109850001, -18.484601477999888], [31.165608985000063, -18.49227705499993], [31.20187496799997, -18.511886550999975], [31.22116843000009, -18.530138949999923], [31.203321948000166, -18.557477063999897], [31.206619872000033, -18.592851786999972], [31.212517708000007, -18.599797318999947], [31.22882125000001, -18.607825929999933], [31.242633857000044, -18.603587597999933], [31.246547748000182, -18.606455816999926], [31.24662374900015, -18.613329345999944], [31.25458052099998, -18.607899923999923], [31.26606419600006, -18.609655054999962], [31.27190503600019, -18.620208863999835], [31.296772341000064, -18.64107145899993], [31.314629838000144, -18.64550479199994], [31.322495614000104, -18.64438070299991], [31.324408561000155, -18.647083909999935], [31.331670352000174, -18.63945031999998], [31.338254169000038, -18.64638184999984], [31.35145079600005, -18.64834899599998], [31.35415072300009, -18.656112591999943], [31.36897630499999, -18.660558927999944], [31.379795013000034, -18.693060421999974], [31.407939220000173, -18.702497134999874], [31.413088076000065, -18.70680946399989], [31.416433990000144, -18.72625495699998], [31.43165056100014, -18.731416346999936], [31.449125066000136, -18.732947456999966], [31.45902778800007, -18.73795683799989], [31.468134530000043, -18.737361788999976], [31.46704556400016, -18.745146386999977], [31.478957236000042, -18.76875319399994], [31.49565676600014, -18.77461363699996], [31.520639055999993, -18.77078733399992], [31.518972108000128, -18.78219220999995], [31.524828948000106, -18.79613227599998], [31.534041688000173, -18.799261512999976], [31.560880923000127, -18.789251734999937], [31.578323431000058, -18.795308192999983], [31.585019235000175, -18.781797153999946], [31.592744014999994, -18.77744781699988], [31.618767280000156, -18.78633248899996], [31.636152806000155, -18.83218299799995], [31.649970424000173, -18.856484854999962], [31.668852909000123, -18.90655268199987], [31.670408869000084, -18.91805156099997], [31.67956461400007, -18.92899839499995], [31.6813175690001, -18.941053316999955], [31.70177700400012, -18.98056332999988], [31.701191026000117, -18.992806265999832], [31.702748984000095, -18.999666788999946], [31.706170888000088, -19.000780872999826], [31.705255916000056, -19.007215364999922], [31.719974505000096, -19.024769699999922], [31.72023350000012, -19.030980174999968], [31.712215729000093, -19.034049411999945], [31.71201273700018, -19.03825573299997], [31.696619174000034, -19.037931713999967], [31.690781342000037, -19.043351129999962], [31.66188916200008, -19.042836100999978], [31.649597509000102, -19.03754570199993], [31.63685287200019, -19.04066894499988], [31.632404997000094, -19.03669164299987], [31.624188230000186, -19.038150756999983], [31.625843180000118, -19.030662184999983], [31.61608545300004, -19.020146385999965], [31.59577102899999, -19.017420184999878], [31.589712198000086, -19.011310720999916], [31.598784956000088, -19.049042597999858], [31.59157717200003, -19.074601551999933], [31.527179040000078, -19.164882457999965], [31.52150320300018, -19.168657747999873], [31.504980668000087, -19.15821195899997], [31.502389738000147, -19.150361361999956], [31.487830150000036, -19.14756515499994], [31.483027290000166, -19.156481835999898], [31.47952938900005, -19.155535764999968], [31.468186706000097, -19.143390844999885], [31.465598773000067, -19.129069753999943], [31.453983096000115, -19.111866447999944], [31.442691411999988, -19.10147965999994], [31.44157244000013, -19.093504051999957], [31.43634658900004, -19.094616138999868], [31.425928891000126, -19.10798416299997], [31.40799240400014, -19.11611578999998], [31.39860866800018, -19.111066408999932], [31.393544809000105, -19.104281893999882], [31.388365957000076, -19.107261122999944], [31.37674128300017, -19.09670532299998], [31.37344537200005, -19.08709559199997], [31.36352365500005, -19.08969179399992], [31.344641187000036, -19.081314162999888], [31.339314340000044, -19.08603452499983], [31.31521802600014, -19.089149772999917], [31.318902939999987, -19.127675708999902], [31.32957364700013, -19.150149416999966], [31.29749556200011, -19.157365979999952], [31.30478838400012, -19.220491782999886], [31.08213172300009, -19.244013671999937], [30.99600317800008, -19.257869765999942], [31.00013705600003, -19.24874006999994], [30.989093357000115, -19.22502027099995], [30.98950333000016, -19.195290007999972], [30.99906303700004, -19.15564298399994], [30.969491877000053, -19.1556639989999], [30.937620778000166, -19.14856247399996], [30.91999029600015, -19.18017789099997], [30.92140526200012, -19.192276810999942], [30.892378087000168, -19.192016804999923], [30.889780163000125, -19.197339211999974], [30.906972689000156, -19.222268100999884], [30.9084526580001, -19.243900745999895], [30.89390807200016, -19.244461795999882], [30.87054374400003, -19.260546029999944], [30.84596043900018, -19.25278045199991], [30.831001859000082, -19.244162803999927], [30.80886549100012, -19.249909251999952], [30.79124798100014, -19.231402853999953], [30.785560141000076, -19.229203688999974], [30.784675164000134, -19.22418530799996], [30.77454344900019, -19.21988598599995], [30.771905521000065, -19.214792599999953], [30.76468872600003, -19.214712596999902], [30.763271762000045, -19.207540051999956], [30.752192074999982, -19.203578755999843], [30.737649474000136, -19.18022098499995], [30.731450650000056, -19.18040500199993], [30.734976549000066, -19.178971890999833], [30.723420851000128, -19.132053321999933], [30.736155490000158, -19.133932458999936], [30.74509523400019, -19.129547119999927], [30.74992009900012, -19.132127313999888], [30.674679175999984, -19.020818035999923], [30.712442079000027, -18.97656063499994], [30.677119074000075, -18.963875683999902], [30.695634467000048, -18.954318291999982], [30.67866800600018, -18.932180080999956], [30.65416667300019, -18.884485441999914], [30.635557214000073, -18.907825238999976], [30.630432355000153, -18.900485679999974], [30.59531136400011, -18.92308542799998], [30.575002464000193, -18.940539394999973], [30.554794516000072, -18.929322926999873], [30.554941510000162, -18.92561064299997], [30.58137274900014, -18.90561109799995], [30.55752494100011, -18.876750186999914], [30.558212355000137, -18.819558516999905], [30.599808170000188, -18.80901968699993], [30.602523065000014, -18.76012793399991], [30.611438804999977, -18.74690891499995], [30.598426146000065, -18.699689293999825], [30.60279702100013, -18.696782067999948], [30.63037525600015, -18.72419515999991], [30.63953398000018, -18.695396942999935], [30.649087731000066, -18.732940821999932], [30.682354754000016, -18.67098304399991], [30.706651051000108, -18.64332090399995], [30.74347903200004, -18.686068172999967], [30.792757634000054, -18.682235853999885], [30.791514665000193, -18.67298414299995], [30.77429215400008, -18.676904452999906], [30.77229319900016, -18.655940841999893], [30.745998946000157, -18.660149178999973], [30.74766588900013, -18.64208078799993], [30.75436470000011, -18.643524895999974], [30.758073591000084, -18.635759296999936], [30.76648935000003, -18.630118858999936], [30.770849227000042, -18.631049927999925], [30.784832825000137, -18.620265090999965], [30.800311386000146, -18.61888997799997], [30.81086208200003, -18.608444168999938], [30.830333534000147, -18.614862652999875], [30.837957316000143, -18.609606244999895], [30.83733733100013, -18.60474187099993], [30.843963142000064, -18.602576700999975], [30.84592208300006, -18.5954861539999], [30.855734804000065, -18.594306058999962], [30.856526778000045, -18.5860524229999], [30.85929570000019, -18.588325595999947], [30.868943426000158, -18.58498733499988], [30.86969240100001, -18.578101803999914], [30.880554038000128, -18.59036762099987], [30.88856487000004, -18.584852314999978], [30.875599227000066, -18.565469827999948], [30.879401116000167, -18.55961637599995], [30.915992079000148, -18.556646128999887], [30.951954045000093, -18.524453631999904], [30.979810266000186, -18.54237399999994], [31.02528397700013, -18.537506603999873], [31.015248219, -18.45432619299993], [31.007488430000024, -18.437440892999916], [31.03823655700012, -18.43049334299991], [31.05787001200008, -18.450308863999965], [31.05463310900018, -18.460483650999947]]]}}, {"type": "Feature", "properties": {"DISTRICT": "Chimanimani", "NAME": "Chimanimani", "PROVINCE": "Manicaland", "PCODE": "ZW1102", "AREA_SQKM": 3344.6, "MINING_CADASTRE": "Chimanimani Cadastre Zone (Manicaland)"}, "geometry": {"type": "Polygon", "coordinates": [[[32.79115516100006, -19.387440992999927], [32.77794454200006, -19.408639601999937], [32.78009248600017, -19.43178635599986], [32.77633859800005, -19.456042193999963], [32.79326412, -19.47462659699994], [32.84535963600007, -19.47459458399993], [32.84048878300007, -19.511439372999916], [32.85176446800017, -19.540132539999888], [32.85855827500012, -19.54362680299994], [32.85012052799999, -19.600050066999927], [32.84572665400009, -19.604653414999973], [32.85699433500008, -19.616792328999907], [32.85357343500016, -19.628378203999944], [32.8447726870001, -19.63359559999998], [32.84653464100006, -19.653039065999963], [32.84006182600018, -19.655493251999815], [32.831265080000094, -19.666477081999915], [32.83230305100005, -19.669904339999903], [32.841083802000185, -19.67825796799997], [32.853737442000124, -19.68357336699995], [32.87665078800012, -19.67804194499996], [32.884455566000156, -19.68312732699991], [32.90439099700018, -19.678636984999912], [32.90743891000005, -19.681332186999953], [32.915201688000025, -19.675377736999963], [32.936170089000086, -19.672048481999923], [32.956700500000125, -19.655106200999853], [32.97513997300018, -19.649198751999904], [32.98606166700006, -19.679785055999957], [32.98523369200018, -19.688065680999955], [32.956128527000146, -19.71060638399996], [32.95587653500007, -19.71612679999987], [32.96735421000017, -19.728742747999945], [32.97389702400011, -19.728859755999906], [32.98375774499999, -19.74019360799997], [33.00772006300008, -19.750152352999976], [33.01453286800006, -19.74762316099998], [33.061780524000085, -19.774620184999947], [33.04727794500019, -19.809105780999914], [33.0480059300001, -19.84262229999996], [33.025275599999986, -19.955644784999947], [33.02365065300012, -19.98980634499992], [33.025420608000104, -20.016980379999893], [33.03001648000003, -20.033585621999976], [32.99847038000007, -20.02608106599996], [32.98855266400017, -20.027473171999873], [32.97534604300017, -20.037220903999923], [32.96383737300005, -20.038718017999827], [32.95587659900008, -20.03405266999988], [32.94498991199998, -20.040210132999903], [32.930933313000025, -20.038703022999982], [32.92106859600011, -20.042983344999868], [32.918470672000126, -20.049821856999927], [32.94055705000005, -20.097749436999948], [32.923467539000114, -20.098090465999974], [32.90953294000013, -20.108963280999944], [32.894209377000095, -20.106495098999858], [32.892546422000066, -20.09113795199994], [32.883536680000134, -20.092096024999876], [32.85807841200011, -20.110239385999932], [32.8521535750001, -20.080923195999958], [32.863674243000105, -20.070403406999958], [32.863678241000116, -20.0643489549999], [32.858390391000114, -20.056009331999917], [32.84853367300008, -20.05590432599996], [32.79306226300008, -20.074737745999983], [32.73816683600012, -20.088120757999945], [32.74443764900013, -20.05883256699991], [32.740424763000135, -20.056458389999932], [32.735049914000115, -20.04359142899989], [32.73045704500015, -20.041345261999936], [32.73167800800019, -20.035847849999925], [32.672105714, -20.04492754299997], [32.595889900000145, -20.075536849999935], [32.641457581, -19.999046697999916], [32.57970349200008, -19.949193040999887], [32.601302550000185, -19.91596018099989], [32.58501816800015, -19.91295167499993], [32.57251052800018, -19.92526860199996], [32.5632867920001, -19.926174671999945], [32.533937627000114, -19.915841903999876], [32.51406719700009, -19.923788504999948], [32.501604552000174, -19.919166161999954], [32.48623599100017, -19.91855611999995], [32.46857449800018, -19.928775890999873], [32.44228025600006, -19.951572606999946], [32.42351979300008, -19.956052947999922], [32.42196383900017, -19.96139834899998], [32.41579601500018, -19.960887312999887], [32.40997818200009, -19.96511563099989], [32.39266767600009, -19.96214441299992], [32.38533988300014, -19.95368778099993], [32.36361249900011, -19.9403447869999], [32.352446819000136, -19.94373304399994], [32.348193940000044, -19.94088083099996], [32.3634515010001, -19.93142411799988], [32.36705239700012, -19.92534866099993], [32.37011930300008, -19.90623522599998], [32.3917906690001, -19.854206313999953], [32.39659251100005, -19.785327134999875], [32.38970770400016, -19.772657183999968], [32.40841016900015, -19.770954049999943], [32.415470961000096, -19.748487357999977], [32.40788017500017, -19.737880560999884], [32.41032910400003, -19.735982417999935], [32.41023410300005, -19.72355648199988], [32.43144249200009, -19.69993669699994], [32.43365142400006, -19.68472054899985], [32.457427743000096, -19.672737639999923], [32.458453712000164, -19.667156218999878], [32.45492181100002, -19.662810891999982], [32.45762973100011, -19.653529190999905], [32.46543050700018, -19.64459951599997], [32.464608475000034, -19.635784782999906], [32.47413297999998, -19.623828483999887], [32.47620718900009, -19.607695727999896], [32.48349297900006, -19.600191159999895], [32.491758735000076, -19.568402756999944], [32.50151112400005, -19.55062802199984], [32.50748551000004, -19.512845871999957], [32.51369168999997, -19.506594465999967], [32.52558023100016, -19.505465751999907], [32.526646270000185, -19.49950139999993], [32.533467220000034, -19.49786156899995], [32.549022466999986, -19.497735239999884], [32.55092942300007, -19.503375633999894], [32.556339441000034, -19.50637255999993], [32.563700745000176, -19.498765745999947], [32.58012870200008, -19.499136111999974], [32.58699800400018, -19.503958962999945], [32.58792737800019, -19.508767827999918], [32.60138913600002, -19.50747194799993], [32.60996510700005, -19.50268373299997], [32.62796060799997, -19.50570522699985], [32.640201307000154, -19.50307788799995], [32.658921619000125, -19.493015467999896], [32.66525076800019, -19.480552072999956], [32.68215328500014, -19.47389256499997], [32.68328624900005, -19.458369389999973], [32.688847090000024, -19.455561175999946], [32.69035804500004, -19.44815261399998], [32.72838196000015, -19.436057689999927], [32.75110930799997, -19.41919140799996], [32.75673214600016, -19.40961968099998], [32.75236026400012, -19.38247562399988], [32.78562331500012, -19.371440780999933], [32.78738626700016, -19.38398873199992], [32.79115516100006, -19.387440992999927]]]}}, {"type": "Feature", "properties": {"DISTRICT": "Chinhoyi", "NAME": "Chinhoyi", "PROVINCE": "Mashonaland West", "PCODE": "ZW1421", "AREA_SQKM": 150.2, "MINING_CADASTRE": "Chinhoyi Cadastre Zone (Mashonaland West)"}, "geometry": {"type": "Polygon", "coordinates": [[[30.046575175000157, -17.283750747999875], [30.069939438000063, -17.357982697999944], [30.092677236000043, -17.37162294299992], [30.098709957000096, -17.357996220999894], [30.125784770000053, -17.354527108999946], [30.132556183000133, -17.347614588999875], [30.147233987000106, -17.36214912299988], [30.16078138000006, -17.354113078999944], [30.149316385000077, -17.34307945099988], [30.165681185000153, -17.32514846299989], [30.176827327000126, -17.322461355999963], [30.192852524999978, -17.30490744399998], [30.233961623000027, -17.311500693999903], [30.226504839000143, -17.323802665999835], [30.2207460030001, -17.326197856999954], [30.21578715000004, -17.339403898999876], [30.21698111900014, -17.34508234499998], [30.21369321400016, -17.34967970799994], [30.222489978000056, -17.36874720299994], [30.21638182300012, -17.373973679999835], [30.20766582100015, -17.390615392999905], [30.210408334000135, -17.396421384999883], [30.206964433000053, -17.39949362799996], [30.205013494000184, -17.40976743599998], [30.208539400000063, -17.41834410799993], [30.147891882000067, -17.416060249999873], [30.149486432000003, -17.408768440999893], [30.139277535000076, -17.39166727999998], [30.12649434700006, -17.37838923099997], [30.092170376000183, -17.393333501999905], [30.08250068300009, -17.38933196099987], [30.077143869000054, -17.400214028999926], [30.080039384000088, -17.404421527999943], [30.07598004000016, -17.410687579999887], [30.073429598000132, -17.407496422999827], [30.068311761000075, -17.409960855999884], [30.059390368000095, -17.3988581669999], [30.052974150000182, -17.396528558999876], [30.04822041200015, -17.386513833999913], [30.049684907000085, -17.380948326999942], [30.039561795000054, -17.37236691499993], [30.035729570000115, -17.35414830299993], [30.029058573000157, -17.34805579799996], [30.022889631999988, -17.350198838999916], [30.02216457600008, -17.32143359199995], [30.012719833999995, -17.310671750999973], [30.003773005000028, -17.307258745999945], [30.046575175000157, -17.283750747999875]]]}}, {"type": "Feature", "properties": {"DISTRICT": "Chipinge", "NAME": "Chipinge", "PROVINCE": "Manicaland", "PCODE": "ZW1103", "AREA_SQKM": 5220.5, "MINING_CADASTRE": "Chipinge Cadastre Zone (Manicaland)"}, "geometry": {"type": "Polygon", "coordinates": [[[32.58587714300006, -19.91293067299989], [32.601302550000185, -19.91596018099989], [32.57970349200008, -19.949193040999887], [32.641457581, -19.999046697999916], [32.595889900000145, -20.075536849999935], [32.672105714, -20.04492754299997], [32.7316360100001, -20.03584984999992], [32.73045704500015, -20.041345261999936], [32.735049914000115, -20.04359142899989], [32.740424763000135, -20.056458389999932], [32.74443764900013, -20.05883256699991], [32.73816683600012, -20.088120757999945], [32.79306226300008, -20.074737745999983], [32.84853367300008, -20.05590432599996], [32.86037433400003, -20.057405435999954], [32.863674243000105, -20.070403406999958], [32.8521535750001, -20.081011202999946], [32.85807841200011, -20.110239385999932], [32.87033406000006, -20.103820903999917], [32.86762214300012, -20.128263730999947], [32.861496319000025, -20.134800219999875], [32.87038006700004, -20.143717883999898], [32.86259029200005, -20.152700556999946], [32.86919810500012, -20.16240227999998], [32.87425996600018, -20.18725113299996], [32.84847270500018, -20.193614612999966], [32.8477897300001, -20.219700557999943], [32.85789144300003, -20.229219264999927], [32.86143834100005, -20.22598002299992], [32.87437797200016, -20.232628515999977], [32.870689081000194, -20.248936731999947], [32.86384227899998, -20.258259427999917], [32.86664920200019, -20.271909443999903], [32.872810027000185, -20.276032749999843], [32.80356002500008, -20.341864662999967], [32.80617695500007, -20.365431413999943], [32.76103926000002, -20.415249123999956], [32.66761197300008, -20.55445046499989], [32.56692586000014, -20.552874372999952], [32.52101318900014, -20.59293034799998], [32.508333554000046, -20.59914281099998], [32.507673576000116, -20.60790045899995], [32.503058708000026, -20.607131402999983], [32.49823684700016, -20.611547730999916], [32.504923658000166, -20.620729407999875], [32.49850384300004, -20.621683479999945], [32.497133883000174, -20.625137735999942], [32.50362669800012, -20.62746190599995], [32.495402934000026, -20.62965707099994], [32.49160704500014, -20.637490649999904], [32.49498694900018, -20.638221703999818], [32.49534494000005, -20.644091136999975], [32.49057707600008, -20.642222999999944], [32.490073093000035, -20.649725554999975], [32.48721617500007, -20.651278669999954], [32.48938711400001, -20.65339582599995], [32.48532023100006, -20.655031947999817], [32.48991309900015, -20.65616703099994], [32.48836114500017, -20.65992130799998], [32.493994984000096, -20.66187045099997], [32.495215950000045, -20.665456714999948], [32.49331600600004, -20.669537016999925], [32.48578222200018, -20.670525091999878], [32.492465032000155, -20.67720258299994], [32.494417983000176, -20.69945222499996], [32.50301973900008, -20.710693051999954], [32.49419299500005, -20.716985518999934], [32.502226793000034, -20.81362663799996], [32.524340185000085, -20.907040500999926], [32.48752926800017, -20.9897355789999], [32.3802253930001, -21.109594385999856], [32.38317731199999, -21.12199529199995], [32.377871465000055, -21.123269385999947], [32.3629788990001, -21.13959958399994], [32.38072439000007, -21.145953042999906], [32.39034111700005, -21.15697484599997], [32.383112326000116, -21.159521033999965], [32.38436029100012, -21.162594257999956], [32.390692109000156, -21.165348456999936], [32.39373602100011, -21.16206021599993], [32.41318646400015, -21.17381606899994], [32.39884787900013, -21.18050156099997], [32.39411001900015, -21.18886817299989], [32.397168932000056, -21.19289446599987], [32.39638395600008, -21.198618883999927], [32.400689835000094, -21.207309516999942], [32.408834602000184, -21.211650831999975], [32.41857732600016, -21.225954871999875], [32.42943701500013, -21.231672285999878], [32.42481715100013, -21.242276060999927], [32.433647900000096, -21.250325644999975], [32.47614269400003, -21.310398008999982], [32.48022858100012, -21.32724823399991], [32.45261037200004, -21.30966696199988], [32.436096846000055, -21.30494062299988], [32.41748937900013, -21.293296779999878], [32.39235909300004, -21.262500543999977], [32.37654754599998, -21.25473698299993], [32.337898656000164, -21.24607936299992], [32.313229359000104, -21.22308669399996], [32.30466160200007, -21.21019975599995], [32.30588256400006, -21.202247175999958], [32.289224037000054, -21.184348874999955], [32.28577912800006, -21.159641070999953], [32.27129152600003, -21.105470116999925], [32.26214078700008, -21.09794356899988], [32.24044741100016, -21.09754654699998], [32.23380559600014, -21.079521229999898], [32.22471185600017, -21.076978046999898], [32.21648709000016, -21.068560432999902], [32.19466471600009, -21.06425512499993], [32.186023958000135, -21.04552975699994], [32.19526668900005, -21.035500018999983], [32.19606466200008, -21.024042178999935], [32.1905408180001, -21.016375618999916], [32.164887552000096, -21.005342818999964], [32.157727754999996, -20.99777226599997], [32.152028911000116, -20.978372845999957], [32.15867771400019, -20.960829556999897], [32.1571017550001, -20.94897068699987], [32.14731003300011, -20.9400820379999], [32.14008124000003, -20.938042889999963], [32.135549365000145, -20.924636907999968], [32.156266758000186, -20.89091842399995], [32.15686173600005, -20.87757744299995], [32.183281963000184, -20.840455704999897], [32.1965865680001, -20.804318040999817], [32.210838156000136, -20.797092503999977], [32.219573900000114, -20.780966313999897], [32.209129196000106, -20.76898743499987], [32.20880120000015, -20.754223346999936], [32.212692087000164, -20.750836095999944], [32.21728894800009, -20.729670533999922], [32.22768364300009, -20.71180721299993], [32.225604698000154, -20.698561235999875], [32.22887360200008, -20.690646650999952], [32.24701207800018, -20.681849995999983], [32.25549583100002, -20.67094818899983], [32.26085066900009, -20.645752325999922], [32.2568537730001, -20.616732182999897], [32.271219356000074, -20.59985092999989], [32.28863684300018, -20.559001902999967], [32.28775185900014, -20.531930898999917], [32.28271999700013, -20.512199437999982], [32.289128806000065, -20.489641764999874], [32.28425693400004, -20.454626168999937], [32.288914781000074, -20.39706489499997], [32.29582656600002, -20.344330973999888], [32.31459800400012, -20.26900236299997], [32.31970985500004, -20.26007869599988], [32.3271636180001, -20.18754228699987], [32.3391302660001, -20.156751984999858], [32.33956923500011, -20.096030448999954], [32.34505407200015, -20.078402129999972], [32.33727628300011, -20.042172421999908], [32.34339510100011, -20.018428642999822], [32.340148188000114, -20.000561305999952], [32.3457480190001, -19.969474974999912], [32.34061015900005, -19.94857640999993], [32.348193940000044, -19.94088083099996], [32.352446819000136, -19.94373304399994], [32.36315051300005, -19.94020977699995], [32.38533988300014, -19.95368778099993], [32.394243630999995, -19.96293947199996], [32.41262210700012, -19.96477660499994], [32.41579601500018, -19.960887312999887], [32.42196383900017, -19.96139834899998], [32.42351979300008, -19.956052947999922], [32.44228025600006, -19.951572606999946], [32.46857449800018, -19.928775890999873], [32.48623599100017, -19.91855611999995], [32.501604552000174, -19.919166161999954], [32.51406719700009, -19.923788504999948], [32.533937627000114, -19.915841903999876], [32.550672152000175, -19.923637484999915], [32.56550672900005, -19.92611866699997], [32.57251052800018, -19.92526860199996], [32.58587714300006, -19.91293067299989]], [[32.597648889000084, -20.221959781999942], [32.66067309000016, -20.237728942999922], [32.65160752900016, -20.21488678299994], [32.636396035000075, -20.205749493999917], [32.63612648800006, -20.202273006999974], [32.64735677500016, -20.20324345599994], [32.639422385000046, -20.177984849999916], [32.62365104899999, -20.175593836999894], [32.61501237700003, -20.164936523999813], [32.599902811000106, -20.1688268179999], [32.61035152100004, -20.20481450099993], [32.59441797900013, -20.21063093799995], [32.597648889000084, -20.221959781999942]]]}}, {"type": "Feature", "properties": {"DISTRICT": "Chipinge Urban", "NAME": "Chipinge Urban", "PROVINCE": "Manicaland", "PCODE": "ZW1123", "AREA_SQKM": 28.6, "MINING_CADASTRE": "Chipinge Urban Cadastre Zone (Manicaland)"}, "geometry": {"type": "Polygon", "coordinates": [[[32.62365104899999, -20.175593836999894], [32.639422385000046, -20.177984849999916], [32.64735677500016, -20.20324345599994], [32.63612648800006, -20.202273006999974], [32.636396035000075, -20.205749493999917], [32.65160752900016, -20.21488678299994], [32.66061209200012, -20.237823949999893], [32.597648889000084, -20.221959781999942], [32.59441797900013, -20.21063093799995], [32.61035152100004, -20.20481450099993], [32.599902811000106, -20.1688268179999], [32.61501237700003, -20.164936523999813], [32.62365104899999, -20.175593836999894]]]}}, {"type": "Feature", "properties": {"DISTRICT": "Chiredzi", "NAME": "Chiredzi", "PROVINCE": "Masvingo", "PCODE": "ZW1802", "AREA_SQKM": 17400.4, "MINING_CADASTRE": "Chiredzi Cadastre Zone (Masvingo)"}, "geometry": {"type": "Polygon", "coordinates": [[[31.996673155000167, -20.405313600999875], [32.016446592000136, -20.413134174999925], [32.062679267000135, -20.411618046999877], [32.103236103000086, -20.406259634999913], [32.146226873000046, -20.409316848999936], [32.17462206300007, -20.420029634999878], [32.194099511000104, -20.436868878999974], [32.23791725800015, -20.444497431999935], [32.258207679000066, -20.452137991999905], [32.284375930000124, -20.45517720999993], [32.289128806000065, -20.489641764999874], [32.28272399800005, -20.517254812999965], [32.28775185900014, -20.531930898999917], [32.28880783700009, -20.558104835999927], [32.271219356000074, -20.59985092999989], [32.2568537730001, -20.616732182999897], [32.26085066900009, -20.645752325999922], [32.25601381600018, -20.66948207999991], [32.24754606300007, -20.68143996599997], [32.22774063500003, -20.692146761999936], [32.225264708000054, -20.699736322999854], [32.22768364300009, -20.71180721299993], [32.21728894800009, -20.729670533999922], [32.212692087000164, -20.750836095999944], [32.208931196000094, -20.75267823299987], [32.209129196000106, -20.76898743499987], [32.21970289600017, -20.78065729099984], [32.210838156000136, -20.797092503999977], [32.1965865680001, -20.804318040999817], [32.183281963000184, -20.840455704999897], [32.15686173600005, -20.87757744299995], [32.156266758000186, -20.89091842399995], [32.14962495300017, -20.904070391999937], [32.13982623900017, -20.91426014399991], [32.13554936600002, -20.926615052999978], [32.14008124000003, -20.938042889999963], [32.14731003300011, -20.9400820379999], [32.1571017550001, -20.94897068699987], [32.15867771400019, -20.960829556999897], [32.152028911000116, -20.978372845999957], [32.157727754999996, -20.99777226599997], [32.164887552000096, -21.005342818999964], [32.1905408180001, -21.016375618999916], [32.19606466200008, -21.024042178999935], [32.19526668900005, -21.035500018999983], [32.186023958000135, -21.04552975699994], [32.19466471600009, -21.06425512499993], [32.21648709000016, -21.068560432999902], [32.22471185600017, -21.076978046999898], [32.23380559600014, -21.079521229999898], [32.24044741100016, -21.09754654699998], [32.257734913000036, -21.096881492999955], [32.2707235420001, -21.104517046999945], [32.28577912800006, -21.159641070999953], [32.289224037000054, -21.184348874999955], [32.30588256400006, -21.202247175999958], [32.30466160200007, -21.21019975599995], [32.312443381000094, -21.22214762599998], [32.337898656000164, -21.24607936299992], [32.37654754599998, -21.25473698299993], [32.39235909300004, -21.262500543999977], [32.41748937900013, -21.293296779999878], [32.43585285300003, -21.30482561399998], [32.448078502000044, -21.30812985199998], [32.41387749000012, -21.316299455999967], [31.757800707000058, -21.993941616999905], [31.408118020000018, -22.347922021999977], [31.37628196100019, -22.379717294999978], [31.30957192000011, -22.421049258999915], [31.304623060000097, -22.414622805999954], [31.285959596000055, -22.404147071999944], [31.274273917000187, -22.372737848999975], [31.264632191000146, -22.363759216999938], [31.248757650000073, -22.361716079999894], [31.226095311000165, -22.36660743899995], [31.210928749000118, -22.363963258999945], [31.197747126000024, -22.35489762199984], [31.18559746599999, -22.33411915199997], [31.173598811000147, -22.32900179399985], [31.147810559000163, -22.328484770999978], [31.120517356000107, -22.338220476999936], [31.113327460000107, -22.337528765999878], [31.098563978000186, -22.31432279099988], [31.08609833200012, -22.301998920999836], [31.08408638300017, -22.28972204899992], [31.080200494999985, -22.28851296499988], [31.06831284300017, -22.294060365999883], [31.06112604599997, -22.28522474099998], [31.05081534500016, -22.285619774999873], [31.04958137200009, -22.27157677599996], [31.05330426100005, -22.266607420999946], [31.034297812000148, -22.266733439999882], [31.02761499600018, -22.25186638499997], [31.01611233, -22.252301421999846], [31.012545431000035, -22.24896718699995], [31.016237359000172, -22.233136103999925], [31.03184707400004, -22.235787066999876], [31.036264914000185, -22.230190568999944], [31.034497773000055, -22.224004968999907], [31.020360670000173, -22.218408479999937], [31.010935943000106, -22.227539610999884], [31.00592905200017, -22.22459408899988], [31.01329211400008, -22.20839370199991], [31.002394766000123, -22.207215497999925], [31.009757831000115, -22.19396063399995], [31.005339977000176, -22.17864390999989], [30.987668600000063, -22.174225632999878], [30.98943573500003, -22.169218239999907], [30.982956226000056, -22.161854431999927], [30.962634144000106, -22.159792575999973], [30.954682023000032, -22.155079740999895], [30.947855127000082, -22.136501058999954], [30.948059765000096, -22.12499830799993], [30.943949332000102, -22.112732506999976], [30.947876215000008, -22.107210110999972], [30.95928788100008, -22.101890723999873], [30.987817048000124, -22.089976856999897], [30.99930671500016, -22.08997485099991], [31.066117764000182, -22.06160478599992], [31.24880529400008, -21.742380769999954], [31.25699305100011, -21.72960284499993], [31.277697445000115, -21.71684191399993], [31.26188189800007, -21.70942338699996], [31.246505330000048, -21.68790084099993], [31.22975880900009, -21.679985277999947], [31.229237822000016, -21.675534956999968], [31.239716510000164, -21.65923177499991], [31.251992152000128, -21.65240127499993], [31.255189057000052, -21.64740291299995], [31.254611070000124, -21.641139460999966], [31.249133228000062, -21.64108245899996], [31.239015512000094, -21.627353471999925], [31.243863356000077, -21.59865939499997], [31.252757093000127, -21.587077552999915], [31.252002103000166, -21.56577101099998], [31.24695124600015, -21.56060463999995], [31.243215347000046, -21.548335752999947], [31.26697063400013, -21.498015095999904], [31.26745461600018, -21.491386614999897], [31.503449710000098, -21.29033689499994], [31.512238445000094, -21.266331142999945], [31.525466064000057, -21.26547707499998], [31.528547972000183, -21.260629719999883], [31.549648362000028, -21.25407923299997], [31.563330962000066, -21.24353845899992], [31.58400236500006, -21.238514083999974], [31.58279339800015, -21.235265846999937], [31.587986248000107, -21.233739733999982], [31.594317055000147, -21.212631190999957], [31.60045487800005, -21.21090706299998], [31.602655816000095, -21.21381027399991], [31.608369650000157, -21.20967296999993], [31.580971427999998, -21.188034401999914], [31.57057071700018, -21.16757291199997], [31.552169250000077, -21.17397438699993], [31.540159594999977, -21.173581363999972], [31.51471231800008, -21.153653918999908], [31.49788780000017, -21.149144596999918], [31.48142343300009, -21.15639187399995], [31.37779883800016, -21.17160638799993], [31.35444968400003, -21.177851248999957], [31.325109014000134, -21.179989474999957], [31.31314881700007, -21.17016492999994], [31.309049621000156, -21.151521582999976], [31.299706191000155, -21.139295970999967], [31.267853154000136, -21.13573787199988], [31.25908318000012, -21.14858849099994], [31.238654260000033, -21.152371951999896], [31.211561038000127, -21.149608762999947], [31.190216647, -21.140809129999923], [31.164802379000093, -21.143311325999946], [31.156304622000164, -21.1410041609999], [31.146359900000107, -21.126179081999908], [31.126389468000127, -21.114854263999916], [31.121189611000034, -21.103405428999963], [31.11026291900015, -21.09204660399996], [31.107998973000065, -21.073705261999976], [31.062430272000086, -21.05448587799998], [31.03937791400017, -21.018791273999966], [31.054238432000147, -20.922947233999878], [31.058449310000185, -20.92165213699991], [31.064856129000134, -20.92667850299995], [31.07015597400016, -20.921375110999918], [31.077466764000064, -20.920748060999927], [31.084218577000115, -20.934171042999935], [31.133452140000088, -20.892074925999907], [31.174079145000064, -20.878151269999933], [31.190239197000096, -20.8686599049999], [31.203615424000134, -20.87343074399996], [31.186623610000026, -20.88698352599988], [31.19925326600014, -20.92069299699989], [31.24398297100015, -20.901445560999946], [31.27007918400011, -20.83155340899998], [31.260624450000137, -20.82017957599993], [31.244074919000127, -20.81061487999989], [31.240403021000077, -20.80339534999996], [31.238803060000123, -20.791128446999892], [31.24321792300009, -20.770504924999955], [31.250282712000114, -20.756499889999873], [31.24950273100012, -20.749880401999917], [31.28839258400012, -20.68959793599987], [31.32796343600006, -20.663425984999947], [31.38283185300014, -20.644442557999923], [31.406791167000108, -20.647907802999953], [31.458093711000117, -20.67911508599991], [31.514933069000165, -20.65343016399987], [31.60420649600013, -20.627238191999822], [31.60205655700014, -20.625503063999872], [31.611593282000058, -20.621365753999953], [31.61420220800011, -20.624529986999903], [31.633194654000192, -20.60274236899994], [31.68788708600016, -20.602616336999972], [31.717776250000156, -20.65207798199998], [31.724636050000015, -20.643236325999965], [31.780089451000038, -20.623234825999873], [31.778486493000116, -20.615217233999942], [31.781973394000033, -20.616850352999904], [31.783194358000173, -20.61454018199987], [31.778988476000166, -20.607745680999926], [31.783407342000032, -20.59219252899993], [31.780823414999986, -20.58928731499998], [31.78229937100008, -20.586187084999892], [31.775005579000037, -20.582555819999982], [31.78970715700018, -20.582528811999964], [31.82834904200007, -20.5656305469999], [31.864736968000045, -20.4887908419999], [31.96541305700009, -20.422995923999906], [31.966756017000193, -20.41929764899993], [31.996673155000167, -20.405313600999875]], [[31.74496500600003, -21.00446172099987], [31.62468219300007, -21.02954793099991], [31.639287140000135, -21.035638245999962], [31.669342917000165, -21.059129919999975], [31.695980652000173, -21.024589280999976], [31.71091694400019, -21.02313023299996], [31.748056564000024, -21.00963292199998], [31.74496500600003, -21.00446172099987]]]}}, {"type": "Feature", "properties": {"DISTRICT": "Chiredzi Urban", "NAME": "Chiredzi Urban", "PROVINCE": "Masvingo", "PCODE": "ZW1822", "AREA_SQKM": 22.2, "MINING_CADASTRE": "Chiredzi Urban Cadastre Zone (Masvingo)"}, "geometry": {"type": "Polygon", "coordinates": [[[31.695980652000173, -21.024589280999976], [31.669342917000165, -21.059129919999975], [31.639287140000135, -21.035638245999962], [31.62468219300007, -21.02954793099991], [31.74496500600003, -21.00446172099987], [31.747832028999994, -21.011260148999952], [31.71091694400019, -21.02313023299996], [31.695980652000173, -21.024589280999976]]]}}, {"type": "Feature", "properties": {"DISTRICT": "Chirumhanzu", "NAME": "Chirumhanzu", "PROVINCE": "Midlands", "PCODE": "ZW1701", "AREA_SQKM": 4749.3, "MINING_CADASTRE": "Chirumhanzu Cadastre Zone (Midlands)"}, "geometry": {"type": "Polygon", "coordinates": [[[30.390121135000186, -18.840577399999972], [30.394239027000026, -18.854753483999957], [30.402123807000123, -18.859676856999954], [30.4080646380001, -18.858108733999927], [30.41190553299998, -18.864869249999913], [30.420876276000172, -18.86027789299993], [30.439746752000133, -18.87754220499994], [30.447616538000034, -18.892457342999876], [30.45683827700003, -18.893277399999874], [30.463530090999996, -18.89862780599998], [30.476089737000052, -18.902153068999894], [30.4908873170001, -18.900645945999884], [30.504483937000145, -18.911157742999933], [30.530284205000044, -18.909540604999904], [30.55752494100011, -18.876750186999914], [30.58137274900014, -18.90561109799995], [30.554403527000147, -18.927960822999978], [30.575002464000193, -18.940539394999973], [30.59531136400011, -18.92308542799998], [30.630432355000153, -18.900485679999974], [30.635557214000073, -18.907825238999976], [30.65416667300019, -18.884485441999914], [30.67866800600018, -18.932180080999956], [30.695634467000048, -18.954318291999982], [30.677119074000075, -18.963875683999902], [30.712442079000027, -18.97656063499994], [30.674679175999984, -19.020818035999923], [30.74992009900012, -19.132127313999888], [30.74509523400019, -19.129547119999927], [30.736155490000158, -19.133932458999936], [30.723420851000128, -19.132053321999933], [30.734976549000066, -19.178971890999833], [30.73150164900011, -19.18050200999994], [30.737649474000136, -19.18022098499995], [30.752192074999982, -19.203578755999843], [30.763271762000045, -19.207540051999956], [30.76590969199998, -19.21555165999996], [30.771905521000065, -19.214792599999953], [30.77454344900019, -19.21988598599995], [30.784675164000134, -19.22418530799996], [30.785560141000076, -19.229203688999974], [30.79124798100014, -19.231402853999953], [30.80886549100012, -19.249909251999952], [30.831001859000082, -19.244162803999927], [30.84596043900018, -19.25278045199991], [30.87054374400003, -19.260546029999944], [30.69566171000008, -19.395849492999957], [30.758368674999986, -19.402552149999963], [30.755170050000117, -19.406770384999902], [30.759999811000114, -19.41449395199993], [30.75405643800019, -19.422510207999892], [30.753402856000093, -19.437404136999874], [30.714037289000032, -19.42899689799998], [30.70934843800012, -19.456502984999872], [30.71822719000005, -19.463686523999968], [30.71895453700006, -19.530103708999945], [30.709737434000147, -19.54784205999988], [30.709205101000066, -19.553786951999882], [30.71271979700009, -19.55893294999987], [30.69777971000019, -19.56894568599995], [30.694926256000144, -19.580387298999938], [30.68719427100018, -19.58794026399994], [30.70937471400015, -19.63686778699997], [30.705472007000083, -19.65892390099998], [30.70552729100001, -19.686556877999976], [30.696486539000034, -19.69111725399995], [30.69610047800012, -19.71807521099987], [30.704705651000097, -19.74411729799988], [30.695621999000082, -19.744156719999864], [30.690203156000166, -19.748378040999967], [30.688275216000136, -19.756354642999952], [30.692803101000095, -19.779523384999834], [30.68347037000018, -19.78474078299996], [30.67883651200009, -19.802240101999928], [30.68110745200005, -19.809230625999874], [30.67761155400018, -19.81336593899988], [30.680264484000134, -19.823351688999935], [30.683066405000034, -19.824423767999917], [30.67905552300016, -19.83015420099997], [30.677785566000182, -19.841940087999888], [30.69337712900017, -19.85394198199998], [30.686476330000175, -19.86140454599996], [30.633869833000176, -19.866361946999973], [30.522016003000033, -19.83650176499998], [30.46933550900019, -19.842348234999918], [30.454822924000155, -19.83542488599994], [30.456756867000024, -19.831863616999897], [30.46758956000008, -19.835208862999934], [30.471162456000116, -19.8321966339999], [30.467298562000167, -19.825544135999962], [30.47751926400008, -19.81527535799995], [30.479964189000157, -19.806743714999982], [30.47661727800005, -19.79729400599996], [30.47816222500012, -19.78254889599998], [30.48852992000019, -19.76720073499996], [30.475753275999978, -19.7542897699999], [30.478728185000193, -19.745009069999867], [30.46651553100014, -19.74209085699988], [30.46649552600013, -19.73288316299994], [30.45349288900013, -19.721507313999894], [30.456744781999987, -19.69972366999997], [30.446960059000162, -19.696704447999934], [30.443197157000043, -19.68201634299993], [30.438597285000128, -19.67835206899997], [30.443701136000072, -19.671593556999937], [30.443565133000106, -19.661211773999923], [30.440950196000188, -19.643847464999908], [30.437817283000072, -19.640528216999883], [30.44029619700018, -19.61509029499996], [30.432531401000062, -19.589232345999903], [30.438629218000187, -19.57361216299995], [30.43445433500017, -19.571299989999943], [30.435896287000105, -19.56119022599995], [30.426104557000144, -19.54750419699991], [30.429813443000057, -19.534252191999883], [30.42817548700009, -19.529605841999967], [30.43579926700005, -19.525388518999875], [30.433985317000065, -19.522948334999967], [30.44503235400009, -19.518284024999957], [30.444533424000042, -19.51303947399998], [30.43878614300013, -19.5088232789999], [30.44007440200005, -19.50084746499988], [30.436465972000065, -19.490045735999956], [30.44158337600004, -19.47881618799994], [30.443776278000087, -19.450178644999937], [30.45053983000014, -19.44503635799998], [30.45304016900019, -19.43376939999996], [30.45107563100015, -19.429331228999956], [30.453766393000024, -19.424408648999872], [30.445418925000183, -19.415959226999917], [30.40810700800006, -19.45117691699994], [30.338093573000094, -19.49849659199998], [30.318190717000164, -19.503448549999916], [30.290595374000134, -19.471999009999934], [30.246375641000043, -19.50417502499988], [30.15777214100018, -19.474688845999935], [30.16794583900014, -19.456440457999975], [30.166906854000047, -19.434011758999873], [30.175773601000174, -19.433836740999936], [30.187110261000043, -19.407116707999876], [30.169948748000024, -19.40608463999996], [30.129719881000142, -19.390341470999942], [30.126398979000157, -19.39632792699996], [30.116479260000176, -19.39514884399989], [30.130196844000068, -19.356630912999947], [30.073681444000044, -19.348085298999877], [30.074921393000068, -19.325015546999964], [30.037120467000193, -19.32552760899995], [30.03575948600013, -19.298091525999894], [30.063874686000077, -19.295217289999925], [30.071564460000047, -19.283978430999923], [30.114789222000127, -19.26951330499992], [30.1354056240001, -19.250146818999895], [30.16626576300007, -19.273570581999877], [30.171079610000163, -19.249177723999935], [30.065144584000166, -19.20040107699998], [30.18033723500008, -19.080173843999944], [30.258806035000077, -19.11948379599994], [30.261385943000164, -19.091084627999976], [30.27041667400016, -19.07109409799989], [30.27122364200011, -19.055988944999967], [30.286617205000084, -19.056543977999866], [30.29089407900011, -19.04852236299996], [30.30528967100014, -19.048557356999936], [30.305926650000174, -19.04533911099992], [30.32093223000004, -19.052886678999926], [30.33863872900008, -19.055293851999977], [30.348847445000047, -19.064413542999944], [30.340601661000107, -19.035113310999918], [30.348084398000083, -18.95462215499998], [30.38153645000017, -18.95644827599989], [30.382562387000064, -18.901481069999818], [30.37385960300014, -18.852028286999825], [30.384915288000172, -18.848838035999904], [30.390121135000186, -18.840577399999972]]]}}, {"type": "Feature", "properties": {"DISTRICT": "Chitungwiza", "NAME": "Chitungwiza", "PROVINCE": "Harare", "PCODE": "ZW1922", "AREA_SQKM": 49.0, "MINING_CADASTRE": "Chitungwiza Cadastre Zone (Harare)"}, "geometry": {"type": "Polygon", "coordinates": [[[31.05641659400004, -17.979313916999843], [31.056825224000136, -17.98380510499993], [31.065852843000187, -17.98924585499998], [31.073585630000082, -17.999825059999978], [31.096539610000036, -18.00345413899987], [31.127109596000025, -18.019735744999934], [31.111753127000156, -18.033424185999877], [31.091183174000037, -18.033527527999922], [31.061445237000044, -18.05087760999993], [31.05949021900011, -18.045725707999964], [31.050115597000172, -18.03928129399992], [31.049802443000033, -18.03305361299988], [31.042224836000173, -18.031447173999936], [31.034038030000147, -18.02034302999988], [31.01837175600008, -18.01289749199998], [31.007122793000065, -18.014552653999885], [31.00275281000006, -18.01163792999995], [31.002630886000134, -18.005469915999925], [30.994457816000136, -18.000889567999934], [31.007200153999975, -17.997947163999925], [31.016775873000142, -18.00339145399994], [31.02063600200006, -18.002537448999874], [31.024872905000052, -17.9874826759999], [31.05641659400004, -17.979313916999843]]]}}, {"type": "Feature", "properties": {"DISTRICT": "Chivi", "NAME": "Chivi", "PROVINCE": "Masvingo", "PCODE": "ZW1803", "AREA_SQKM": 3543.0, "MINING_CADASTRE": "Chivi Cadastre Zone (Masvingo)"}, "geometry": {"type": "Polygon", "coordinates": [[[30.43923850600015, -19.98129978199995], [30.442302213000062, -19.98644444899992], [30.432628571000123, -19.994845273999942], [30.433890577000057, -20.01153670899987], [30.44028650900009, -20.01583120899994], [30.442167524000013, -20.02445317799993], [30.440001983000172, -20.033398594999937], [30.4287072300001, -20.03208876499997], [30.42374347200007, -20.039083245999848], [30.42245648500011, -20.043648301999895], [30.428837698000052, -20.048898047999955], [30.42164139100015, -20.056432879999875], [30.429735776000086, -20.068201384999895], [30.43658751300012, -20.069446944999925], [30.436640539000052, -20.07861539499993], [30.44326903300015, -20.08119445699998], [30.45811752800006, -20.100508487999946], [30.44456938999997, -20.111881455999935], [30.442881443000033, -20.118930983999917], [30.446434348000082, -20.128578702999903], [30.444984396000052, -20.138624454999956], [30.45997798500008, -20.16508842299993], [30.476994512000033, -20.18502190099997], [30.488883177000048, -20.19132036399992], [30.490186142000084, -20.195779696999978], [30.48697923700007, -20.199896005999904], [30.490407143000027, -20.20570643699989], [30.504206749000105, -20.207169537999903], [30.5142064690001, -20.214954112999976], [30.52726709600006, -20.21500410999994], [30.5390087560001, -20.208382608999898], [30.544902595000053, -20.21959844199995], [30.566919967000103, -20.222236625999926], [30.584638470000073, -20.237044720999904], [30.5935512100001, -20.227647014999945], [30.601607980000097, -20.22846507099996], [30.607857806000084, -20.23676068599997], [30.605523882000057, -20.25113375899997], [30.617463544000145, -20.255233057999874], [30.639900915000055, -20.275812578999933], [30.652988551000078, -20.292125786999918], [30.652580574000126, -20.309213058999944], [30.669296107000036, -20.32791544199989], [30.684191687000066, -20.33667108499992], [30.677632900000162, -20.37863220999992], [30.699523292000038, -20.40774636099991], [30.696671379000065, -20.415299923999896], [30.70348419400017, -20.431298107999964], [30.69816735000012, -20.438204623999923], [30.704426180000155, -20.453161730999966], [30.702805232000117, -20.46246242199993], [30.71085201300008, -20.479160655999976], [30.716926855000168, -20.505088575999878], [30.716526870000052, -20.511021015999916], [30.710120059000076, -20.519873675999975], [30.712426005999987, -20.54130226199993], [30.71050706900013, -20.553875193999886], [30.733625422000102, -20.577517931999978], [30.75058096600003, -20.62547847099995], [30.756939783000064, -20.624566399999935], [30.766823494000107, -20.614954683999883], [30.777699184000085, -20.618002902999876], [30.788438875000054, -20.616207764999956], [30.801385507000134, -20.621825172999934], [30.80797331800011, -20.620627080999952], [30.811952213000097, -20.63617722899994], [30.81078926100014, -20.659042918999944], [30.81431716899999, -20.674243039999965], [30.86218281300006, -20.70087198099992], [30.875837433000072, -20.72099545899988], [30.89380791600007, -20.71748418999988], [30.915047320000042, -20.739114774999848], [30.92144414600017, -20.755530981999925], [30.93177284600017, -20.750264587999936], [30.94522846400008, -20.75625802299993], [30.9675018370001, -20.776528505999977], [30.976389584000117, -20.77955772399997], [30.99388009500001, -20.802144378999913], [30.997770991000095, -20.814625295999974], [31.01460452100008, -20.8386290549999], [31.019675390000145, -20.86245480499997], [31.03102607800014, -20.88747963999998], [31.036583916000097, -20.88217624699996], [31.041891764000127, -20.88368335499996], [31.042032764999988, -20.892988038999874], [31.038544868000145, -20.897436367999944], [31.0434677290001, -20.900829613999974], [31.04288974700006, -20.904541887999983], [31.053396454000108, -20.918861933999892], [31.057671332000155, -20.92006902099996], [31.05870830300006, -20.92182914999995], [31.054238432000147, -20.922947233999878], [31.039261918000136, -21.018886280999936], [31.026164292000033, -21.015396031999956], [31.013618644000132, -21.000076915999955], [31.00338193400006, -20.993530440999905], [30.993054230000155, -20.99316241899993], [30.98209254900013, -20.998557819999974], [30.96451104199997, -20.97892638999997], [30.947198533000062, -20.968627642999934], [30.925642151000147, -20.966291482999907], [30.906687690000126, -20.957653858999947], [30.871105709000062, -20.951823449999893], [30.85633712599997, -20.94061063499987], [30.838759626000126, -20.932611056999917], [30.812427378000052, -20.925623557999927], [30.812587366000173, -20.914182716999903], [30.779450301999987, -20.88904188799995], [30.764451736000183, -20.89467430999997], [30.737609517000124, -20.91227461899996], [30.70995431200015, -20.91286067699997], [30.690182876000108, -20.90771030999997], [30.68976888100019, -20.896559490999948], [30.70009956600012, -20.867353336999884], [30.70841730000012, -20.825551256999915], [30.677955177000058, -20.830067605999943], [30.66852443500011, -20.81030115599998], [30.64842501000004, -20.807212939999886], [30.642667162000066, -20.78759049799993], [30.630828500000177, -20.784910306999905], [30.627816819000145, -20.7770105379999], [30.63468169000015, -20.771158876999948], [30.627457576000154, -20.753077962999896], [30.604879233000133, -20.767825062999975], [30.59343356900007, -20.779362919999926], [30.59051965000009, -20.776406703999953], [30.559729530000027, -20.77056829099996], [30.54183203299999, -20.756267246999982], [30.52174060400006, -20.748801708999963], [30.515514777000135, -20.740735116999872], [30.512733847000106, -20.72540998799991], [30.52212156200011, -20.701629227999888], [30.52335251599999, -20.685284019999926], [30.516178719000038, -20.681413737999947], [30.492518399000062, -20.684032945999945], [30.481523711000023, -20.680234671999926], [30.47882778600018, -20.67610336799993], [30.481538701000034, -20.66585060899996], [30.47877077400011, -20.656253901999946], [30.458345353000027, -20.646724209999945], [30.45060256500011, -20.632857188999935], [30.44898461200006, -20.624881750999975], [30.45380046300005, -20.61732203799994], [30.449469582000063, -20.60920944099996], [30.45055653700001, -20.58953998499993], [30.444876689000125, -20.573014764999982], [30.448101591000125, -20.565680219999933], [30.46025824100019, -20.56289900699994], [30.46095821700004, -20.55664454299989], [30.44375469100015, -20.52803043299997], [30.412324565000063, -20.49121372299993], [30.413482523000084, -20.477745722999884], [30.371742691000122, -20.438944868999897], [30.36015200700018, -20.41611217999997], [30.345203438999988, -20.42305170399993], [30.339072611000063, -20.418119341999954], [30.318323184000178, -20.38761508799996], [30.320143120000125, -20.37134787699995], [30.313843296000073, -20.364932403999887], [30.286800064000033, -20.356568798999945], [30.258035883000105, -20.352263495999978], [30.244032272000084, -20.335713273999886], [30.24360927400005, -20.32195524999986], [30.26133873499998, -20.27636584299995], [30.26714156700018, -20.271982512999898], [30.26811353200003, -20.262717821999956], [30.27479533700017, -20.256938386999934], [30.279542192000065, -20.242548311999883], [30.277780233000044, -20.22904530599982], [30.197767478000173, -20.171677073999945], [30.158545623000066, -20.206538700999943], [30.15645478000016, -20.20725698399997], [30.153551761000017, -20.200383244999898], [30.148138915000175, -20.199175157999946], [30.152317789000108, -20.19063351799997], [30.16003856700013, -20.187748297999974], [30.166708353000047, -20.15503985099997], [30.158165577000034, -20.126688737999928], [30.16829528200003, -20.118794140999967], [30.176747028000136, -20.10014074099996], [30.187454721000165, -20.09804657799998], [30.18531776900005, -20.08064227699998], [30.191673579000167, -20.0672912739999], [30.17070616799998, -20.054462326999897], [30.16681927100018, -20.043579514999976], [30.16042445400018, -20.044027551999932], [30.144024172000172, -20.033325138999942], [30.144457895000073, -20.02417107499997], [30.21981674, -20.016817476999904], [30.223801624000032, -20.012546154999825], [30.24051914400019, -20.008054807999883], [30.322097811000162, -19.99955112099991], [30.334174462000078, -19.99281360899988], [30.354811875999985, -19.997408940999946], [30.431003989000146, -19.990106283999978], [30.43152236400016, -19.985863475999906], [30.43923850600015, -19.98129978199995]]]}}, {"type": "Feature", "properties": {"DISTRICT": "Epworth", "NAME": "Epworth", "PROVINCE": "Harare", "PCODE": "ZW1923", "AREA_SQKM": 35.4, "MINING_CADASTRE": "Epworth Cadastre Zone (Harare)"}, "geometry": {"type": "Polygon", "coordinates": [[[31.19203079500005, -17.903196514999934], [31.18957767400019, -17.914888709999957], [31.17360620100004, -17.90752498699993], [31.17072753600013, -17.920604164999872], [31.16355828700017, -17.921906753999906], [31.165834327000027, -17.928132391999895], [31.13612396000019, -17.92888375399997], [31.142913904000125, -17.902181008999946], [31.1176437150001, -17.882013708999978], [31.120140736000053, -17.873643628999957], [31.13032849100017, -17.865350460999878], [31.197471577000044, -17.882684579999875], [31.203056065999988, -17.886324668999976], [31.19786883400019, -17.88973706099989], [31.198209835000057, -17.896813762999955], [31.19203079500005, -17.903196514999934]]]}}, {"type": "Feature", "properties": {"DISTRICT": "Gokwe North", "NAME": "Gokwe North", "PROVINCE": "Midlands", "PCODE": "ZW1702", "AREA_SQKM": 7268.1, "MINING_CADASTRE": "Gokwe North Cadastre Zone (Midlands)"}, "geometry": {"type": "Polygon", "coordinates": [[[28.92471620700013, -17.117070181999964], [28.93221000800014, -17.13204235899991], [28.93149703400013, -17.138882899999885], [28.937771874000077, -17.1599925619999], [28.94795059300003, -17.16552699099998], [28.956087377000188, -17.180718183999943], [28.961811234000095, -17.203529979999928], [28.977500808000116, -17.22112435699995], [28.986550557000044, -17.224897647999967], [29.01767168500004, -17.224556598999982], [29.027366422000057, -17.236245513999904], [29.044339948000072, -17.23850767999994], [29.05780357800012, -17.24828144099996], [29.066680330000054, -17.249008491999973], [29.073212164000154, -17.271362248999935], [29.105695252000146, -17.27018313399998], [29.11658595700004, -17.284354242999825], [29.12775564500015, -17.28534831299993], [29.16242868300003, -17.299524405999932], [29.208357400000125, -17.306278905999932], [29.227317862000007, -17.296814147999953], [29.233972676000178, -17.29745519399995], [29.24182346000009, -17.302965622999977], [29.25146620000004, -17.31716873499994], [29.27069167000019, -17.33087780099993], [29.27850446700012, -17.35238348799993], [29.27604554900006, -17.37071193099996], [29.280169441000055, -17.381256757999893], [29.294972033000192, -17.390496474999964], [29.31949936000018, -17.41268820299996], [29.328393113000004, -17.415859445999956], [29.33246801100006, -17.432207727999923], [29.337639870000146, -17.438524220999966], [29.353352435000147, -17.44667285099996], [29.361193225000193, -17.46053993499993], [29.38424858600007, -17.471860807999917], [29.39125639000008, -17.47245584999996], [29.4064759580001, -17.46658537899998], [29.40455002200008, -17.48014544499989], [29.39293636200017, -17.500245030999906], [29.37774479799998, -17.513448076999964], [29.36742209200014, -17.51809544899993], [29.369879029000117, -17.52705414999997], [29.36725510700012, -17.532237557999963], [29.344851750000146, -17.551982121999913], [29.333419083000024, -17.567554349999966], [29.31425262800002, -17.57665907699993], [29.320840459000067, -17.599346850999893], [29.329919204000078, -17.59930884199997], [29.34425081400019, -17.616457175999926], [29.340416929000128, -17.62576190699997], [29.342463881000185, -17.639390972999877], [29.34020394800018, -17.64463138499997], [29.347416751000026, -17.651659929999937], [29.344714832000193, -17.65850246799988], [29.335157107000157, -17.66712414899996], [29.338560020000045, -17.679519116999927], [29.346165811000105, -17.686105626999904], [29.34589482100006, -17.689548896999952], [29.333927169000162, -17.704048038999872], [29.30539590300009, -17.716362994999827], [29.30672895300006, -17.731645215999947], [29.29880018400013, -17.741652003999945], [29.300562139000135, -17.748217515999897], [29.30722495600014, -17.754036965999944], [29.319885599000088, -17.752203813999927], [29.326911403000167, -17.754770009999902], [29.32728540100004, -17.765592855999955], [29.31640071400011, -17.775580643999945], [29.297770240000148, -17.778573889999905], [29.29049545099997, -17.78669152899994], [29.291628426000045, -17.79583224299995], [29.283432690000097, -17.84110278299994], [29.265832196000133, -17.85485586799996], [29.266735180000012, -17.867405846999873], [29.26384926700007, -17.87526446199996], [29.247802736000153, -17.89918833899992], [29.236447081000165, -17.931617873999983], [29.220152553000048, -17.9491422509999], [29.211678791000054, -17.949611293999908], [29.214938703000087, -17.953836620999937], [29.211489801000027, -17.955331738999917], [29.208092895000163, -17.952724538999917], [29.205542975000014, -17.96368239399993], [29.202520057000186, -17.959902101999944], [29.19631023400001, -17.96203327199993], [29.186777495000058, -17.95263254699995], [29.18160664300018, -17.956338838999955], [29.17797474300005, -17.953866648999906], [29.16991097300007, -17.95774495699993], [29.17407485600006, -17.957799957999953], [29.174083859000177, -17.96203628799998], [29.168383017999986, -17.960514173999968], [29.16774104199999, -17.9676827319999], [29.162764176000167, -17.960120146999884], [29.159657264000145, -17.960438173999933], [29.160393247000172, -17.96562457699997], [29.154496411000082, -17.96234432599988], [29.151213508000126, -17.969471883999972], [29.153577445000053, -17.973298179999915], [29.14880258100004, -17.975423348999982], [29.145774659000153, -17.966008617999933], [29.142253757000162, -17.9646695159999], [29.143851709000046, -17.961550271999897], [29.147511607000183, -17.962199319999968], [29.146811624000065, -17.95869904799997], [29.140507803000105, -17.960402184999964], [29.140526809999983, -17.970797993999895], [29.13547094600017, -17.962015313999927], [29.126550196000153, -17.961745298999972], [29.12423726300017, -17.96416348899993], [29.126154213000177, -17.968243805999975], [29.12006737700011, -17.959555132999924], [29.108795709000105, -17.97777556099993], [29.10155590900007, -17.97350823299996], [29.103897838000137, -17.967463760999976], [29.096942034000165, -17.966851717999873], [29.097079033, -17.970314987999927], [29.092131173999974, -17.97265817399989], [29.086366333000058, -17.969611940999982], [29.07943653200016, -17.974422320999963], [29.07908753900017, -17.97008098299989], [29.073909685000046, -17.97097105599994], [29.071038769000154, -17.974737350999874], [29.073003715000027, -17.976951521999865], [29.066447902000164, -17.98013677499989], [29.06529393800008, -17.98451311699995], [29.059379104000072, -17.983401033999883], [29.054777238000156, -17.9894095059999], [29.04220959400004, -17.992365744999972], [29.038116713000022, -17.99668808399997], [29.03122590600003, -17.995933030999936], [29.028437980000092, -17.990454605999957], [29.012767423000128, -17.992552780999915], [29.010468486000093, -17.99033060999983], [29.02427009200005, -17.983885097999973], [29.034628792000035, -17.97277622499996], [29.02349210500006, -17.97315526299991], [29.031494872000053, -17.962239406999913], [29.028755947000036, -17.960007234999978], [29.012507406000054, -17.96297747799997], [29.00232270400005, -17.977115586999957], [28.998870798000098, -17.97226821199996], [28.993443951000017, -17.97282025899989], [29.002049701000146, -17.96385255399997], [28.99989075900004, -17.959673229999964], [28.992003981000096, -17.960615308999934], [28.991689988000132, -17.957791088999898], [29.006461569000123, -17.95422980099994], [29.00103171100011, -17.939820681999947], [29.01519131700013, -17.94575413399997], [29.01847522300011, -17.943558960999894], [29.01474132100003, -17.934258238999973], [28.99880976300011, -17.92673466399998], [28.996053834000065, -17.918393015999982], [29.001737671000058, -17.91510875599994], [29.011498399000118, -17.918651024999917], [29.01710423800006, -17.913658630999976], [29.016913240000065, -17.90955731199989], [29.011760383000137, -17.90780717899986], [28.998164769000027, -17.912394546999963], [28.99411587900005, -17.907000128999982], [28.983839173999968, -17.91507076599993], [28.980101287000082, -17.92472652099991], [28.981550251000044, -17.92974691099988], [28.97736736899998, -17.930511973999955], [28.976444400000105, -17.93736150899997], [28.968811617000142, -17.939734698999928], [28.972988505000046, -17.94684024999998], [28.96719766900003, -17.947723322999934], [28.968466637000006, -17.95257369999996], [28.96490574100011, -17.957348073999924], [28.964773740000112, -17.95127660199995], [28.960598855000057, -17.94836437799995], [28.958141929000192, -17.954570862999844], [28.95147211800014, -17.956069984999885], [28.954129046000048, -17.95909921899988], [28.947846221000077, -17.957852125999977], [28.950812145000157, -17.966862825999897], [28.9445263180001, -17.961338399999875], [28.93947146500011, -17.967337871999973], [28.93707052900004, -17.963705589999904], [28.94029543200014, -17.955858976999934], [28.93479158500014, -17.953399788999945], [28.931344690000117, -17.96347557699994], [28.92736580400009, -17.965433731999894], [28.934747598000115, -17.967856914999913], [28.934966597000027, -17.973928387999933], [28.929944741000043, -17.977275652999936], [28.92900277200016, -17.983366127999943], [28.918066079000027, -17.981909021999968], [28.914793179000128, -17.992051814999968], [28.903954485000042, -17.993237914999952], [28.894182750000027, -17.98050493099987], [28.879539152000063, -17.968786028999887], [28.855064830999993, -17.957505168999887], [28.84997197500013, -17.957844198999965], [28.832111464000036, -17.942558020999968], [28.796113467000055, -17.93079013199997], [28.786899709000124, -17.91001351899996], [28.766501275000053, -17.901637880999942], [28.756733542000006, -17.892041139999947], [28.752468652999994, -17.88167033499991], [28.743881891000115, -17.877768036999953], [28.741513950000183, -17.86827029799997], [28.743443892000187, -17.864101970999968], [28.73844102700002, -17.857628468999906], [28.739178998000057, -17.847793700999944], [28.730594219000068, -17.82375083099987], [28.72278943400005, -17.817870376999963], [28.72326841600011, -17.812998996999966], [28.708400838000045, -17.8178343859999], [28.70169502100009, -17.811939930999927], [28.693365240000162, -17.793381486999863], [28.700384040000074, -17.789935211999932], [28.7054768860001, -17.776653170999964], [28.681986530000188, -17.757934725999917], [28.679066599000066, -17.74310456799998], [28.683474470000192, -17.736075014999926], [28.678290600000082, -17.718241623999916], [28.692280188000097, -17.694638766999958], [28.692988162000063, -17.687727224999946], [28.686858334000192, -17.68768122599988], [28.68592335800014, -17.685143027999914], [28.68814128500003, -17.672616045999973], [28.68590434500004, -17.66903176699998], [28.664774937000118, -17.667021625999894], [28.655517193000094, -17.662329265999972], [28.589942042000132, -17.672187087999816], [28.56849665900006, -17.68968447499998], [28.547156266000115, -17.699571264999918], [28.52446292200011, -17.720976957999937], [28.500043611000137, -17.724590259999957], [28.497402675000103, -17.713091362999933], [28.502428526000017, -17.703922640999906], [28.489397883000038, -17.694279896999888], [28.48189208000008, -17.67867468099996], [28.485288981000053, -17.67401631399997], [28.45979067500008, -17.64972643199991], [28.433559423000077, -17.6632925159999], [28.40620119000016, -17.66176441799996], [28.395840488000147, -17.66986606099988], [28.361654459000192, -17.68322613499987], [28.362377463000144, -17.710625278999885], [28.357507604000148, -17.71613071299987], [28.338866130000156, -17.719319977999874], [28.336352205000082, -17.72434837399993], [28.31427882700018, -17.72662756999995], [28.304529106000018, -17.732914069999936], [28.27315598700011, -17.733431135999922], [28.260997341000063, -17.746883198999967], [28.253488587000106, -17.786303286999953], [28.25006068700003, -17.78997957699994], [28.19548123200019, -17.804636767999966], [28.18241861300004, -17.820121988999915], [28.175193819000185, -17.822605188999944], [28.140112806000047, -17.824987404999945], [28.134451960000092, -17.820267040999852], [28.125325215000146, -17.818860938999933], [28.110488633000045, -17.820433074999983], [28.09122518999999, -17.8382544829999], [28.085001359000103, -17.83194399599995], [28.08078847000013, -17.82444441299998], [28.074274623000065, -17.792218900999956], [28.0699087430001, -17.78954669599989], [28.09345105300008, -17.75796220599989], [28.097097943000165, -17.750291602999937], [28.093781030999992, -17.7443061379999], [28.10157780200001, -17.733557289999965], [28.11671237200011, -17.72717077799996], [28.143272636000177, -17.737370552999835], [28.16522199900004, -17.714409737999972], [28.171708804000048, -17.700561648999894], [28.18229250100012, -17.694642176999935], [28.18425743800003, -17.68546745699996], [28.181048522000083, -17.679425986999945], [28.19484212300017, -17.666491961999952], [28.193059170000026, -17.66284267799989], [28.196984055000144, -17.65765826899991], [28.197939990000066, -17.615833990999874], [28.208935670000187, -17.602561940999976], [28.218801373000133, -17.580278184999884], [28.216307438000115, -17.57475075399998], [28.202229835000026, -17.576518903999897], [28.209776609000073, -17.56151672099992], [28.20456374000014, -17.54425337099991], [28.20944060000005, -17.540725089999967], [28.208656609000116, -17.525857922999933], [28.216608374000145, -17.512245847999964], [28.226904078000075, -17.50403919499996], [28.222700182000096, -17.488121947999957], [28.227724024000054, -17.469330467999896], [28.251197346000026, -17.446219631999952], [28.251168340000106, -17.43905506899995], [28.24348354300008, -17.425095977999945], [28.247435413000062, -17.40355828099996], [28.250369329000137, -17.400964073999944], [28.2650019190001, -17.400954060999936], [28.279606504000128, -17.394163514999946], [28.286356320000095, -17.400335995999967], [28.297327007000035, -17.394230506999975], [28.304204820000052, -17.40046199099993], [28.31522350900019, -17.397799772999974], [28.327346173000137, -17.401462050999953], [28.334352970000168, -17.394293481999966], [28.34032480400009, -17.395601579999834], [28.35112549100012, -17.38418967299998], [28.437946047000082, -17.371073571999943], [28.458947465000165, -17.378003100999877], [28.456010541000126, -17.370361501999923], [28.465726265000058, -17.36561011999987], [28.463553331000185, -17.372004624999875], [28.47686296400019, -17.379163177999942], [28.474402038000164, -17.38426758099996], [28.499208344000067, -17.38594569399993], [28.50458720400013, -17.39883370299998], [28.507721116000084, -17.39789662699991], [28.523034699000164, -17.412999802999877], [28.529929504000165, -17.41106764599988], [28.54085420000007, -17.413383818999876], [28.544748854999966, -17.41091705899987], [28.53891224400013, -17.401735905999885], [28.55448179700005, -17.388906883999937], [28.56160758599998, -17.375418817999957], [28.590109761000065, -17.343910315999892], [28.6067322720001, -17.31601110699995], [28.629190637000136, -17.30972859499991], [28.636918415000082, -17.302523021999946], [28.631881544000123, -17.287625851999962], [28.63833034600009, -17.266792204999945], [28.657477787999994, -17.24005908399988], [28.663275623000004, -17.23688982899995], [28.661427669999966, -17.231122375999973], [28.67009041200015, -17.212519901999826], [28.671532362000107, -17.200431947999903], [28.70252950700018, -17.215961148999895], [28.703346481000096, -17.212285858999905], [28.70775935600011, -17.211232772999892], [28.709403314000042, -17.21627016899987], [28.71315120800017, -17.21356295199996], [28.71093726000015, -17.20196003799998], [28.714700150000112, -17.19571454299995], [28.72584083400011, -17.19037811399994], [28.734978567999974, -17.17838515999989], [28.743548327000042, -17.17707705099997], [28.7488861650001, -17.16180884199997], [28.752911051000012, -17.159430650999866], [28.76597968300007, -17.156615418999877], [28.77371995900012, -17.164410532999966], [28.776960914000142, -17.163653352999916], [28.779084316000137, -17.157555483999943], [28.7868891010001, -17.162504868999918], [28.791559966000136, -17.156365380999887], [28.798296780000157, -17.160349690999965], [28.80290264500013, -17.152420060999873], [28.823248071000023, -17.147571663999884], [28.832070824000027, -17.14739564399997], [28.833871776000024, -17.150686901999904], [28.851384290000055, -17.154839216999903], [28.859218069999997, -17.155182237999952], [28.864975904000175, -17.14886073499997], [28.885325338000087, -17.15387411599994], [28.90043990500004, -17.14105509299992], [28.90908366400015, -17.14191715499993], [28.91610046400001, -17.137411793999945], [28.92471620700013, -17.117070181999964]]]}}, {"type": "Feature", "properties": {"DISTRICT": "Gokwe South", "NAME": "Gokwe South", "PROVINCE": "Midlands", "PCODE": "ZW1703", "AREA_SQKM": 11124.0, "MINING_CADASTRE": "Gokwe South Cadastre Zone (Midlands)"}, "geometry": {"type": "Polygon", "coordinates": [[[28.45979067500008, -17.64972643199991], [28.485288981000053, -17.67401631399997], [28.48189208000008, -17.67867468099996], [28.489397883000038, -17.694279896999888], [28.502428526000017, -17.703922640999906], [28.497402675000103, -17.713091362999933], [28.500043611000137, -17.724590259999957], [28.52446292200011, -17.720976957999937], [28.547156266000115, -17.699571264999918], [28.56849665900006, -17.68968447499998], [28.589942042000132, -17.672187087999816], [28.645921464000082, -17.66493847699985], [28.65096632000001, -17.662056247999942], [28.664774937000118, -17.667021625999894], [28.68590434500004, -17.66903176699998], [28.688666273000138, -17.67524825199996], [28.686247350000087, -17.68611010399991], [28.693285155000012, -17.689513364999982], [28.678320599000187, -17.718029607999938], [28.683474470000192, -17.736075014999926], [28.679066599000066, -17.74310456799998], [28.681986530000188, -17.757934725999917], [28.7054768860001, -17.776653170999964], [28.700384040000074, -17.789935211999932], [28.693365240000162, -17.793381486999863], [28.70169502100009, -17.811939930999927], [28.708400838000045, -17.8178343859999], [28.72326841600011, -17.812998996999966], [28.72278943400005, -17.817870376999963], [28.730594219000068, -17.82375083099987], [28.739178998000057, -17.847793700999944], [28.73844102700002, -17.857628468999906], [28.743443892000187, -17.864101970999968], [28.741513950000183, -17.86827029799997], [28.743881891000115, -17.877768036999953], [28.752468652999994, -17.88167033499991], [28.756733542000006, -17.892041139999947], [28.766501275000053, -17.901637880999942], [28.786899709000124, -17.91001351899996], [28.796113467000055, -17.93079013199997], [28.832111464000036, -17.942558020999968], [28.84997197500013, -17.957844198999965], [28.855064830999993, -17.957505168999887], [28.879539152000063, -17.968786028999887], [28.90580843400005, -17.994091979999894], [28.91542216100015, -17.99151377199985], [28.918066079000027, -17.981909021999968], [28.92900277200016, -17.983366127999943], [28.929944741000043, -17.977275652999936], [28.934966597000027, -17.973928387999933], [28.934747598000115, -17.967856914999913], [28.92736580400009, -17.965433731999894], [28.931344690000117, -17.96347557699994], [28.93479158500014, -17.953399788999945], [28.94029543200014, -17.955858976999934], [28.93707052900004, -17.963705589999904], [28.93947146500011, -17.967337871999973], [28.9445263180001, -17.961338399999875], [28.950812145000157, -17.966862825999897], [28.947846221000077, -17.957852125999977], [28.954129046000048, -17.95909921899988], [28.95147211800014, -17.956069984999885], [28.958141929000192, -17.954570862999844], [28.960598855000057, -17.94836437799995], [28.964773740000112, -17.95127660199995], [28.96490574100011, -17.957348073999924], [28.968466637000006, -17.95257369999996], [28.96719766900003, -17.947723322999934], [28.972988505000046, -17.94684024999998], [28.968811617000142, -17.939734698999928], [28.976444400000105, -17.93736150899997], [28.97736736899998, -17.930511973999955], [28.981550251000044, -17.92974691099988], [28.980101287000082, -17.92472652099991], [28.983839173999968, -17.91507076599993], [28.99411587900005, -17.907000128999982], [28.998164769000027, -17.912394546999963], [29.011760383000137, -17.90780717899986], [29.016913240000065, -17.90955731199989], [29.01710423800006, -17.913658630999976], [29.011498399000118, -17.918651024999917], [29.001737671000058, -17.91510875599994], [28.996053834000065, -17.918393015999982], [28.99880976300011, -17.92673466399998], [29.01474132100003, -17.934258238999973], [29.01847522300011, -17.943558960999894], [29.01519131700013, -17.94575413399997], [29.00103171100011, -17.939820681999947], [29.006461569000123, -17.95422980099994], [28.991689988000132, -17.957791088999898], [28.992003981000096, -17.960615308999934], [28.99989075900004, -17.959673229999964], [29.002049701000146, -17.96385255399997], [28.993443951000017, -17.97282025899989], [28.998870798000098, -17.97226821199996], [29.00232270400005, -17.977115586999957], [29.012507406000054, -17.96297747799997], [29.028755947000036, -17.960007234999978], [29.031494872000053, -17.962239406999913], [29.02349210500006, -17.97315526299991], [29.034628792000035, -17.97277622499996], [29.02427009200005, -17.983885097999973], [29.010468486000093, -17.99033060999983], [29.012935418000097, -17.992592783999953], [29.028437980000092, -17.990454605999957], [29.03122590600003, -17.995933030999936], [29.038116713000022, -17.99668808399997], [29.04220959400004, -17.992365744999972], [29.054777238000156, -17.9894095059999], [29.059379104000072, -17.983401033999883], [29.06529393800008, -17.98451311699995], [29.066447902000164, -17.98013677499989], [29.073003715000027, -17.976951521999865], [29.071038769000154, -17.974737350999874], [29.073909685000046, -17.97097105599994], [29.07908753900017, -17.97008098299989], [29.07943653200016, -17.974422320999963], [29.086366333000058, -17.969611940999982], [29.092131173999974, -17.97265817399989], [29.097079033, -17.970314987999927], [29.096942034000165, -17.966851717999873], [29.103897838000137, -17.967463760999976], [29.10155590900007, -17.97350823299996], [29.108795709000105, -17.97777556099993], [29.12006737700011, -17.959555132999924], [29.126154213000177, -17.968243805999975], [29.12423726300017, -17.96416348899993], [29.126550196000153, -17.961745298999972], [29.13547094600017, -17.962015313999927], [29.140526809999983, -17.970797993999895], [29.140507803000105, -17.960402184999964], [29.146811624000065, -17.95869904799997], [29.147511607000183, -17.962199319999968], [29.143851709000046, -17.961550271999897], [29.142253757000162, -17.9646695159999], [29.145774659000153, -17.966008617999933], [29.14616765300019, -17.97312317099994], [29.14922256900013, -17.975425348999977], [29.153577445000053, -17.973298179999915], [29.151213508000126, -17.969471883999972], [29.154496411000082, -17.96234432599988], [29.160393247000172, -17.96562457699997], [29.159657264000145, -17.960438173999933], [29.162764176000167, -17.960120146999884], [29.16774104199999, -17.9676827319999], [29.168383017999986, -17.960514173999968], [29.174083859000177, -17.96203628799998], [29.17407485600006, -17.957799957999953], [29.16991097300007, -17.95774495699993], [29.17797474300005, -17.953866648999906], [29.18160664300018, -17.956338838999955], [29.186777495000058, -17.95263254699995], [29.19631023400001, -17.96203327199993], [29.202520057000186, -17.959902101999944], [29.205355980000093, -17.963818404999927], [29.208092895000163, -17.952724538999917], [29.211489801000027, -17.955331738999917], [29.214938703000087, -17.953836620999937], [29.212712762000024, -17.949067250999917], [29.22007444000002, -17.94918577599998], [29.22215950000009, -17.953767609999886], [29.22924730300008, -17.957002856999964], [29.226754378000123, -17.963219342999878], [29.213055769000107, -17.970724936999886], [29.217381663000083, -17.99161456099995], [29.20790293500005, -17.997575030999883], [29.204610041000137, -18.01492238399993], [29.213040815000113, -18.029832537999937], [29.213465811000106, -18.04031435299987], [29.227511452000044, -18.087600019999968], [29.244402985000136, -18.09925991399996], [29.244892979000156, -18.109009670999967], [29.252281778000167, -18.117980362999845], [29.25059783300003, -18.127500102999875], [29.27283824300008, -18.175744832999897], [29.303807385000084, -18.1948962969999], [29.31828198900007, -18.20982844499997], [29.347562169000128, -18.21713799199989], [29.347782169000084, -18.224996600999873], [29.3607948290001, -18.26041333699993], [29.376698380000107, -18.260437327999966], [29.392751924000038, -18.255454930999974], [29.412680880000153, -18.268680263999954], [29.399763748000055, -18.28509422199994], [29.402788667000095, -18.290722655999957], [29.4011407160001, -18.29345486799997], [29.39714082800009, -18.29318785099997], [29.39665284500012, -18.296951141999955], [29.390623017000166, -18.300041385999975], [29.389210062000075, -18.306587893999904], [29.37910534800011, -18.308249028999967], [29.382943247000185, -18.317626751999967], [29.379912342000125, -18.329981710999903], [29.38585718000013, -18.337239267999905], [29.385519198000054, -18.348141111999894], [29.38047834400004, -18.35318950599998], [29.389223105000156, -18.3630632629999], [29.38829713800004, -18.37299003199996], [29.39423598100018, -18.385915026999896], [29.40439470500013, -18.400997185999927], [29.40972355700012, -18.403458371999932], [29.40573367500008, -18.410404911999933], [29.412486492000028, -18.42054769099991], [29.40914359200019, -18.42773324799998], [29.414035457000068, -18.432598620999954], [29.407531646000052, -18.439941191999935], [29.415223435000087, -18.447236749999888], [29.412088534000134, -18.461626863999925], [29.414073482000106, -18.466222216999938], [29.407848665000074, -18.47553693999987], [29.401945834000117, -18.47856517799994], [29.39730697500005, -18.49266026899994], [29.38411035900009, -18.507546426999966], [29.378735525000025, -18.52597685199993], [29.379975495999986, -18.533083398999963], [29.372269715000073, -18.53501455399993], [29.367735848000166, -18.54097501599989], [29.368624829999987, -18.551025789999983], [29.36062206200006, -18.558655383999962], [29.357997149000084, -18.574743625999815], [29.34563250000008, -18.57751684799996], [29.345394514000134, -18.58667655399995], [29.327994014000126, -18.59706336599993], [29.30137776400005, -18.5949172199999], [29.286766181000132, -18.60017963599995], [29.264082820000112, -18.598015484999962], [29.233927678000157, -18.605164057999957], [29.22772385100012, -18.603121904999966], [29.202644563000035, -18.606858210999974], [29.191766868000173, -18.604562041999884], [29.129049646, -18.612923731999956], [29.09030671200003, -18.578616118999946], [29.008614021000028, -18.580470322999872], [28.941388914000015, -18.575410983999973], [28.75059236300001, -18.5706528529999], [28.680697926000107, -18.55065781499991], [28.65665238800011, -18.553671462999944], [28.64471285900015, -18.561863205999884], [28.62370215400017, -18.5574427709999], [28.61883571200019, -18.560455713999943], [28.608585716000164, -18.558845589999976], [28.594827484000064, -18.562782442999946], [28.588562535000165, -18.559015233999958], [28.581911563000176, -18.561617832999957], [28.57477255700013, -18.559555286999966], [28.57161893600005, -18.555337031999954], [28.5516341660001, -18.55974699099994], [28.48784370100003, -18.561128246999942], [28.484616795000022, -18.56478753099998], [28.47603403400018, -18.561111254999958], [28.472850127000072, -18.565466593999872], [28.46043747600004, -18.56320742999992], [28.45798754900011, -18.567735780999953], [28.451091739000105, -18.562730400999953], [28.442445985999996, -18.56642769299998], [28.438409098000136, -18.563942504999886], [28.42947635100012, -18.565717648999964], [28.407437966000145, -18.55835909999996], [28.406495995000114, -18.56068627999997], [28.395012318, -18.559858225999903], [28.38893549300019, -18.56427757199998], [28.3835476430001, -18.56149136199997], [28.368165079999983, -18.565012645999957], [28.35135055300009, -18.564312606999977], [28.342702801000087, -18.5678348859999], [28.33328006500011, -18.566311775999907], [28.329607172000067, -18.569787046999977], [28.314119602000062, -18.562975535999897], [28.289155309000137, -18.566669842999943], [28.281117533000156, -18.563978641999938], [28.27135480999999, -18.56565677999987], [28.259043153000164, -18.56081441699996], [28.24287861500011, -18.56730893199989], [28.235962807000078, -18.564094689999877], [28.221753209000155, -18.56583283699996], [28.20697961700006, -18.55717818199986], [28.197484888000076, -18.55978939199997], [28.179066399000135, -18.552113815999974], [28.16366283299999, -18.55168279599991], [28.15228816000007, -18.55807529899994], [28.142169436000017, -18.548756588999936], [28.120041056000048, -18.54498331699989], [28.111244298000145, -18.53829180899993], [28.108036390999985, -18.54135904899988], [28.100248608000186, -18.538621843999977], [28.095726740000146, -18.543326210999908], [28.086229006000167, -18.541001039999912], [28.07106744500004, -18.552857967999955], [28.0649696160001, -18.55221292399989], [28.058624789000135, -18.54695252399995], [28.042284250000023, -18.546574509999914], [28.030335590999982, -18.551400892999936], [27.9994630380001, -18.546735706999925], [27.999030443000095, -18.52121859199997], [28.00204635500006, -18.517971338999928], [27.999936393999974, -18.497778781999955], [28.00133122200009, -18.363064366999936], [28.001189889000045, -18.35022511099993], [27.99876128000011, -18.348935275999963], [27.997499206000157, -18.23720961899994], [28.001954212000157, -18.223228743999982], [28.027266695000094, -18.205617365999956], [28.059861098, -18.202398831999915], [28.09011509700008, -18.206791144999897], [28.098059835000186, -18.20522523199992], [28.109894834000045, -18.189951153999914], [28.10191748700015, -18.18619560099995], [28.0509794030001, -18.18039866299995], [28.054087645000095, -18.1682166409999], [28.04688497300009, -18.160652870999968], [28.04920712800009, -18.14999581199993], [28.069807774000026, -18.137717361999876], [28.068837304, -18.10883086499996], [28.071989523000127, -18.104251475999888], [28.06781685600015, -18.071581054999967], [28.070922425000163, -18.05939878399994], [28.05021776600006, -18.052669556999945], [28.03756432900019, -18.063382446999924], [28.030397882999978, -18.06113983599994], [28.025558614999966, -18.049000362999948], [28.017563188000054, -18.040679002999923], [28.008278691000044, -18.01814458299998], [28.012703549000037, -17.999526129999936], [28.043250653000143, -17.960359050999955], [28.049863448000053, -17.940517498999952], [28.0685359200001, -17.93655117299994], [28.065907986000127, -17.928454543999976], [28.06934987300008, -17.910716157999957], [28.07961356600009, -17.891210626999964], [28.076828627000168, -17.87244216499994], [28.086388344, -17.85757399599993], [28.09149918200012, -17.837642434999964], [28.110488633000045, -17.820433074999983], [28.13186003200002, -17.81974200199994], [28.140112806000047, -17.824987404999945], [28.175193819000185, -17.822605188999944], [28.18241861300004, -17.820121988999915], [28.19548123200019, -17.804636767999966], [28.25006068700003, -17.78997957699994], [28.253488587000106, -17.786303286999953], [28.260997341000063, -17.746883198999967], [28.27315598700011, -17.733431135999922], [28.304529106000018, -17.732914069999936], [28.31427882700018, -17.72662756999995], [28.336352205000082, -17.72434837399993], [28.338866130000156, -17.719319977999874], [28.357507604000148, -17.71613071299987], [28.362377463000144, -17.710625278999885], [28.361654459000192, -17.68322613499987], [28.371124188000067, -17.677772699999935], [28.395840488000147, -17.66986606099988], [28.406771174000028, -17.66161240599996], [28.433559423000077, -17.6632925159999], [28.45979067500008, -17.64972643199991]], [[28.91471771500011, -18.201365944999907], [28.914738861000103, -18.22782695099994], [28.923148215000083, -18.23653357899991], [28.94274622000006, -18.238322068999935], [28.960042687000055, -18.230328853999936], [28.967775885000094, -18.232622466999885], [28.976950620000082, -18.22554191099988], [28.977098613000123, -18.221633607999877], [28.963584091000143, -18.21599331999994], [28.964604136000105, -18.211305508999942], [28.94172670800009, -18.206861138999955], [28.9407608840001, -18.210193454999967], [28.91471771500011, -18.201365944999907]]]}}, {"type": "Feature", "properties": {"DISTRICT": "Gokwe South Urban", "NAME": "Gokwe South Urban", "PROVINCE": "Midlands", "PCODE": "ZW1729", "AREA_SQKM": 19.0, "MINING_CADASTRE": "Gokwe South Urban Cadastre Zone (Midlands)"}, "geometry": {"type": "Polygon", "coordinates": [[[28.940648483000132, -18.21002543799989], [28.94172670800009, -18.206861138999955], [28.964604136000105, -18.211305508999942], [28.963584091000143, -18.21599331999994], [28.977098613000123, -18.221633607999877], [28.976950620000082, -18.22554191099988], [28.967775885000094, -18.232622466999885], [28.960042687000055, -18.230328853999936], [28.94274622000006, -18.238322068999935], [28.931692869000074, -18.23920277899998], [28.917269122000107, -18.23235095699988], [28.91297677300014, -18.219963335999978], [28.91471771500011, -18.201365944999907], [28.940648483000132, -18.21002543799989]]]}}, {"type": "Feature", "properties": {"DISTRICT": "Goromonzi", "NAME": "Goromonzi", "PROVINCE": "Mashonaland East", "PCODE": "ZW1302", "AREA_SQKM": 2520.3, "MINING_CADASTRE": "Goromonzi Cadastre Zone (Mashonaland East)"}, "geometry": {"type": "Polygon", "coordinates": [[[31.610231993000127, -17.441342086999953], [31.613221915000054, -17.45807439899994], [31.60559513400011, -17.468518220999954], [31.60816006600004, -17.479799105999916], [31.60440317800004, -17.49700245699995], [31.58368777000004, -17.520075273999964], [31.580155873000137, -17.529592020999928], [31.58505773700017, -17.535164455999904], [31.57642898300014, -17.542346021999947], [31.570091168000033, -17.55982239399998], [31.546989829000097, -17.586649503999922], [31.548911776000182, -17.590494804999935], [31.545215882000093, -17.59581122299994], [31.548242801000185, -17.604810925999914], [31.539526054000078, -17.626124597999933], [31.54060002900019, -17.63903660799997], [31.537814111000102, -17.648135320999927], [31.541037026000026, -17.663355510999963], [31.53401822600017, -17.666788781999912], [31.52906536900008, -17.67689457499995], [31.52553046900016, -17.677196598999956], [31.520861609000065, -17.699006306999934], [31.52449751200004, -17.71373445699993], [31.516350752000108, -17.73916744699983], [31.520577640000056, -17.757486876999906], [31.516335762000097, -17.76293430399994], [31.51929568100013, -17.76944481099997], [31.532830303000026, -17.778120483999885], [31.530014388000154, -17.79181555399998], [31.53762717500007, -17.79654692099996], [31.540797095000187, -17.818896663999965], [31.53824516900005, -17.8252431599999], [31.547080926000035, -17.84096638299991], [31.544060014000024, -17.84813294299994], [31.545654978000186, -17.86912457899996], [31.557521657000166, -17.905148382999982], [31.555755712000177, -17.916652278999948], [31.559259625000095, -17.94680762699994], [31.54849693300008, -17.958103509999944], [31.532055400000104, -17.96533107899984], [31.51220296000014, -17.965593105999915], [31.511355985000137, -17.96907437799996], [31.504476178999994, -17.96739324899994], [31.499397325000075, -17.975675895999927], [31.503086225000118, -17.984972617999972], [31.52067473000011, -17.98822486399996], [31.527638535000165, -17.992584200999943], [31.512591964000137, -18.002898008999978], [31.509098066999968, -18.013657846999934], [31.489402617000167, -17.998512675999848], [31.481517849000056, -18.023231601999953], [31.463187375000075, -18.043239163999942], [31.479003938000176, -18.064919842999927], [31.442746975999967, -18.09939453499993], [31.422615545999975, -18.10441093199995], [31.4077969760001, -18.131968076999897], [31.39975053800015, -18.127543367999976], [31.384560881000027, -18.14092359199998], [31.39861366500014, -18.148842029999912], [31.393307397, -18.15835513099995], [31.384427646999995, -18.1575270699999], [31.37165800500003, -18.14973446999994], [31.363222243000166, -18.150839558999905], [31.353344520000064, -18.144890101999977], [31.34216582900018, -18.131019029999948], [31.32678126400009, -18.131331059999923], [31.30693582100008, -18.124334524999938], [31.291210258000035, -18.108203278999838], [31.28039556500005, -18.112069583999983], [31.270033854000076, -18.10294787999993], [31.259936139000104, -18.103632936999873], [31.25822918500006, -18.099466613999937], [31.24562553800007, -18.09243907399997], [31.23193692300015, -18.08924683099997], [31.226997059000155, -18.08255331299995], [31.22489311400011, -18.071674468999902], [31.229253985000014, -18.05836443299995], [31.22009623400004, -18.038954927999953], [31.216940324000007, -18.039395963999937], [31.209125540000002, -18.03121633099994], [31.20647061200009, -18.02358673899994], [31.196478894999984, -18.02622694799993], [31.196680887000184, -18.021165554999982], [31.187438145000158, -18.015979154999968], [31.1825282800001, -18.00747549599987], [31.17797440900017, -18.00886060499994], [31.171868579000147, -18.004439263999927], [31.165021774000024, -18.00736149399995], [31.157041997000135, -18.002070085999947], [31.156658005000168, -17.995824599999935], [31.122276973000112, -17.992837382999937], [31.11177928000012, -17.987999439999953], [31.127337497000156, -17.96284794799982], [31.141631845000177, -17.95901633799997], [31.133946202999994, -17.950508393999883], [31.137322620000077, -17.94979662199995], [31.13501910500014, -17.94704579599994], [31.13612396000019, -17.92888375399997], [31.165834327000027, -17.928132391999895], [31.16355828700017, -17.921906753999906], [31.17072753600013, -17.920604164999872], [31.17360620100004, -17.90752498699993], [31.18957767400019, -17.914888709999957], [31.19119428500011, -17.910105121999834], [31.209837479000043, -17.91670639699987], [31.21179819100007, -17.913454264999928], [31.221522299000185, -17.91708265999995], [31.219122944000162, -17.920234500999925], [31.22384279800002, -17.923070085999882], [31.239363381000032, -17.916143221999903], [31.242919598000185, -17.899420749999877], [31.25197092200017, -17.897182414999975], [31.26355898899999, -17.91242450599998], [31.26758441600009, -17.909442451999894], [31.258622710000054, -17.899145672999964], [31.26258037600013, -17.8942266169999], [31.25198585700008, -17.891346750999958], [31.25839553800006, -17.881933348999894], [31.261586691000048, -17.862818337999897], [31.25501217200008, -17.86244836399993], [31.25578369300007, -17.854563682999924], [31.220316971000102, -17.85051640099988], [31.215054577000046, -17.82047483199989], [31.203241718000072, -17.81995040199996], [31.209656485000153, -17.812568444999954], [31.192102325000064, -17.804996176999964], [31.21183441900007, -17.79259658299992], [31.201218399000084, -17.774920320999968], [31.196041681000054, -17.752424414999894], [31.202080901000045, -17.74246567199998], [31.20149088200003, -17.729648829999974], [31.2098126570001, -17.726472127999955], [31.205443371000115, -17.711933588999955], [31.20040765200008, -17.712059858999964], [31.197285870000087, -17.71858027999997], [31.181210914000133, -17.696199883999952], [31.172547203000192, -17.699566362999974], [31.16377351700004, -17.696037763999982], [31.159915908000187, -17.70410170299988], [31.157222822999984, -17.70373178299991], [31.154369357000178, -17.7014645779999], [31.159094338000045, -17.696511018999956], [31.151575923000166, -17.693338337999876], [31.146974570000168, -17.6862290869999], [31.143886888000168, -17.68930208199987], [31.14826424100005, -17.700717784999938], [31.13786787300012, -17.697689785999955], [31.13881996500004, -17.69252863099996], [31.122113119000062, -17.691335729999935], [31.116154194000046, -17.693863782999927], [31.118855925000048, -17.680893047999916], [31.115384016999997, -17.66781202699991], [31.088807764000137, -17.665558861999955], [31.084409895000135, -17.680147004999924], [31.07883805200015, -17.68033202199996], [31.07392919299997, -17.686972542999968], [31.052250782000158, -17.641304978999926], [31.067612346000033, -17.63445743699998], [31.051783782000086, -17.61284275099996], [31.05843059600005, -17.616286017999983], [31.063870702000088, -17.543916530999923], [31.114799976000086, -17.542748231999894], [31.120832798000094, -17.5249738359999], [31.116100928000094, -17.518567335999876], [31.108829132000096, -17.516860204999944], [31.112395030000073, -17.512685875999978], [31.108453138000073, -17.50617936699996], [31.125446654000086, -17.4924052799999], [31.124891665999996, -17.4843716499999], [31.11858684200007, -17.482202481999934], [31.11970980899997, -17.478618199999914], [31.11620390700017, -17.477092081999956], [31.119215819000146, -17.47009953199995], [31.125069654000185, -17.46869141899998], [31.126392615000157, -17.465330153999957], [31.134562385000038, -17.46520814099989], [31.145651067000188, -17.45235412799991], [31.138185274000193, -17.444826539999895], [31.227836765000177, -17.473683768999933], [31.23860137700018, -17.47060471599991], [31.269249602000002, -17.47997024499989], [31.275533425000106, -17.478292110999973], [31.292310956000165, -17.485801693999917], [31.30679054900014, -17.486471740999946], [31.30025774700016, -17.520339399999955], [31.287750114000062, -17.554779104999966], [31.285934173000044, -17.572694509999906], [31.28347624200012, -17.573155546999885], [31.28415122500013, -17.577664899999945], [31.276783439000155, -17.592069030999937], [31.28518821300014, -17.617711035999946], [31.279857374000187, -17.64361906599987], [31.29035207800007, -17.641430890999914], [31.308602565000115, -17.643403037999974], [31.335243800000057, -17.60832828199989], [31.37452270199998, -17.628756865999947], [31.45862830700014, -17.562542647999976], [31.469481010000038, -17.58284623499992], [31.47557283400016, -17.571610351999936], [31.47265291400015, -17.565834900999903], [31.473863877000042, -17.5588553529999], [31.505906958000025, -17.51784812699998], [31.505412969000076, -17.50856439899985], [31.51311274400007, -17.489725917999976], [31.526009379000186, -17.48247334499996], [31.527661328000192, -17.47210252999986], [31.531220227000006, -17.46833623299989], [31.56335232100014, -17.46447591899988], [31.56399730100003, -17.460830632999887], [31.569612143000086, -17.458629457999905], [31.582545779000156, -17.460002560999953], [31.586260671000048, -17.451573897999936], [31.590107564000107, -17.454364115999965], [31.59635238800007, -17.452953002999948], [31.610231993000127, -17.441342086999953]]]}}, {"type": "Feature", "properties": {"DISTRICT": "Guruve", "NAME": "Guruve", "PROVINCE": "Mashonaland Central", "PCODE": "ZW1203", "AREA_SQKM": 2994.3, "MINING_CADASTRE": "Guruve Cadastre Zone (Mashonaland Central)"}, "geometry": {"type": "Polygon", "coordinates": [[[30.43374249400017, -16.351578263999954], [30.442102260000127, -16.350330159999885], [30.469666492000158, -16.356133609999915], [30.494562794000046, -16.351359216999924], [30.506904454000164, -16.36065595399998], [30.52788886799999, -16.36120498799994], [30.548301301000095, -16.36944963699989], [30.56958970600016, -16.369926664999923], [30.59404902700004, -16.378321323999955], [30.623192211999992, -16.37728922799994], [30.627160105000144, -16.38616693499995], [30.639896751000038, -16.391114323999943], [30.646949559000063, -16.40046906699996], [30.659361210000043, -16.396566749999977], [30.715528638000023, -16.394029522999972], [30.75001467800007, -16.402924216999907], [30.77194407000013, -16.41293800699998], [30.792226503999984, -16.416585288999954], [30.798433334000038, -16.42400387799995], [30.795343422000144, -16.42679110199998], [30.80230822900006, -16.431078440999954], [30.79991729700015, -16.433268615999907], [30.80681210400013, -16.433644642999923], [30.804779163999967, -16.43885905999997], [30.81396390900011, -16.44262135599996], [30.809610033000126, -16.448265807999974], [30.806949107000037, -16.446744687999967], [30.808971053000164, -16.45208011299991], [30.806127132000142, -16.45173508599987], [30.80711510599997, -16.455924419999974], [30.803174217000162, -16.456574473999922], [30.806075136999993, -16.460047748999955], [30.80357520800004, -16.461848893999957], [30.801801256000147, -16.459042670999963], [30.799327327000185, -16.46230793199993], [30.80459718200001, -16.467992382999967], [30.80721610900008, -16.467069308999896], [30.803516216000105, -16.475441977999935], [30.81774982700017, -16.49486351899992], [30.81638087200014, -16.50914465799991], [30.821907721000116, -16.516241220999916], [30.826334596000038, -16.513834026999973], [30.827423569000132, -16.522619726999835], [30.831547455000134, -16.525339941999903], [30.824980650999976, -16.55185005599992], [30.84765102000017, -16.55948065399997], [30.80125934299997, -16.610343721999868], [30.83501739400009, -16.602071048999903], [30.869191453000155, -16.63708481899988], [30.882301088000133, -16.640642095999965], [30.946191299000077, -16.639398969999945], [30.95531604700011, -16.648947725999903], [30.968125692000115, -16.656278302999908], [30.979878372000144, -16.676562910999962], [30.97444953200005, -16.695160390999945], [30.96425182400003, -16.70791040799992], [30.95551608700015, -16.748253614999953], [30.957702031000167, -16.75939349899994], [30.93642063600015, -16.779150075999894], [30.86945152800007, -16.812277732999974], [30.863262709000026, -16.8293780919999], [30.860198811000032, -16.86249971899997], [30.84060537000005, -16.88337938199993], [30.837977451000143, -16.898532582999962], [30.80832029000004, -16.91489489199995], [30.790542804000154, -16.946798425999873], [30.782938028000103, -16.969413218999932], [30.769043428000145, -16.988658747999978], [30.760716674000037, -17.01440578799992], [30.760640690000116, -17.04347608599994], [30.73907830400003, -17.061293503999934], [30.692113616000142, -17.05081269799996], [30.66930526300007, -17.06316368399996], [30.663021425000068, -17.036174553999956], [30.64059106000002, -17.048090506999927], [30.636534164000125, -17.02743187599998], [30.633450249000134, -17.02509369199987], [30.619010656000057, -17.029797070999905], [30.598360236000133, -17.03126619699998], [30.58081873399999, -17.042496092999954], [30.576917847999994, -17.051811830999952], [30.547953662000168, -17.053015939999852], [30.544675752000046, -17.050287725999965], [30.54216180800006, -17.02164046299987], [30.536839952000037, -17.013016783999944], [30.540358848000096, -17.001768892999905], [30.53689894300004, -16.998005596999917], [30.542046792999997, -16.98822181999998], [30.550748548000115, -16.986266660999945], [30.55236150100012, -16.98150928399997], [30.548684599000183, -16.97266958599988], [30.529571132000115, -16.966465104999884], [30.533884008000086, -16.96136969899993], [30.527553185000045, -16.95951355599982], [30.526951193000116, -16.942743227999927], [30.520830367000144, -16.937085994999904], [30.52211032800011, -16.93169656799995], [30.51876241700012, -16.92222181999989], [30.523445283000115, -16.91809448999993], [30.525274215000138, -16.88453583199987], [30.517969412000127, -16.870412715999976], [30.523084266000183, -16.865434318999917], [30.520307341000034, -16.860113898999884], [30.52410123100003, -16.85326035399993], [30.521334305000096, -16.847066864999874], [30.509771627000134, -16.8415164299999], [30.510139613000035, -16.83448887299994], [30.503117148000115, -16.833694367999897], [30.505721010000116, -16.8312489409999], [30.503744773999983, -16.81711440099997], [30.497615083000085, -16.815261500999952], [30.49712424200004, -16.805771058999937], [30.48914755400017, -16.80227383299996], [30.484464308999975, -16.791447471999902], [30.506407682000088, -16.76715053399994], [30.510181571000146, -16.756866714999944], [30.5216102440001, -16.74397368699988], [30.518446328000152, -16.735381005999898], [30.527918060000104, -16.73000157399997], [30.525513124999975, -16.72512018799995], [30.51823232800001, -16.723793085999887], [30.519163298000137, -16.71493638199985], [30.510326535000047, -16.695883872999957], [30.514585409000176, -16.681808751999938], [30.51002553000012, -16.68077645699998], [30.501770764000128, -16.685258816999863], [30.49753287800013, -16.67584907099996], [30.471658600000126, -16.671984775999874], [30.455767040000126, -16.66358411599998], [30.44793525900002, -16.663618122999935], [30.4396534870001, -16.65620053699996], [30.422205975000168, -16.655242468999973], [30.41373920700005, -16.64537368899994], [30.4066444070001, -16.648981978999814], [30.40274951500004, -16.64711283299988], [30.399390608000033, -16.644633636999913], [30.39945960300014, -16.638005109999938], [30.394736733000173, -16.63449283299991], [30.396787674000166, -16.630737532999888], [30.39475272599998, -16.622965915999885], [30.37828317900005, -16.608495772999902], [30.372524333000115, -16.5945076619999], [30.377783175000047, -16.57376000799991], [30.385936942000114, -16.56473028499994], [30.38025909600003, -16.555140524999956], [30.387839879000126, -16.54661084199995], [30.388335856000026, -16.529782500999886], [30.3954256560001, -16.52627421799997], [30.397418596000136, -16.516758458999902], [30.40688632900003, -16.513767215999962], [30.403783403000148, -16.489219260999903], [30.40844126800016, -16.479441478999945], [30.407786281000085, -16.46932267299991], [30.41363811299999, -16.46146004299993], [30.416030040000123, -16.45049016699994], [30.406289306000076, -16.437946170999965], [30.418501961000118, -16.431750670999975], [30.417957973000057, -16.425604180999926], [30.423447819000046, -16.42316098299989], [30.427498700000115, -16.41322818899988], [30.433319535000066, -16.40814878099991], [30.43817139200013, -16.39382763499998], [30.430670597000073, -16.384968931999936], [30.42762267500018, -16.37145785399997], [30.41746795000006, -16.355103552999935], [30.42160883200006, -16.350887214999943], [30.418768910000097, -16.34661287499989], [30.419754878000106, -16.339112274999934], [30.42825364100014, -16.33907226799994], [30.43374249400017, -16.351578263999954]]]}}, {"type": "Feature", "properties": {"DISTRICT": "Gutu", "NAME": "Gutu", "PROVINCE": "Masvingo", "PCODE": "ZW1804", "AREA_SQKM": 7053.6, "MINING_CADASTRE": "Gutu Cadastre Zone (Masvingo)"}, "geometry": {"type": "Polygon", "coordinates": [[[30.937620778000166, -19.14856247399996], [30.969491877000053, -19.1556639989999], [30.99906303700004, -19.15564298399994], [30.98950333000016, -19.195290007999972], [30.989093357000115, -19.22502027099995], [31.00013705600003, -19.24874006999994], [30.99600317800008, -19.257869765999942], [31.08213172300009, -19.244013671999937], [31.18850340900019, -19.233831404999876], [31.193229563999978, -19.240696368999977], [31.203645268000116, -19.239767292999943], [31.209289110000043, -19.244402642999944], [31.21779286800006, -19.244789668999942], [31.230572510000172, -19.254760421999947], [31.241424204000054, -19.258575706999977], [31.258809716000087, -19.27292879099997], [31.28383300900009, -19.280833379999876], [31.293852729000093, -19.29109415599993], [31.311245238000026, -19.299454783999977], [31.318139457000143, -19.309383546999925], [31.33832047800007, -19.31881224199998], [31.364908729999968, -19.336921605999976], [31.396004860000176, -19.36877901099996], [31.406769557000132, -19.374293423999973], [31.42513903200006, -19.370007091999867], [31.4337697900001, -19.377480654999943], [31.443832496000084, -19.360132334999946], [31.44835436800014, -19.362424506999957], [31.46129600900008, -19.381262930999924], [31.480015472000048, -19.372664270999962], [31.489258211000163, -19.376767577999942], [31.49230412800017, -19.38516421399993], [31.52156740700019, -19.390497911999944], [31.526441161000037, -19.394678921999912], [31.52496320800003, -19.405732759999978], [31.527502139000035, -19.41183422199998], [31.54864454000011, -19.41733162999998], [31.57301386300003, -19.456891617999872], [31.583169573000077, -19.45387538499989], [31.589645389000168, -19.455876533999913], [31.59366627300011, -19.45067313899989], [31.61035879600007, -19.447054857999944], [31.621985472000176, -19.463354087999903], [31.639613968000162, -19.45750763899997], [31.649343695000084, -19.466492314999982], [31.67464797200006, -19.46141192099998], [31.67776388600015, -19.468313441999896], [31.67594094600014, -19.486611827999923], [31.679318852000165, -19.492695286999947], [31.6831727550001, -19.52232952799983], [31.703133187000162, -19.524324670999874], [31.709538006000116, -19.528637994999883], [31.714341875000116, -19.540536892999967], [31.726474530000075, -19.54239902899991], [31.7393451800001, -19.58398216699993], [31.75627769900018, -19.58583830099991], [31.77013830300018, -19.58369413399987], [31.774723175000133, -19.59012361799995], [31.79097371300014, -19.593959901999938], [31.795507589000124, -19.6050957409999], [31.82549374000007, -19.620305877999954], [31.827707680999993, -19.63035663599993], [31.82351381000001, -19.65519251199987], [31.832943542000066, -19.656947640999874], [31.835306478000177, -19.664919240999893], [31.842979260000163, -19.667934465999963], [31.84348925000006, -19.678517262999947], [31.85891181200003, -19.68381065699998], [31.877019303000168, -19.701993020999964], [31.899376670000038, -19.711848755999938], [31.92667991200011, -19.76795397099994], [31.967405762, -19.799059297999918], [31.972669619999976, -19.821372973999928], [31.92722891900013, -19.82598333599998], [31.902245634000053, -19.832258815999978], [31.88662607900011, -19.830292673999963], [31.86289575800015, -19.83369593799989], [31.853153037000027, -19.83814427599998], [31.831654652000168, -19.840131432999897], [31.81307918500005, -19.84762200199998], [31.79532568899998, -19.841335535999974], [31.769461427000124, -19.84214160599987], [31.72205877700003, -19.83436503999991], [31.71592695200013, -19.836156175999974], [31.690157686000134, -19.832602918999953], [31.680599965000056, -19.845960926999965], [31.667480340000168, -19.847307032999936], [31.667180351000127, -19.85420655099989], [31.662765480000132, -19.860134998999968], [31.656465660000038, -19.861070070999972], [31.62927342800009, -19.843993798999918], [31.621210668000174, -19.86493437499996], [31.582313782000085, -19.87427409199995], [31.57857889200011, -19.881701650999958], [31.55327561600012, -19.88673203899998], [31.53964399800003, -19.870860852999954], [31.518239614000095, -19.88246073299996], [31.51352374700008, -19.87982253699994], [31.505626976000087, -19.886596047999944], [31.493240195999988, -19.88354881799995], [31.481288555000106, -19.89944867099996], [31.48122652400002, -19.90594997099987], [31.46428365700018, -19.90197989899997], [31.44928106500015, -19.906439217999946], [31.442299785000046, -19.91746939799998], [31.43343902099997, -19.913949452999816], [31.429566510000143, -19.922513937999952], [31.413888107000048, -19.928309226999943], [31.40004482600017, -19.937746312999934], [31.384675814000047, -19.937989648999917], [31.3697118770001, -19.9332416069999], [31.359210316000144, -19.92438046399991], [31.30804178400018, -19.958768793999923], [31.29938055300005, -19.949428421999926], [31.218092707000096, -19.97394213499996], [31.212622666000186, -19.99344914699998], [31.207967770000153, -19.996808855999973], [31.204154453000058, -20.008204872999954], [31.20169485700012, -20.026875179999934], [31.194884929000125, -20.032754308999927], [31.152272120000077, -20.002876924999953], [31.111301286000185, -19.99652146799997], [31.099386622000054, -19.989165922999973], [31.06188769400012, -19.992004152999982], [31.032225528000083, -19.968054372999973], [30.98687182700013, -19.975786974999835], [30.983964808000053, -19.971080240999925], [30.9870245460001, -19.96685142299998], [30.985651694000182, -19.956603252999912], [31.02712217300018, -19.93319264099995], [31.025152889000083, -19.92236945899998], [30.968537136000066, -19.931679558999974], [30.95541614900003, -19.87799674499996], [30.957208214000048, -19.855368972999884], [30.95081665200007, -19.848285189999956], [30.952158137000083, -19.81587743199998], [30.96160506500013, -19.801088328999924], [30.97121658700013, -19.77315571899993], [30.994539902000156, -19.7585212809999], [31.002084968000077, -19.747213400999897], [30.98912063100005, -19.737203045999877], [30.97977887700017, -19.700085253999873], [30.96539328400013, -19.69433682799996], [30.958996462000073, -19.68621621799997], [30.939481022000052, -19.694399844999907], [30.853882139000177, -19.71501350799997], [30.822869682000032, -19.70435518299996], [30.821350594000137, -19.717090825999946], [30.809047196000165, -19.730545107999944], [30.808050882000146, -19.73776017199998], [30.799883891000036, -19.74403697299988], [30.796145835000004, -19.78735410999991], [30.770854423000117, -19.765359151999917], [30.774906933000068, -19.79686873099996], [30.781778961000043, -19.819485755999892], [30.75654663400013, -19.82512196999994], [30.74052939900014, -19.81429198899997], [30.73436897700003, -19.805286527999954], [30.737189416000092, -19.79639490099993], [30.734088455999995, -19.793379796999943], [30.74635514400012, -19.783332169999937], [30.749748682000074, -19.765519980999898], [30.755236990000128, -19.758361913999977], [30.7601809520001, -19.75799875599995], [30.76612381200016, -19.718111492999924], [30.704705651000097, -19.74411729799988], [30.69610047800012, -19.71807521099987], [30.696486539000034, -19.69111725399995], [30.70552729100001, -19.686556877999976], [30.705472007000083, -19.65892390099998], [30.70937471400015, -19.63686778699997], [30.68719427100018, -19.58794026399994], [30.694926256000144, -19.580387298999938], [30.69777971000019, -19.56894568599995], [30.71271979700009, -19.55893294999987], [30.709205101000066, -19.553786951999882], [30.709737434000147, -19.54784205999988], [30.71895453700006, -19.530103708999945], [30.71822719000005, -19.463686523999968], [30.70934843800012, -19.456502984999872], [30.714037289000032, -19.42899689799998], [30.753402856000093, -19.437404136999874], [30.75405643800019, -19.422510207999892], [30.759999811000114, -19.41449395199993], [30.755170050000117, -19.406770384999902], [30.758368674999986, -19.402552149999963], [30.69566171000008, -19.395849492999957], [30.88760225300007, -19.247945063999964], [30.89390807200016, -19.244461795999882], [30.9084526580001, -19.243900745999895], [30.906972689000156, -19.222268100999884], [30.889780163000125, -19.197339211999974], [30.892378087000168, -19.192016804999923], [30.92140526200012, -19.192276810999942], [30.91999029600015, -19.18017789099997], [30.937620778000166, -19.14856247399996]]]}}, {"type": "Feature", "properties": {"DISTRICT": "Gwanda", "NAME": "Gwanda", "PROVINCE": "Matabeleland South", "PCODE": "ZW1604", "AREA_SQKM": 10712.0, "MINING_CADASTRE": "Gwanda Cadastre Zone (Matabeleland South)"}, "geometry": {"type": "Polygon", "coordinates": [[[29.18227480500019, -20.56022570499988], [29.1820878420001, -20.594658255999946], [29.19782844500014, -20.65298755899994], [29.19994540100015, -20.67107389499995], [29.222583799999995, -20.722145648999913], [29.248521134000043, -20.806522852999876], [29.25764288300013, -20.81743364999994], [29.258136878000016, -20.828276447999883], [29.27023354100004, -20.837920148999956], [29.271293519000153, -20.847363842999926], [29.285303126000144, -20.85607747299997], [29.28990300700019, -20.870370521999973], [29.289835022000148, -20.885401627999954], [29.297551817000112, -20.903159927999923], [29.327674963000106, -20.912853616999882], [29.349201362000144, -20.931134942999904], [29.356004179000024, -20.944699934999903], [29.355091214000026, -20.95434364399989], [29.345829498000057, -20.974096101999976], [29.349937404000116, -21.000661047999927], [29.34671050200012, -21.00750155299994], [29.35794019000008, -21.018509350999977], [29.357294220000085, -21.03074424899995], [29.43953988300018, -21.05626305499993], [29.498596164000162, -21.028180950999968], [29.534468143000026, -21.03680655599993], [29.592461482000033, -21.040537784999913], [29.68960367800014, -21.021338304999915], [29.73070050000001, -21.022919390999903], [29.731033499000148, -21.033302151999976], [29.75212093900018, -21.08728009099997], [29.75674980900004, -21.090862349999895], [29.765964543000052, -21.08889919899991], [29.765521563000163, -21.098024867999868], [29.770680423000158, -21.107396549999976], [29.801323566000065, -21.13564659499997], [29.841058437000186, -21.151373715999966], [29.843440375000057, -21.158526236999933], [29.83142972500019, -21.164866708999966], [29.83130373700004, -21.17511445799994], [29.83846753400013, -21.178957733999937], [29.842212433999975, -21.18840542199996], [29.84568133500005, -21.18899646199992], [29.84669231500004, -21.20031028799997], [29.84968323200013, -21.20335450799996], [29.87909339200013, -21.21004397599995], [29.893817981000097, -21.225363082999934], [29.89341699600004, -21.228937344999906], [29.886188206000043, -21.231655547999935], [29.88742818200018, -21.245958590999976], [29.892383043000052, -21.250974952999968], [29.886469224000052, -21.26336786099995], [29.89152908300008, -21.26981332799994], [29.90627765900001, -21.26936528499988], [29.854804172000172, -21.310324306999917], [29.890699155000164, -21.32846660199982], [29.89638306400019, -21.359268974999964], [29.803527002000124, -21.49894949499992], [29.495878398000002, -21.45398946199998], [29.519764987000144, -21.51474041599988], [29.429870602999983, -21.546769808999954], [29.359916630000157, -21.561183909999954], [29.29872947900003, -21.65385966699995], [29.24794105100011, -21.747417431999963], [29.23749734300003, -21.75764221099996], [29.232216505000054, -21.76789695499997], [29.234876429000053, -21.768591002999926], [29.23293149300008, -21.77669458899993], [29.228939608000076, -21.7774036429999], [29.228195635000077, -21.783174059999965], [29.223982760000126, -21.786807324999927], [29.225906720000125, -21.80284047799995], [29.217174985000042, -21.816665481999905], [29.206223305000037, -21.82074178399995], [29.208022261000167, -21.828917371999978], [29.215083063000122, -21.83440676099997], [29.215888045000156, -21.839277110999944], [29.20449137500009, -21.840631217999942], [29.19884454600009, -21.849950892999914], [29.200869496000166, -21.85827348999993], [29.178392160000044, -21.874189653999906], [29.18809690300003, -21.897655332999932], [29.037720341000124, -21.996842584999968], [29.027321616999984, -21.9730638879999], [29.020468781000034, -21.94028754199985], [29.02303367100012, -21.904207947999964], [29.025679580000144, -21.889905916999908], [29.036795233000134, -21.863926038999978], [29.053105738000056, -21.839897295999947], [29.078295989000026, -21.816615596999952], [29.071651171000042, -21.806778894999923], [29.058484542000144, -21.79916035699989], [29.00869096600013, -21.787357549999967], [28.990142479999975, -21.767254117999983], [28.959234375000165, -21.77222150299997], [28.91736757100017, -21.762107810999964], [28.90214800800004, -21.761323768999944], [28.889450369000087, -21.756177408999918], [28.86013320900014, -21.752250151999874], [28.82824710600005, -21.73202072099997], [28.794547073000103, -21.728534500999956], [28.77514461900006, -21.71626363299987], [28.779806500000063, -21.70071825899987], [28.773679897000193, -21.693231589999925], [28.77450121200019, -21.67677970199992], [28.76420381200012, -21.667882216999942], [28.763525223000045, -21.662535827999932], [28.75665268299997, -21.66079230199989], [28.755256415000133, -21.655262248999918], [28.743432466000115, -21.654211177999912], [28.731654792000143, -21.641480267999953], [28.734124714000018, -21.634907790999932], [28.739384562000055, -21.63428574099993], [28.74186048500019, -21.62944038799992], [28.73058080600009, -21.62585213899996], [28.723854978000134, -21.605323658999964], [28.766778590000172, -21.459224024999912], [28.746979024000098, -21.32933959399992], [28.68112385400019, -21.27081938799995], [28.695055887000024, -21.239936032999935], [28.62038455100003, -21.227708296999936], [28.656971461000126, -21.189240452999968], [28.63381707300016, -21.139378826999973], [28.68921042600016, -21.08281763499997], [28.675271797000164, -21.05473558999995], [28.70000006900017, -21.036072198999932], [28.71994653200005, -21.070008668999947], [28.76286628300005, -21.05164528399996], [28.742557829000134, -21.015484649999905], [28.762342240000123, -20.994459088999918], [28.699144004000118, -20.94865978199988], [28.70606570900003, -20.853781795999907], [28.655309998000064, -20.69347001499989], [28.679513305000057, -20.692737938999983], [28.73305176200006, -20.679802934999884], [28.748006232000023, -20.64712567399988], [28.784380238000097, -20.622961684999893], [28.81513039500004, -20.65929334699996], [28.825387101000103, -20.659044318999975], [28.92320134400012, -20.699200202999975], [28.956987280000135, -20.597172627999953], [28.976236743000072, -20.61110464299992], [29.04811168200007, -20.604940126999963], [29.133720218999997, -20.588090808999937], [29.158744474999992, -20.55736251199994], [29.18227480500019, -20.56022570499988]], [[28.996312044000092, -20.91022668499994], [28.994963646000087, -20.91733832699998], [28.989604846000077, -20.915809365999962], [28.988512552000145, -20.923801328999957], [28.99224254300009, -20.93062699399991], [28.949652219000086, -20.91975127099994], [28.950122794000038, -20.927230985999927], [28.973727216000157, -20.93959864699997], [28.988445389000162, -20.942875101999903], [28.99460457400005, -20.950712706999923], [28.999672935000092, -20.950521996999953], [29.001640349000184, -20.95891826999997], [29.030760445000112, -20.947212987999933], [29.035621304000074, -20.92440735199989], [29.004371668000147, -20.91617135499996], [29.005626605000145, -20.912414438999974], [28.996312044000092, -20.91022668499994]]]}}, {"type": "Feature", "properties": {"DISTRICT": "Gwanda Urban", "NAME": "Gwanda Urban", "PROVINCE": "Matabeleland South", "PCODE": "ZW1621", "AREA_SQKM": 22.8, "MINING_CADASTRE": "Gwanda Urban Cadastre Zone (Matabeleland South)"}, "geometry": {"type": "Polygon", "coordinates": [[[29.004427432000114, -20.91618633199994], [29.035621304000074, -20.92440735199989], [29.030760445000112, -20.947212987999933], [29.00186934200019, -20.958964273999925], [28.999672935000092, -20.950521996999953], [28.99460457400005, -20.950712706999923], [28.988445389000162, -20.942875101999903], [28.973727216000157, -20.93959864699997], [28.950122794000038, -20.927230985999927], [28.949652219000086, -20.91975127099994], [28.99224254300009, -20.93062699399991], [28.988512552000145, -20.923801328999957], [28.989604846000077, -20.915809365999962], [28.994963646000087, -20.91733832699998], [28.996312044000092, -20.91022668499994], [29.005626605000145, -20.912414438999974], [29.004427432000114, -20.91618633199994]]]}}, {"type": "Feature", "properties": {"DISTRICT": "Gweru", "NAME": "Gweru", "PROVINCE": "Midlands", "PCODE": "ZW1704", "AREA_SQKM": 5888.5, "MINING_CADASTRE": "Gweru Cadastre Zone (Midlands)"}, "geometry": {"type": "Polygon", "coordinates": [[[30.01975279700008, -19.09125078699992], [30.029914510000026, -19.09239486799993], [30.03112448000013, -19.09963441999986], [30.043855120000103, -19.10135654299995], [30.045789068000033, -19.10449678099991], [30.04990894700012, -19.098297305999893], [30.057356738000067, -19.102502621999918], [30.07066235999997, -19.100656472999958], [30.090740798000013, -19.111649298999907], [30.101701487000184, -19.11251735899998], [30.10598737200013, -19.122488115999943], [30.114868121000143, -19.122831136999878], [30.130665678000128, -19.131420781999964], [30.065144584000166, -19.20040107699998], [30.171079610000163, -19.249177723999935], [30.16626576300007, -19.273570581999877], [30.1354056240001, -19.250146818999895], [30.114789222000127, -19.26951330499992], [30.071564460000047, -19.283978430999923], [30.063874686000077, -19.295217289999925], [30.03575948600013, -19.298091525999894], [30.037120467000193, -19.32552760899995], [30.074921393000068, -19.325015546999964], [30.073681444000044, -19.348085298999877], [30.130196844000068, -19.356630912999947], [30.116479260000176, -19.39514884399989], [30.126398979000157, -19.39632792699996], [30.129719881000142, -19.390341470999942], [30.169948748000024, -19.40608463999996], [30.187110261000043, -19.407116707999876], [30.175773601000174, -19.433836740999936], [30.166906854000047, -19.434011758999873], [30.16794583900014, -19.456440457999975], [30.15777214100018, -19.474688845999935], [30.144387527000106, -19.483088489999943], [30.105770624000172, -19.481546397999978], [30.080283336000036, -19.46371406299994], [30.043373381000094, -19.45795064999993], [30.033645678000028, -19.485764761999917], [30.017817148000063, -19.514353935999907], [29.9941348160001, -19.506664368999964], [29.953710979000164, -19.526363885999956], [29.937928443000146, -19.547477492999917], [29.85595277599998, -19.550348763999978], [29.82855660000007, -19.61073734599995], [29.83240551000017, -19.63671230499989], [29.816856979000022, -19.672344003999967], [29.82151085700019, -19.68589302299995], [29.808106243000054, -19.692258511999967], [29.819002943000157, -19.70531448899993], [29.81352111000018, -19.720340625999825], [29.833143552000138, -19.721700714999827], [29.83729044500018, -19.73624280799993], [29.847002169000064, -19.737099865999937], [29.85173004100011, -19.745831520999957], [29.85952582200008, -19.74952079299993], [29.854115981000177, -19.7561262939999], [29.855239954000183, -19.762629782999966], [29.851768055000036, -19.764811949999853], [29.85383200300015, -19.774201655999946], [29.842010354000138, -19.79327909899996], [29.845833246000097, -19.79495222299994], [29.845375272000013, -19.812454539999976], [29.83771950800002, -19.835936310999898], [29.841801394000072, -19.83873251899996], [29.84045643600018, -19.8432358579999], [29.843864342000074, -19.84804321699994], [29.835167602000126, -19.864296444999866], [29.840698447000022, -19.86808072499997], [29.83621457600003, -19.86985286099997], [29.83704256600015, -19.887478184999907], [29.84395237100017, -19.889876359999903], [29.84124545300017, -19.896006822999937], [29.84803425900003, -19.89573979799991], [29.786802024999986, -19.92343491899993], [29.797665732000098, -19.944947525999964], [29.752793019000023, -19.955068315999938], [29.710966225000107, -19.972863679999875], [29.699433900000088, -19.97322469799991], [29.69425869800017, -19.968827388999955], [29.680213048000155, -19.905143619999876], [29.654059799000095, -19.912213168999926], [29.618498828000043, -19.932197693999967], [29.598462400000074, -19.934209859999896], [29.582244849000176, -19.91816466699987], [29.562247393000064, -19.886067270999945], [29.517621646000123, -19.863453603999915], [29.50240407700005, -19.86136545799991], [29.47243192000019, -19.84775145699996], [29.413849620000008, -19.88708445599991], [29.40323788500018, -19.842677125999955], [29.403685852000024, -19.818343295999966], [29.412758585000063, -19.806843423999965], [29.41840439000015, -19.765904337999928], [29.416022456000064, -19.763625167999976], [29.423581235000086, -19.75667263899993], [29.416752424000038, -19.750393170999928], [29.41211255799999, -19.751970292999943], [29.409487629000182, -19.74784698399992], [29.41364750700012, -19.74353965699987], [29.412974518000112, -19.733290884999917], [29.40353277500003, -19.719336839999983], [29.406357690000107, -19.71443846899996], [29.40142381800007, -19.698940303999905], [29.376882507000175, -19.68820851299995], [29.370271686000024, -19.67769672499992], [29.363065892000122, -19.67908183399993], [29.35968998000004, -19.66903107899992], [29.361843912000097, -19.660613441999885], [29.356711053000026, -19.65487501299998], [29.358785990000058, -19.64959361199982], [29.35438810900007, -19.64318413199993], [29.356761040000038, -19.641350991999957], [29.348227275000113, -19.631657265999877], [29.31646116600018, -19.61731320599995], [29.316675153000176, -19.609194592999927], [29.30696142200003, -19.601118989999918], [29.307581400000174, -19.595268546999932], [29.29553973200018, -19.583460663999915], [29.301490555000044, -19.574291965999976], [29.282307093000156, -19.565065282999967], [29.2798301360001, -19.532261803999972], [29.26514753800012, -19.514903500999935], [29.257949740000186, -19.511966283999982], [29.25376985100013, -19.502609578999966], [29.246009068000035, -19.498104243999933], [29.24212216800015, -19.486564372999908], [29.21916081100005, -19.47603659299989], [29.207289134000177, -19.4595293509999], [29.200740322000115, -19.46134749399988], [29.196240447000037, -19.45858128799989], [29.19344651800003, -19.447851476999915], [29.163238354000157, -19.422722594999982], [29.155384559000026, -19.401633000999936], [29.148655744000052, -19.395067507999897], [29.12898129700011, -19.388689038999928], [29.121173519000024, -19.389400098999943], [29.092033332000085, -19.373476912999877], [29.09882512600018, -19.358231749999902], [29.131251174000113, -19.31988781299998], [29.238416054000083, -19.22394043399987], [29.364311425999972, -19.15174884199996], [29.416284938000103, -19.13268235099997], [29.52554286800006, -19.167603935999978], [29.552254110000035, -19.167365898999947], [29.626478019000047, -19.1851912059999], [29.67433064900007, -19.16784685199991], [29.72916907400014, -19.142333869999902], [29.736185888000193, -19.159011136999936], [29.75247642200003, -19.15355870999997], [29.75570535100013, -19.181410829999948], [29.796712171000024, -19.15911010399992], [29.861516324999968, -19.148605260999943], [29.860186361000103, -19.145391016999895], [29.889986508000106, -19.134871195999892], [29.925473483000076, -19.108954196999946], [29.93840513400005, -19.133786081999915], [30.017856894000147, -19.15312250599993], [30.01541992200015, -19.093764981999982], [30.01975279700008, -19.09125078699992]], [[29.81015640400011, -19.37297880799997], [29.792975419000072, -19.386707295999884], [29.785979485000155, -19.417147677999935], [29.78068367100019, -19.416010266999876], [29.77406614000006, -19.424982470999907], [29.78202532900019, -19.431692202999955], [29.779181703999996, -19.43510062099989], [29.776358717000107, -19.43341046499995], [29.765416493000146, -19.440919140999938], [29.754193424000164, -19.4347184049999], [29.757071963000044, -19.43054339399987], [29.750861307000037, -19.42543775899992], [29.73317666700018, -19.4475260669999], [29.750720247000118, -19.472149906999903], [29.74562578800004, -19.47507335299997], [29.75057476900014, -19.48211689599998], [29.761873974000082, -19.539971533999903], [29.784478805000163, -19.49935168999997], [29.786522059000106, -19.50727962699989], [29.815027973000042, -19.507041287999982], [29.824154162000127, -19.495616724999934], [29.833982819000028, -19.50613529799989], [29.84116704900009, -19.506327458999976], [29.846801812000137, -19.49759940699994], [29.851772828000037, -19.50605883199995], [29.86532799800017, -19.505734358999973], [29.872730501000092, -19.492668298999945], [29.867145547000177, -19.486579471999846], [29.871322616000043, -19.4798936009999], [29.86610514400013, -19.476611684999966], [29.867478621000032, -19.469147001999943], [29.878084980000153, -19.473260932999892], [29.87632461900006, -19.452693509999904], [29.8812250900001, -19.44415320699983], [29.884546688000114, -19.44359059499982], [29.885460279000142, -19.446634762999963], [29.899619426000072, -19.444523573999902], [29.911035140000138, -19.453604404999965], [29.920169876000102, -19.44753293899987], [29.900230431000068, -19.431513737999865], [29.918702900000028, -19.423105088999932], [29.906273248000105, -19.41623257599997], [29.902685352000105, -19.419335813999965], [29.882111938000094, -19.411268732999872], [29.87366473700007, -19.419833121999943], [29.86437898000014, -19.413317107999887], [29.867110659000105, -19.40565932599992], [29.864710089000084, -19.401035992999937], [29.853339278000135, -19.404788442999973], [29.84562850700013, -19.398110544999895], [29.841192066000133, -19.40171140399997], [29.835734703000014, -19.396800622999876], [29.82762771900019, -19.40018976799996], [29.83197857600004, -19.39084351799994], [29.817006846000083, -19.38470497299994], [29.81015640400011, -19.37297880799997]]]}}, {"type": "Feature", "properties": {"DISTRICT": "Gweru Urban", "NAME": "Gweru Urban", "PROVINCE": "Midlands", "PCODE": "ZW1721", "AREA_SQKM": 164.2, "MINING_CADASTRE": "Gweru Urban Cadastre Zone (Midlands)"}, "geometry": {"type": "Polygon", "coordinates": [[[29.819533417000173, -19.385633084999938], [29.83197857600004, -19.39084351799994], [29.82762771900019, -19.40018976799996], [29.835734703000014, -19.396800622999876], [29.841192066000133, -19.40171140399997], [29.84562850700013, -19.398110544999895], [29.853339278000135, -19.404788442999973], [29.864710089000084, -19.401035992999937], [29.867110659000105, -19.40565932599992], [29.86437898000014, -19.413317107999887], [29.87366473700007, -19.419833121999943], [29.882111938000094, -19.411268732999872], [29.902685352000105, -19.419335813999965], [29.906273248000105, -19.41623257599997], [29.918702900000028, -19.423105088999932], [29.900230431000068, -19.431513737999865], [29.920169876000102, -19.44753293899987], [29.911035140000138, -19.453604404999965], [29.899619426000072, -19.444523573999902], [29.885460279000142, -19.446634762999963], [29.884546688000114, -19.44359059499982], [29.8812250900001, -19.44415320699983], [29.87632461900006, -19.452693509999904], [29.878084980000153, -19.473260932999892], [29.867478621000032, -19.469147001999943], [29.86610514400013, -19.476611684999966], [29.871322616000043, -19.4798936009999], [29.867145547000177, -19.486579471999846], [29.872730501000092, -19.492668298999945], [29.86532799800017, -19.505734358999973], [29.851772828000037, -19.50605883199995], [29.846801812000137, -19.49759940699994], [29.84116704900009, -19.506327458999976], [29.833982819000028, -19.50613529799989], [29.824154162000127, -19.495616724999934], [29.815027973000042, -19.507041287999982], [29.786522059000106, -19.50727962699989], [29.784478805000163, -19.49935168999997], [29.761873974000082, -19.539971533999903], [29.75057476900014, -19.48211689599998], [29.74562578800004, -19.47507335299997], [29.750720247000118, -19.472149906999903], [29.73317666700018, -19.4475260669999], [29.750861307000037, -19.42543775899992], [29.757071963000044, -19.43054339399987], [29.754193424000164, -19.4347184049999], [29.765416493000146, -19.440919140999938], [29.776358717000107, -19.43341046499995], [29.779181703999996, -19.43510062099989], [29.78202532900019, -19.431692202999955], [29.77406614000006, -19.424982470999907], [29.78068367100019, -19.416010266999876], [29.785979485000155, -19.417147677999935], [29.792975419000072, -19.386707295999884], [29.81015640400011, -19.37297880799997], [29.819533417000173, -19.385633084999938]]]}}, {"type": "Feature", "properties": {"DISTRICT": "Harare", "NAME": "Harare", "PROVINCE": "Harare", "PCODE": "ZW1921", "AREA_SQKM": 660.3, "MINING_CADASTRE": "Harare Cadastre Zone (Harare)"}, "geometry": {"type": "Polygon", "coordinates": [[[31.118855925000048, -17.680893047999916], [31.116154194000046, -17.693863782999927], [31.122113119000062, -17.691335729999935], [31.13881996500004, -17.69252863099996], [31.13786787300012, -17.697689785999955], [31.14826424100005, -17.700717784999938], [31.143886888000168, -17.68930208199987], [31.146974570000168, -17.6862290869999], [31.151575923000166, -17.693338337999876], [31.159094338000045, -17.696511018999956], [31.154369357000178, -17.7014645779999], [31.157222822999984, -17.70373178299991], [31.159915908000187, -17.70410170299988], [31.16377351700004, -17.696037763999982], [31.172547203000192, -17.699566362999974], [31.181210914000133, -17.696199883999952], [31.197285870000087, -17.71858027999997], [31.20040765200008, -17.712059858999964], [31.205443371000115, -17.711933588999955], [31.2098126570001, -17.726472127999955], [31.20149088200003, -17.729648829999974], [31.202080901000045, -17.74246567199998], [31.196041681000054, -17.752424414999894], [31.201218399000084, -17.774920320999968], [31.21183441900007, -17.79259658299992], [31.192102325000064, -17.804996176999964], [31.209656485000153, -17.812568444999954], [31.203241718000072, -17.81995040199996], [31.215054577000046, -17.82047483199989], [31.220051146000003, -17.839825420999944], [31.22165910500013, -17.84934616299995], [31.195094268000105, -17.861859496999955], [31.21535855600007, -17.879692379999938], [31.208626141000025, -17.879586605999975], [31.21181979500011, -17.88656058099997], [31.13032849100017, -17.865350460999878], [31.120140736000053, -17.873643628999957], [31.1176437150001, -17.882013708999978], [31.125008039000136, -17.888040986999954], [31.11700375800018, -17.89193656599997], [31.107714535000127, -17.88855882699994], [31.028558275000137, -17.907159666999917], [31.032001572000183, -17.921325327999966], [31.005690580000135, -17.932172128999923], [30.997798720000162, -17.91989483799989], [30.992215698000052, -17.919725867999944], [30.990950247000058, -17.922456346999923], [30.985226136000108, -17.919295296999962], [30.97967092800002, -17.92763993699998], [30.971775261000175, -17.92618384799988], [30.96566013400019, -17.920814766999968], [30.96027705100005, -17.927220381999916], [30.945800378000115, -17.918279626999947], [30.925863220000053, -17.91695147999991], [30.936574268000072, -17.911892305999913], [30.87743495100011, -17.875475884999958], [30.885803778000025, -17.867726560999927], [30.896806192000156, -17.869120598999928], [30.89914269800005, -17.865683687999933], [30.890120719000095, -17.82641396599996], [30.88323453600009, -17.811102129999938], [30.895943335000084, -17.801072681999926], [30.889347957000098, -17.796004433999883], [30.89024945500006, -17.78050568599997], [30.905214808000096, -17.77722006399989], [30.918504354000106, -17.779435950999925], [30.908586425000067, -17.764287717999935], [30.948627175000183, -17.757097408999925], [30.950817213000164, -17.709400221999886], [30.97547833500016, -17.718829735999975], [30.995628228000157, -17.737134641999944], [31.026176501000066, -17.739179313999898], [31.025913890000083, -17.727099838999948], [31.037544408000144, -17.737383670999918], [31.041554192000092, -17.73242616199991], [31.04632444200007, -17.74022860699995], [31.08167344900005, -17.73040984299996], [31.073746198000038, -17.687281566999957], [31.07883805200015, -17.68033202199996], [31.084409895000135, -17.680147004999924], [31.088807764000137, -17.665558861999955], [31.115384016999997, -17.66781202699991], [31.118855925000048, -17.680893047999916]]]}}, {"type": "Feature", "properties": {"DISTRICT": "Harare Rural", "NAME": "Harare Rural", "PROVINCE": "Harare", "PCODE": "ZW1924", "AREA_SQKM": 195.3, "MINING_CADASTRE": "Harare Rural Cadastre Zone (Harare)"}, "geometry": {"type": "Polygon", "coordinates": [[[30.901735172000144, -17.957406953999907], [30.88686959300003, -17.936407075999853], [30.92540641800008, -17.916900121999902], [30.945800378000115, -17.918279626999947], [30.96027705100005, -17.927220381999916], [30.96566013400019, -17.920814766999968], [30.971775261000175, -17.92618384799988], [30.97967092800002, -17.92763993699998], [30.985226136000108, -17.919295296999962], [30.990950247000058, -17.922456346999923], [30.992215698000052, -17.919725867999944], [30.997798720000162, -17.91989483799989], [31.005690580000135, -17.932172128999923], [31.032001572000183, -17.921325327999966], [31.028558275000137, -17.907159666999917], [31.107714535000127, -17.88855882699994], [31.11700375800018, -17.89193656599997], [31.125008039000136, -17.888040986999954], [31.142913904000125, -17.902181008999946], [31.13612396000019, -17.92888375399997], [31.13501910500014, -17.94704579599994], [31.137322620000077, -17.94979662199995], [31.133946202999994, -17.950508393999883], [31.141631845000177, -17.95901633799997], [31.127337497000156, -17.96284794799982], [31.11179511100005, -17.986511226999937], [31.116156320000073, -17.99077071699992], [31.11352496000012, -17.99446603599995], [31.103217402000098, -17.98667552799992], [31.06800267300008, -17.983351008999932], [31.05640082399998, -17.978075261999948], [31.024872905000052, -17.9874826759999], [31.02063600200006, -18.002537448999874], [31.016775873000142, -18.00339145399994], [31.007200153999975, -17.997947163999925], [30.99498946900013, -17.99762377099995], [30.988064966000024, -17.99110276699986], [30.987357795000037, -17.98489426599997], [30.980324011000164, -17.988045687999943], [30.973955518000025, -17.97830546499989], [30.96778503900009, -17.982666244999905], [30.96054321500003, -17.981349967999904], [30.96032110700014, -17.97812307099997], [30.95099788800013, -17.977528676999896], [30.94718251600011, -17.971287277999977], [30.936581431000036, -17.969190453999943], [30.92217510000006, -17.960107266999955], [30.91155472200012, -17.959745212999962], [30.905542759000127, -17.96414507099996], [30.90427645700015, -17.961651032999896], [30.909004526000103, -17.95624522999998], [30.901735172000144, -17.957406953999907]]]}}, {"type": "Feature", "properties": {"DISTRICT": "Hurungwe", "NAME": "Hurungwe", "PROVINCE": "Mashonaland West", "PCODE": "ZW1402", "AREA_SQKM": 19843.2, "MINING_CADASTRE": "Hurungwe Cadastre Zone (Mashonaland West)"}, "geometry": {"type": "Polygon", "coordinates": [[[29.83080990700006, -15.607143026999893], [29.884050429000183, -15.613110479999932], [29.893900159000168, -15.620934105999936], [29.915663553000172, -15.61973999799983], [29.942127820000053, -15.625839476999943], [29.955474454000182, -15.636787352999818], [29.96765711800009, -15.64165573899993], [30.05212276100019, -15.631967913999915], [30.074658129000113, -15.622670152999888], [30.11245107900004, -15.626610450999863], [30.135723427000187, -15.618168758999957], [30.16470161900014, -15.61648460899994], [30.175668317000145, -15.62224506799987], [30.188563971000065, -15.646398009999928], [30.20665047400007, -15.658630986999981], [30.212284321000027, -15.667401691999942], [30.218214155, -15.66582756199989], [30.241189505000136, -15.64559291899991], [30.257527040000184, -15.624828235999928], [30.263458875000083, -15.625145258999964], [30.270456686000102, -15.63713022199994], [30.285436874000027, -15.644608669999911], [30.286327277000055, -15.701680418999956], [30.31307554000017, -15.716821625999955], [30.33451896000014, -15.75029831199987], [30.151282148999996, -15.918896735999965], [30.051545967000038, -15.988289361999932], [30.052002957000184, -15.993850807999877], [30.046277121000003, -16.001204401999928], [30.055340870000066, -16.00329356499998], [30.061152706000087, -16.000821362999943], [30.063300649000098, -16.005639748999897], [30.058905777000064, -16.016252602999884], [30.06358864700013, -16.01629860399987], [30.06501861100014, -16.02350718199989], [30.07419635700012, -16.027596504999963], [30.072241412999972, -16.02997369699989], [30.075087336000024, -16.033867007999902], [30.082356135000055, -16.036604223999973], [30.086655013000097, -16.033981010999923], [30.0878379830001, -16.038923406999913], [30.09257684800008, -16.03404001299998], [30.096095753000156, -16.039404441999864], [30.09355982700015, -16.044308835999914], [30.110090365000076, -16.044071808999945], [30.09942266600018, -16.049428243999955], [30.10050164300003, -16.063293355999974], [30.09541678500011, -16.06231127999996], [30.094259820000048, -16.067095663999964], [30.099012690000052, -16.072871124999836], [30.089073969000083, -16.074771281999915], [30.078814264000187, -16.091986667999947], [30.080857208999987, -16.09413783899987], [30.078291284000045, -16.101306414999954], [30.085829076000095, -16.104711684999927], [30.087460038000188, -16.118435783999928], [30.104175575000056, -16.1247272789999], [30.098516734000043, -16.12620940099987], [30.102723617000038, -16.12827656399992], [30.099054721000016, -16.1310887919999], [30.10984442900019, -16.14690305299996], [30.111991375000173, -16.15814095199994], [30.118915185000162, -16.163605385999972], [30.113714331000097, -16.164275442999894], [30.113944326000023, -16.16723167999993], [30.124732028000153, -16.172763116999874], [30.128632918000164, -16.17105997899995], [30.124502032000123, -16.168475773999887], [30.127861935000055, -16.162409285999956], [30.133677774000148, -16.16558553699997], [30.139717603000065, -16.161070172999928], [30.141485563000174, -16.17777850999994], [30.135218742000063, -16.18576915299991], [30.123594070000138, -16.192059662999895], [30.11992817900017, -16.203004540999927], [30.112052404000167, -16.212990343999934], [30.095571873000154, -16.22785254199988], [30.09006302600011, -16.228002556999968], [30.093183951000128, -16.248817220999968], [30.09042203400014, -16.25997411499992], [30.09524790800009, -16.274511274999895], [30.094877923000126, -16.28353199599991], [30.090353052000125, -16.287934350999933], [30.094102950000035, -16.293437788999938], [30.08925309100016, -16.303047559999925], [30.091706025000065, -16.307011874999944], [30.08578919600012, -16.317628726999885], [30.074065525000094, -16.32052196399991], [30.06355182600015, -16.33283695399996], [30.065094789, -16.343026766999913], [30.05842497599997, -16.34554897199996], [30.05823998600016, -16.354080653999972], [30.05030821400004, -16.365552573999935], [30.051229198000044, -16.38261293599993], [30.046319350000033, -16.395949224999924], [30.02979681000005, -16.394133087999933], [30.032199748000096, -16.403281816999936], [30.02880285200007, -16.418665046999877], [30.02579393700006, -16.42075621499987], [30.01651219500019, -16.417459956999892], [30.01093735600017, -16.42621865899997], [30.013974274000077, -16.43161708799994], [30.02239504100004, -16.435335379999913], [30.019394128000158, -16.440755813999886], [30.02416299900011, -16.448229407999918], [30.02093609000019, -16.450114559999918], [30.013165306000076, -16.44722833399993], [30.00521353200014, -16.45474593699987], [30.008534455000188, -16.480745008999975], [30.004437569000117, -16.480760011999962], [29.99792775500009, -16.48750555299995], [30.002961616000164, -16.490545792999967], [30.00275762400014, -16.493876057999955], [29.998396747000186, -16.495967226999937], [29.99233991400007, -16.4927409739999], [29.99350888800018, -16.504447905999882], [29.98908001300009, -16.506529073999957], [29.985788104000108, -16.504040877999955], [29.98156522400012, -16.507511156999954], [29.97929329400006, -16.519130083999926], [29.973115468000174, -16.52021517299994], [29.990920975000165, -16.528682837999952], [29.983911180000064, -16.544764122999936], [29.99266193700015, -16.546554260999926], [29.994305894000036, -16.552117702999965], [29.982770219000088, -16.556475055999897], [29.979370317000132, -16.561832484999968], [29.97936232500018, -16.5751435439999], [29.98368221100003, -16.5852813489999], [29.973791491000043, -16.592022890999942], [29.97996532400009, -16.601169614999947], [29.97213554600006, -16.606623053999954], [29.979234355000074, -16.61885002299988], [29.978921368000044, -16.6261896069999], [29.975317469000174, -16.62727969499997], [29.97624044700018, -16.63324016899992], [29.967683693000083, -16.64475208899995], [29.96747470200006, -16.64961747599989], [29.976329459000056, -16.657278079999912], [29.976636454000186, -16.664131624999982], [29.973028557000134, -16.66700885599994], [29.985181223999973, -16.677850710999905], [29.984869236000122, -16.684504239999967], [29.99382899300008, -16.696336174999885], [29.994648974000143, -16.70447182099997], [30.003329727000164, -16.69772127999994], [30.007094623000057, -16.6987203569999], [30.005023686000072, -16.707793078999885], [30.013873450000062, -16.72802768199989], [30.011801510000055, -16.731655970999896], [30.014061452000192, -16.73909656099994], [30.01020156200019, -16.743178886999942], [30.02014428800004, -16.75017543699994], [30.020899274000158, -16.76242940999998], [30.027443091000066, -16.76286644099997], [30.028008080000006, -16.770946081999966], [30.032894944000077, -16.772983240999906], [30.030413016000068, -16.776806545999875], [30.032554965000088, -16.791810734999956], [30.029255065000086, -16.804335730999924], [30.032585976000064, -16.812413368999955], [30.024664201000178, -16.817393768999978], [30.025778173000162, -16.822712189999947], [30.034728926000128, -16.82820962099987], [30.020449330000076, -16.835593213999914], [30.01935136400016, -16.840478601999905], [30.02359824800004, -16.845982035999896], [30.007374704000085, -16.847860193999963], [30.010705615000063, -16.85567181199997], [30.00176186599998, -16.85621385999997], [30.000708901000166, -16.865975633999938], [29.993393107000088, -16.866948714999978], [29.996400025000185, -16.871431068999982], [29.98134644700002, -16.872736179999947], [29.98353238900006, -16.87826661799994], [29.992101153000135, -16.884774127999947], [29.98333740300012, -16.892059710999888], [29.98524635500013, -16.90058438499983], [29.98177545499999, -16.90593981099994], [29.984600379000142, -16.910598177999873], [29.979305530000033, -16.914548493999973], [29.977468590000115, -16.928254580999976], [29.98439939900004, -16.933971028999906], [29.97608963600004, -16.941959665999946], [29.990320243000042, -16.950922367999965], [29.98456341000019, -16.959968086999936], [29.9850154020001, -16.96726066399998], [29.980541528000174, -16.96813573599991], [29.983184456000174, -16.972619088999977], [29.97761561400017, -16.9762163769999], [29.979986550000035, -16.978678569999943], [29.975874668000188, -16.98368396899997], [29.976783645000182, -16.988340335999908], [29.97303975200009, -16.990886539999906], [29.974676711000086, -16.99940721299987], [29.968767880000144, -17.005911730999912], [29.971332814000107, -17.014490407999972], [29.967264930000113, -17.01878974999994], [29.968673893000073, -17.022219019999966], [29.962271080000107, -17.033833941999887], [29.956412245000024, -17.035314062999873], [29.96179410299999, -17.05014123099994], [29.952893358000097, -17.059598983999877], [29.961970112000074, -17.073070042999916], [29.952792369000008, -17.072841029999893], [29.953726356000118, -17.093805685999882], [29.947730522000143, -17.090872457999865], [29.94505759900005, -17.093084633999922], [29.948634501000072, -17.09700294099997], [29.94406863500012, -17.107799795999938], [29.935010887000146, -17.104503540999872], [29.928388075000157, -17.108069826999895], [29.918695346000106, -17.106000668999968], [29.912967509000055, -17.11091405999997], [29.907348664000097, -17.1055276379999], [29.899187892000043, -17.10406852799997], [29.885256269000138, -17.08287586199998], [29.881154374999994, -17.06865774099998], [29.836334652000005, -17.10132934799998], [29.856010118000142, -17.128760501999977], [29.800378709000142, -17.17808542699987], [29.76944156900015, -17.16610049999997], [29.767219637000153, -17.174011124999936], [29.757658908000167, -17.178985522999938], [29.74954513400013, -17.176908363999928], [29.738810438000144, -17.18179475599993], [29.732692609000082, -17.180892688999904], [29.724698843000056, -17.195828871999936], [29.719815982000057, -17.19797804399991], [29.715343105000045, -17.195151823999936], [29.708164307000118, -17.195719872999973], [29.701929485000107, -17.200811277999946], [29.700869513000157, -17.197530019999874], [29.69204376100015, -17.19866311499993], [29.680867079000166, -17.206243719999918], [29.67521623600004, -17.203189481999914], [29.668277438000075, -17.214617386999976], [29.66592150100007, -17.210206040999935], [29.661803619000068, -17.213147274999926], [29.664041558000065, -17.215748478999956], [29.661569627000063, -17.21631552499997], [29.67369429000007, -17.22106489199996], [29.673812290000058, -17.22559124899982], [29.676637210000024, -17.224233139999967], [29.682290058000035, -17.234527947999936], [29.68723592100008, -17.23701714099991], [29.68464799600008, -17.240750436999974], [29.690533833000075, -17.243125620999933], [29.686886939000146, -17.248897077999914], [29.691679815000043, -17.26546037999998], [29.7002455760001, -17.26625143699988], [29.702841507000073, -17.272166900999878], [29.70815835900015, -17.274286064999956], [29.709038337000152, -17.27905443999998], [29.700813568000058, -17.278263382999967], [29.70237752700001, -17.28269973099998], [29.698780628000065, -17.282877746999873], [29.69896762400009, -17.286003992999895], [29.693643772000087, -17.282896751999942], [29.691454838000027, -17.29063936299991], [29.684232037000072, -17.284412876999966], [29.661506682000095, -17.295518765999873], [29.63308047999999, -17.296441855999944], [29.62405274100007, -17.308319796999967], [29.613101050000182, -17.310824000999958], [29.61499499900009, -17.312959166999974], [29.609185164000166, -17.316434444999913], [29.609201166000048, -17.31988871599998], [29.601504384000066, -17.323041968999974], [29.596223537000185, -17.329969517999928], [29.585830823000038, -17.322268917999963], [29.577679064000165, -17.33924625999998], [29.566908370000192, -17.34470869599994], [29.56608839900008, -17.353928421999967], [29.55152580800018, -17.354301460999977], [29.551882800000044, -17.35759271899991], [29.54533698800003, -17.363246167999876], [29.53646823100013, -17.35462249499983], [29.532874332000063, -17.355701582999927], [29.52586953299999, -17.361154015999944], [29.529388435000044, -17.362460115999966], [29.527606488000117, -17.367402505999962], [29.52468056800012, -17.363708217999942], [29.524699571000042, -17.36881061899993], [29.521604656000193, -17.36593739499989], [29.520759681000186, -17.368985634999945], [29.516475802000002, -17.36883362599997], [29.516145814000083, -17.372619923999935], [29.511422944000117, -17.369506681999894], [29.50860402500018, -17.37205688399996], [29.51007498600012, -17.375591160999818], [29.504761135000024, -17.37535914699987], [29.504458151000165, -17.385975981999934], [29.49955228400006, -17.380146525999976], [29.50267220300003, -17.389600267999924], [29.491791506000084, -17.3857429709999], [29.491183525000167, -17.388562192999927], [29.481508796000185, -17.388137165999865], [29.484701709000092, -17.391126398999916], [29.48003884000002, -17.39153643499992], [29.483572745000117, -17.39701486299998], [29.474250003000066, -17.39194446999994], [29.473123038000153, -17.396670842999924], [29.46440128000006, -17.393590605999975], [29.460778378000157, -17.38819418399987], [29.449634692000075, -17.38950829499987], [29.42262543700008, -17.37072383499998], [29.4195035300001, -17.37901348899993], [29.422520449000103, -17.383911871999942], [29.41724859800007, -17.384981959999948], [29.419051553000145, -17.393447623999975], [29.409329828000182, -17.39708291699992], [29.397762149000073, -17.391423478999968], [29.393697265000185, -17.393739663999952], [29.39860913300015, -17.402292332999934], [29.391176343000154, -17.404852538999933], [29.385547507000183, -17.413139193999882], [29.386745479000183, -17.421104819999925], [29.38371057000012, -17.428150374999973], [29.374040838000155, -17.424153066999907], [29.362893152000083, -17.425543183999878], [29.358492272000092, -17.421140840999897], [29.350020513000175, -17.424361099999885], [29.349486534000107, -17.43323579699984], [29.341278764000094, -17.432970781999927], [29.332351013000107, -17.43043058799998], [29.328393113000004, -17.415859445999956], [29.31949936000018, -17.41268820299996], [29.294972033000192, -17.390496474999964], [29.280169441000055, -17.381256757999893], [29.27604554900006, -17.37071193099996], [29.27850446700012, -17.35238348799993], [29.27069167000019, -17.33087780099993], [29.25146620000004, -17.31716873499994], [29.24182346000009, -17.302965622999977], [29.233972676000178, -17.29745519399995], [29.227317862000007, -17.296814147999953], [29.208357400000125, -17.306278905999932], [29.16242868300003, -17.299524405999932], [29.12775564500015, -17.28534831299993], [29.11658595700004, -17.284354242999825], [29.105695252000146, -17.27018313399998], [29.073212164000154, -17.271362248999935], [29.066680330000054, -17.249008491999973], [29.05780357800012, -17.24828144099996], [29.044339948000072, -17.23850767999994], [29.027366422000057, -17.236245513999904], [29.01767168500004, -17.224556598999982], [28.986550557000044, -17.224897647999967], [28.977500808000116, -17.22112435699995], [28.961811234000095, -17.203529979999928], [28.956087377000188, -17.180718183999943], [28.94795059300003, -17.16552699099998], [28.937771874000077, -17.1599925619999], [28.93149703400013, -17.138882899999885], [28.93221000800014, -17.13204235899991], [28.91242152400008, -17.082607467999935], [28.90770865400009, -17.079699240999958], [28.899972860000048, -17.065503124999907], [28.889629146000004, -17.06152981799994], [28.88660122700003, -17.056021384999895], [28.873117607000154, -17.059965705999957], [28.869152710000094, -17.049319866999838], [28.854663108000068, -17.040318165999963], [28.85439211300013, -17.036337850999928], [28.86275587200015, -17.027864174999877], [28.868870699000126, -17.024657916999956], [28.870401657000116, -17.026476059999936], [28.873997553000095, -17.021453659999963], [28.89603793500015, -17.019715506999944], [28.904048714000112, -17.023867828999983], [28.91412343100012, -17.023516793999875], [28.914390421000007, -17.019360464999977], [28.92023825600006, -17.01866640599991], [28.928321018000076, -17.002992160999952], [28.936468786999967, -16.99890883199987], [28.936842770000112, -16.990508166999973], [28.943718580000052, -16.99335438699984], [28.951178367000068, -16.987430912999912], [28.948252445000094, -16.98239551699993], [28.950275387000147, -16.98052736699998], [28.959627129000125, -16.98521273199998], [28.95863515300016, -16.981094405999897], [28.96596294700015, -16.9796042829999], [28.970817803000045, -16.96885242899998], [28.975783668000133, -16.974490871999933], [28.98110351500003, -16.96909644099992], [28.986703362000185, -16.97370080099995], [28.998856016000104, -16.964963100999967], [29.010101706000114, -16.97246868799988], [29.05323148200017, -16.948500759999888], [29.055983407000042, -16.95143699099998], [29.058167341000114, -16.945292502999905], [29.068185057000107, -16.940411108999967], [29.06875704700019, -16.948653761999935], [29.076887816000124, -16.94335033599998], [29.07687782200003, -16.95145197799991], [29.081526688999986, -16.946705598999927], [29.09008445000012, -16.948668747999932], [29.098503213000072, -16.946019532999912], [29.097046258000034, -16.95174598699998], [29.09965718700016, -16.953981161999934], [29.106766986000025, -16.951472958999943], [29.10807794600015, -16.94784066999989], [29.109812901000055, -16.95259004499991], [29.11503975300019, -16.95007984299997], [29.119099642000094, -16.9535751169999], [29.12476447800003, -16.945895504999953], [29.079353654000045, -16.817656369999952], [29.076324700999976, -16.76556023699993], [29.214368626000123, -16.4591677599999], [29.155304209999997, -16.36562933099998], [28.846197842000095, -16.378623576999928], [28.851091698000175, -16.36818373999995], [28.840492980000192, -16.349233232999893], [28.844049868000184, -16.332133863999957], [28.840551961000187, -16.326057379999895], [28.828401295000106, -16.319693879999875], [28.82297043600005, -16.305915781999943], [28.835702059000027, -16.27535532899992], [28.85500350300009, -16.251923440999974], [28.857292431000133, -16.240541528999927], [28.855700472000137, -16.23630519099993], [28.84274983000006, -16.23194885099997], [28.835618013000158, -16.21041513199998], [28.83977188100016, -16.187854321999964], [28.836283959000014, -16.162275274999956], [28.839930851000133, -16.153279551999958], [28.854164444000048, -16.13969945399998], [28.864481140000123, -16.115932541999825], [28.863628154000025, -16.103071510999825], [28.853373422000118, -16.078016507999962], [28.847754560000112, -16.05290649699998], [28.84878452100014, -16.038304324999956], [28.87644173400014, -16.01483242199987], [28.889411351000035, -15.98477099899992], [28.903213954000137, -15.966455517999918], [28.91330765600003, -15.943817691999925], [28.928562227000043, -15.937733192999929], [28.96423823600003, -15.939601319999952], [28.981712747000188, -15.936037021999937], [29.01515381900009, -15.940408350999917], [29.028544441999998, -15.934315852999873], [29.03562423900007, -15.925335126999869], [29.043467006000128, -15.905206502999931], [29.06469739700003, -15.878263322999942], [29.091843631000074, -15.86283506399991], [29.15804075500006, -15.813281033999885], [29.194463726000038, -15.790659189999815], [29.214393157000075, -15.768773414999885], [29.2281387700001, -15.761950856999931], [29.24558728600016, -15.763401962999978], [29.268985629000156, -15.755144282999936], [29.294239919000177, -15.74364934199997], [29.30798452900018, -15.732148406999897], [29.333972802999995, -15.726042898999935], [29.345113486000116, -15.715977080999892], [29.364046954000116, -15.708069431999945], [29.398935985000037, -15.710589614999947], [29.42491824900003, -15.689372888999912], [29.436423927000078, -15.686854678999964], [29.463885164000033, -15.687926748999928], [29.47575983200005, -15.684686480999972], [29.499587168999994, -15.685960569999963], [29.52682340400014, -15.674103597999874], [29.54450789900011, -15.6517597859999], [29.557422533000192, -15.641824976999885], [29.58093188000015, -15.643275079999967], [29.600260352000134, -15.659837404999962], [29.624761672000034, -15.661957562999874], [29.63639734700007, -15.660140408999894], [29.670946376000074, -15.643523049999885], [29.70538441500014, -15.63840361799987], [29.73821149500003, -15.62674065899995], [29.759776893000037, -15.62405242999995], [29.775813443000118, -15.617740911999874], [29.788895074000095, -15.608125128999973], [29.807165566000094, -15.60971524699994], [29.83080990700006, -15.607143026999893]], [[29.696913363000192, -16.795400211999947], [29.689165583000033, -16.80034860899991], [29.685701678000044, -16.79839745599986], [29.672954043000004, -16.810820448999948], [29.67487199400017, -16.817947013999913], [29.671414092000077, -16.81955914399998], [29.670829114000128, -16.828066818999957], [29.677875919000144, -16.83266017899996], [29.684917722000023, -16.832770182999923], [29.686550005000186, -16.835995994999905], [29.697510660000148, -16.83707756499996], [29.702767342000072, -16.849173045999976], [29.714776035000057, -16.839423197999906], [29.714550738000128, -16.81880484099986], [29.703962393000097, -16.80738578499995], [29.706971847000034, -16.801496578999945], [29.696913363000192, -16.795400211999947]]]}}, {"type": "Feature", "properties": {"DISTRICT": "Hwange", "NAME": "Hwange", "PROVINCE": "Matabeleland North", "PCODE": "ZW1503", "AREA_SQKM": 26973.7, "MINING_CADASTRE": "Hwange Cadastre Zone (Matabeleland North)"}, "geometry": {"type": "Polygon", "coordinates": [[[25.26302630400005, -17.790121699999872], [25.310375028000124, -17.82360926299998], [25.348358986000164, -17.837597310999968], [25.368969402000175, -17.83141280199993], [25.380983080000135, -17.84150157599987], [25.396321662000048, -17.848935138999877], [25.42024698900019, -17.845665853999947], [25.432270659999972, -17.85085024499989], [25.457034954000164, -17.83989535799998], [25.481074292000187, -17.846949879999954], [25.49994178000003, -17.858136731999878], [25.51565334600008, -17.862475052999912], [25.529875942000047, -17.856797590999918], [25.55263427800014, -17.835570902999905], [25.580301505000023, -17.836167916999898], [25.590604224000117, -17.84081126799998], [25.607695741000043, -17.83693894399994], [25.61951941300009, -17.83864806399987], [25.64371272900007, -17.83259956099988], [25.66997896900017, -17.81237794799989], [25.683806577000098, -17.808383618999926], [25.69423128800014, -17.809716709999975], [25.699692141000128, -17.814136049999888], [25.69894417600017, -17.82547093799991], [25.70426804000016, -17.83496867499997], [25.732940245000066, -17.83948099399987], [25.748877810000067, -17.847553605999963], [25.759581505000085, -17.84286722699983], [25.76709429699997, -17.844561350999925], [25.77606005900003, -17.854091085999983], [25.790208671000073, -17.860358558999962], [25.793107611000096, -17.876646828999924], [25.805307282000115, -17.885577512999873], [25.82024287100012, -17.890788902999873], [25.817261978000147, -17.90923234699983], [25.80953921500003, -17.925242606999973], [25.809970266000107, -17.973727391999887], [25.813443162, -17.968808003999925], [25.83021968100013, -17.95960426599993], [25.836758483000096, -17.948233370999958], [25.84716618300007, -17.940896784999893], [25.850044113000138, -17.94918742899995], [25.863561739000033, -17.952149644999963], [25.86087982900017, -17.96385156199989], [25.865489713000045, -17.974259367999935], [25.877120390000186, -17.97567646499988], [25.883489222000094, -17.983865096999978], [25.890559023000037, -17.982672995999962], [25.91078846500011, -17.98883245199994], [25.916634315000124, -17.99915825099987], [25.940229649000003, -17.995086905999926], [25.954228264000164, -18.000430306999874], [25.959062126000106, -17.997695087999944], [25.969471839000107, -18.001454368999873], [25.97647963900016, -17.997950086999936], [25.994810100000052, -17.977765490999957], [26.01242960100018, -17.97323711699994], [26.033504018000087, -17.978365492999956], [26.04406471200008, -17.970321853999963], [26.052059499000165, -17.978488481999932], [26.06899402600004, -17.97922051899991], [26.075009854000086, -17.976666312999953], [26.08789950100015, -17.982253733999983], [26.093312344000083, -17.977643367999974], [26.097426213000006, -17.965297399999884], [26.09656222800004, -17.95838686199994], [26.10746690899998, -17.947114969999973], [26.091048364000187, -17.943670718999897], [26.08803343800014, -17.93511505499987], [26.0900073790001, -17.932070814999975], [26.10254601700018, -17.92317610599997], [26.10796186800019, -17.925474278999957], [26.12635234300012, -17.916816581999853], [26.13614307299997, -17.920268840999938], [26.142409890000067, -17.91409035099997], [26.152751604000116, -17.916797550999945], [26.161322354000106, -17.908747911999967], [26.17517396300019, -17.905920675999823], [26.21839072300014, -17.880657653999947], [26.227099490000114, -17.88892128899988], [26.226330521000023, -17.89690591399983], [26.247776945000112, -17.91624239999993], [26.286172871000133, -17.91666739099992], [26.293320674000142, -17.919660616999977], [26.309563238000067, -17.93483078299988], [26.349498111000173, -17.927302150999935], [26.37975427400005, -17.93517973199988], [26.40652652400007, -17.934590656999944], [26.415458277000084, -17.93747487199994], [26.42653998100019, -17.949058763999915], [26.43819865900008, -17.95268303399996], [26.44774739000013, -17.951864959999966], [26.45823311000015, -17.962933811999903], [26.465101916000037, -17.96132567899997], [26.470672763000096, -17.964371910999944], [26.485950355000114, -17.980475149999904], [26.512871610000104, -17.988213723999934], [26.54128280900011, -17.983754345999955], [26.56044927400012, -17.985020423999913], [26.56962102500006, -17.992463993999934], [26.574850906000165, -18.01555178899997], [26.590849468000158, -18.023616399999923], [26.60120018900011, -18.033705174999966], [26.597199315000182, -18.045072064999886], [26.59896326900008, -18.04828231299996], [26.610318957000175, -18.05291266099988], [26.652851766000083, -18.053970697999944], [26.67556214500007, -18.067656739999904], [26.693393653000157, -18.07403221699991], [26.697217543000193, -18.072010054999964], [26.69444961300013, -18.065308535999975], [26.700624431000165, -18.05720589899994], [26.71938789100011, -18.04505893299995], [26.73272749900019, -18.029867734999982], [26.747898061000058, -18.01867784699988], [26.769216461000042, -18.016493653999873], [26.7993326240001, -18.022779112999956], [26.802685527000108, -18.02029791599989], [26.804277470000102, -18.009310057999983], [26.824635902000068, -18.01173122499995], [26.829942751000146, -18.00964805699988], [26.824864879000074, -17.997783137999875], [26.830682708000154, -17.990634573999955], [26.861469847000137, -17.992154660999915], [26.86840465000006, -17.989764466999873], [26.876345418000028, -17.981294798999954], [26.895697882000036, -17.987135233999936], [26.92344709000008, -17.974990257999934], [26.92741098700003, -17.981632771999955], [26.921328172000074, -17.994944815999872], [26.881679300000087, -18.00914296399992], [26.886526175000085, -18.019061731999955], [26.886555188000102, -18.031068666999943], [26.891262061000077, -18.035373997999955], [26.884069268000133, -18.040339391999908], [26.888120161000188, -18.045811813999876], [26.890133132000187, -18.069981693999978], [26.86682380700006, -18.088141131999976], [26.86448390800018, -18.11939056599988], [26.852727261999974, -18.14071023599996], [26.853108258000077, -18.146323671999937], [26.86418195200008, -18.1499539429999], [26.869026828000187, -18.160536760999946], [26.971137960000192, -18.15848949499997], [26.972209943000166, -18.16981837499992], [26.95763637100015, -18.18629366999994], [26.964971188000106, -18.206044195999937], [26.984193657000162, -18.213667768999983], [26.98816755200005, -18.219449212999905], [27.04191403800013, -18.215210828999943], [27.04374999800018, -18.225871654999878], [27.052762744000177, -18.224199515999942], [27.057101632000183, -18.2337422519999], [27.08413387100012, -18.231574055999943], [27.11933988600009, -18.234683260999873], [27.12510073900006, -18.248327313999937], [27.120882874000074, -18.26286644699985], [27.124371791000158, -18.275989460999938], [27.117716988000154, -18.28488215799996], [27.118239991000166, -18.300886397999875], [27.129515676000096, -18.30299054999989], [27.147835158000078, -18.299612268999965], [27.156389944000182, -18.323070078999933], [27.16659565600014, -18.322527025999932], [27.170133563000036, -18.327728425999908], [27.188604051000084, -18.334307916999933], [27.202347685000177, -18.35258931899989], [27.232169844000055, -18.350120097999934], [27.24131558300013, -18.346444803999873], [27.2462654470001, -18.349000996999905], [27.269076798000185, -18.341906423999887], [27.269690803000117, -18.362649029999943], [27.262222028000053, -18.375456028999963], [27.276579632000164, -18.382446555999934], [27.29364415400005, -18.38465570999989], [27.292174222000085, -18.409086601999945], [27.298147082000128, -18.43403852599988], [27.277375666000125, -18.433758524999973], [27.252704369000128, -18.44214919899997], [27.239080763000175, -18.45163894699988], [27.23553489800014, -18.48352841499991], [27.222700276000126, -18.49877360599993], [27.192832130000056, -18.510844568999914], [27.186326310000027, -18.50864540499998], [27.180850468000074, -18.51158863799992], [27.176921589000187, -18.521472405999873], [27.166570888000024, -18.527603889999966], [27.157515157000148, -18.540431888999933], [27.148095430000126, -18.547622453999963], [27.14784344800006, -18.557423210999957], [27.135775795000143, -18.56363670299993], [27.135180820000187, -18.57097626999996], [27.140324686000042, -18.58028498199991], [27.13596282000009, -18.59033176199995], [27.122348203000058, -18.59041978299996], [27.118236315000047, -18.586989521999897], [27.113870441000074, -18.590094766999982], [27.103338735000023, -18.587973613999964], [27.074189091999983, -18.598568022999928], [27.03599501900004, -18.66585360399995], [27.141543218000095, -18.733419826999977], [27.157007757000088, -18.731673757999886], [27.153395318000037, -18.761150279999924], [27.181620492000036, -18.777595436999945], [27.242678062000152, -18.782829121999896], [27.33632254900016, -18.80557308699997], [27.366370521000135, -18.86002805099986], [27.283078992000014, -18.955782271999965], [27.468296463000115, -19.098084024999935], [27.446528668000155, -19.122682296999926], [27.44756764800013, -19.131044933999874], [27.442848797000067, -19.145044006999967], [27.44387877500003, -19.150896452999973], [27.452593539000077, -19.16018815299998], [27.456545441000173, -19.172602095999935], [27.455593483000143, -19.185393072999886], [27.459511377000126, -19.190040422999914], [27.459919374000037, -19.197314976999905], [27.453526560000057, -19.20235836799992], [27.45421455600018, -19.216218423999976], [27.449438692000058, -19.21695248499998], [27.44023394600015, -19.21149007799994], [27.418355567000106, -19.213479251999956], [27.398413146000053, -19.2274093339999], [27.39063136800013, -19.228750443999957], [27.374891808000086, -19.224978172999954], [27.35838226500016, -19.216306528999894], [27.357030313000053, -19.224795176999976], [27.349494529000026, -19.228045432999977], [27.32383025300004, -19.2269273739999], [27.309143679000044, -19.236411111999928], [27.306240758000115, -19.23343188799987], [27.29995893800009, -19.235480050999968], [27.28007451700006, -19.250595222999948], [27.278848566000136, -19.262662143999876], [27.267665883000063, -19.263521220999905], [27.24281060600015, -19.281185591999872], [27.23362887999997, -19.293382529999917], [27.231285964000108, -19.30891371499996], [27.234286885000188, -19.313741078999954], [27.20462673500009, -19.323396844999877], [27.18005642200012, -19.317327408999972], [27.134553705000087, -19.31471225899992], [27.12653393800008, -19.319599638999932], [27.112134342000047, -19.31723947499995], [27.088337023000065, -19.324961087999895], [27.067670604000114, -19.32240691599992], [27.06551767000019, -19.326121200999978], [27.061021792000133, -19.322463927999934], [27.008863278000035, -19.332625757999892], [26.991255770000123, -19.327481385999874], [26.993288718000144, -19.332320751999873], [26.977351173000102, -19.33635107599997], [26.96531051100004, -19.333874899999955], [26.959748672000046, -19.33721115999998], [26.93909225500005, -19.33665814099993], [26.93445639100014, -19.34061044699996], [26.928898547000188, -19.340339431999894], [26.89503055500012, -19.381716615999892], [26.887132796000117, -19.39550467199996], [26.88367491600019, -19.413618051999947], [26.872440248000032, -19.425648977999913], [26.86890236000005, -19.43487868299991], [26.87212628400016, -19.44719561499994], [26.86377352700015, -19.452636036999934], [26.848191031000113, -19.503376903999936], [26.808661279000034, -19.606127730999958], [26.806173373000036, -19.624814147999928], [26.785571016000063, -19.67151070199992], [26.75832789100008, -19.752459845999965], [26.74350432900013, -19.766454918999898], [26.718675150000024, -19.856743752999876], [26.698032775000172, -19.8874740899999], [26.663738746000092, -19.887127103999887], [26.616299075000086, -19.875998321999873], [26.594452651000097, -19.844171951999897], [26.57211121600011, -19.79316713399993], [26.556882633000157, -19.782100317999948], [26.536654195000153, -19.77469578299997], [26.52586448800008, -19.76547410099994], [26.51144189600012, -19.765173094999966], [26.50071318900018, -19.757289512999876], [26.49231542399997, -19.755231367999954], [26.452750535999996, -19.74993801599993], [26.431844115000104, -19.74064133899998], [26.415306560000033, -19.723399056999938], [26.405738786000086, -19.690567587999908], [26.396508035000124, -19.681437908999953], [26.390635182000096, -19.66704982899995], [26.35069831800007, -19.67238928099988], [26.33887164200013, -19.66452069999997], [26.329052917000126, -19.663090603999933], [26.329397888000187, -19.648381490999952], [26.340480548000016, -19.62890200399994], [26.357183051999982, -19.61101763099998], [26.335882639000033, -19.599730801999897], [26.311993278000045, -19.573574849999886], [26.24481718800007, -19.58223158699991], [26.215331990000095, -19.560035941999956], [26.196720511000024, -19.556138668999893], [26.16907027100018, -19.54109256299995], [26.15906450500006, -19.50546687399992], [26.154349630000127, -19.499549430999878], [26.141683914000055, -19.44632240599998], [26.142299883000135, -19.43619963599997], [26.127251292000153, -19.425361830999975], [26.11017468700004, -19.362063039999896], [26.098707989000047, -19.345826817999978], [26.091182168000046, -19.32157098099998], [26.07701453200002, -19.29605605599994], [26.07165864600006, -19.269008000999918], [26.044428368000183, -19.23598951699995], [26.042202392000036, -19.207516347999956], [25.99525963400015, -19.14908594499991], [25.97557816200009, -19.129593478999936], [25.965963401000067, -19.106575731999953], [25.96290845100009, -19.08030972699993], [25.96794328200002, -19.060618213999817], [25.99668843200004, -19.030185848999906], [25.986835636000023, -18.976709764999896], [25.971165041000063, -18.949742715999946], [25.968163109000045, -18.937685794999936], [25.944168735000176, -18.901936081999963], [25.92490327000013, -18.896790709999948], [25.874335640000027, -18.859207885999922], [25.863678932000028, -18.853432455999894], [25.85507317300005, -18.852627403999918], [25.84663939899997, -18.844422783999903], [25.82611296200008, -18.83487807599994], [25.819529105000072, -18.80378969399993], [25.807165431999977, -18.78870854999991], [25.79671167300006, -18.75049262199991], [25.791149784000027, -18.717843113999947], [25.793545701000085, -18.70607820499987], [25.791758737000066, -18.695871420999936], [25.804091375000098, -18.683798474999946], [25.79087571499997, -18.660948729999916], [25.78779476400007, -18.633924649999926], [25.782954885000095, -18.62297781099994], [25.75957051400019, -18.603062302999888], [25.733628228000043, -18.592700534999892], [25.71974661500019, -18.59061539099997], [25.69148237900015, -18.569266776999882], [25.67388384000003, -18.54536595199994], [25.66576804000016, -18.525648438999895], [25.653868356000032, -18.512232415999904], [25.649024467999993, -18.495243107999954], [25.619432284000084, -18.485280373999956], [25.60457068700009, -18.475194611999882], [25.574954458000036, -18.432266325999876], [25.5213988860001, -18.379168278999828], [25.517868958000065, -18.35947675699998], [25.500550382000142, -18.315049331999944], [25.49239060399998, -18.310247968999875], [25.474653052000008, -18.27530327799991], [25.461624393000022, -18.257961947999945], [25.46308334100013, -18.25001532799996], [25.456510491000188, -18.22488438399995], [25.447874721999995, -18.217108789999884], [25.444517795000024, -18.20206462399989], [25.42579728100003, -18.174196479999978], [25.41915244100005, -18.155720050999946], [25.394892071000186, -18.120284321999975], [25.38852924500003, -18.11712908399994], [25.374548636000156, -18.117118100999903], [25.368698795000114, -18.11347482399998], [25.362650933999987, -18.091916151999953], [25.320456093000132, -18.07689703499983], [25.316599181000015, -18.062122887999976], [25.29863265500012, -18.041951337999876], [25.291191844000025, -18.028223275999892], [25.282084067000085, -18.005464511999946], [25.282384033000028, -17.986947065999914], [25.26862436900001, -17.95155131899992], [25.252469801000075, -17.937338228999977], [25.237597176999998, -17.908559998999976], [25.24260302100015, -17.897064093999973], [25.23920108300001, -17.873214232999942], [25.24880377800008, -17.846089098999926], [25.264768290999996, -17.81606372899995], [25.26302630400005, -17.790121699999872]], [[26.516209831000026, -18.249722067999926], [26.473112120000053, -18.315023182999937], [26.452141708000113, -18.31490719699991], [26.449282785000037, -18.311915967999937], [26.443192959000157, -18.314552178999918], [26.438882091000153, -18.32380590199989], [26.42385451600012, -18.326812151999945], [26.41242585000009, -18.337658004999923], [26.418649681000147, -18.34206433999998], [26.352651599000126, -18.39470949299988], [26.392914580000024, -18.483854344999884], [26.484069974000022, -18.446354341999893], [26.49935954199998, -18.444496181999966], [26.503499434000048, -18.451311703999977], [26.50857929100016, -18.450697650999928], [26.515472091000106, -18.445832266999957], [26.524666805000038, -18.422819475999916], [26.5366544580001, -18.41407178599991], [26.536232463999966, -18.40970744799995], [26.54188029800008, -18.403971997999975], [26.551316983000106, -18.36252177699987], [26.54274220200017, -18.344564394999907], [26.54600410500018, -18.340454072999876], [26.546582013000034, -18.277463187999956], [26.532631385000172, -18.261916996999958], [26.53364633800004, -18.246315784999922], [26.566077385000142, -18.210286950999944], [26.58851873700013, -18.194667712999944], [26.5713842130001, -18.191268467999976], [26.55522168000016, -18.202538360999938], [26.51503485700016, -18.24352858899988], [26.516209831000026, -18.249722067999926]]]}}, {"type": "Feature", "properties": {"DISTRICT": "Hwange Urban", "NAME": "Hwange Urban", "PROVINCE": "Matabeleland North", "PCODE": "ZW1521", "AREA_SQKM": 309.8, "MINING_CADASTRE": "Hwange Urban Cadastre Zone (Matabeleland North)"}, "geometry": {"type": "Polygon", "coordinates": [[[26.5713842130001, -18.191268467999976], [26.58851873700013, -18.194667712999944], [26.566077385000142, -18.210286950999944], [26.53364633800004, -18.246315784999922], [26.532631385000172, -18.261916996999958], [26.546582013000034, -18.277463187999956], [26.54600410500018, -18.340454072999876], [26.54274220200017, -18.344564394999907], [26.551316983000106, -18.36252177699987], [26.54188029800008, -18.403971997999975], [26.536232463999966, -18.40970744799995], [26.5366544580001, -18.41407178599991], [26.524666805000038, -18.422819475999916], [26.515472091000106, -18.445832266999957], [26.50857929100016, -18.450697650999928], [26.503499434000048, -18.451311703999977], [26.49935954199998, -18.444496181999966], [26.484069974000022, -18.446354341999893], [26.392914580000024, -18.483854344999884], [26.352651599000126, -18.39470949299988], [26.418649681000147, -18.34206433999998], [26.41242585000009, -18.337658004999923], [26.42385451600012, -18.326812151999945], [26.438882091000153, -18.32380590199989], [26.443192959000157, -18.314552178999918], [26.449282785000037, -18.311915967999937], [26.452141708000113, -18.31490719699991], [26.473112120000053, -18.315023182999937], [26.516562822000026, -18.250172102999954], [26.51503485700016, -18.24352858899988], [26.55522168000016, -18.202538360999938], [26.5713842130001, -18.191268467999976]]]}}, {"type": "Feature", "properties": {"DISTRICT": "Hwedza", "NAME": "Hwedza", "PROVINCE": "Mashonaland East", "PCODE": "ZW1303", "AREA_SQKM": 2559.8, "MINING_CADASTRE": "Hwedza Cadastre Zone (Mashonaland East)"}, "geometry": {"type": "Polygon", "coordinates": [[[31.46009161600017, -18.407628399999965], [31.553937971000153, -18.4317482269999], [31.55658991000007, -18.464688767999974], [31.57999225200018, -18.47521657199991], [31.621802070000058, -18.480087931999947], [31.63511670600002, -18.51203539099987], [31.609169444000088, -18.518834923999975], [31.626691954000023, -18.535592208999958], [31.638994608000075, -18.53956451099998], [31.644042468000123, -18.547621129999925], [31.655914132000078, -18.548907224999937], [31.661957967000035, -18.564859450999904], [31.671530698000083, -18.56973082299993], [31.676152570000056, -18.576403334999895], [31.69493903700004, -18.573599111999954], [31.703319802000067, -18.580590647999884], [31.734221926000032, -18.57841046899989], [31.733042964000163, -18.588026209999953], [31.744837631000053, -18.591749491999906], [31.746218594000027, -18.59859001799998], [31.75802226500008, -18.611128978999943], [31.756682307000062, -18.62226183599995], [31.763207128000033, -18.63601289099995], [31.77246486700011, -18.639519157999928], [31.772348873000112, -18.646591701999967], [31.78139661900019, -18.654277289999925], [31.78593449600004, -18.66900241999997], [31.792691304000073, -18.667967337999983], [31.79560822500008, -18.67607796099992], [31.81328873100017, -18.694756389999952], [31.830345258000193, -18.722977551999975], [31.83368116800017, -18.735532514999875], [31.829674286000113, -18.74706540099993], [31.84169194500015, -18.746342341999878], [31.84989571400007, -18.752333798999928], [31.869063169000185, -18.745608275999928], [31.88373275400005, -18.749083537999923], [31.90913005100009, -18.79607813499996], [31.90676513200009, -18.833900034999942], [31.913260953000133, -18.849314213999946], [31.912295985000014, -18.86330028599997], [31.917222850000087, -18.874789163999935], [31.921035753000183, -18.90499647499996], [31.92907852500008, -18.90781968799996], [31.934165380000024, -18.9040553989999], [31.95408341900003, -18.920795928999837], [31.94827899100011, -18.937966987999914], [31.967277459000172, -18.95896858799989], [31.969850389000044, -18.966312148999975], [31.975876218999986, -18.970135438999932], [31.97531124500017, -18.996082421999915], [31.97852915700014, -19.0055061409999], [31.974312282000028, -19.02270045499995], [31.977426201000185, -19.042222944999935], [31.969097441000088, -19.05310177799987], [31.97191236700013, -19.069099997999956], [31.969707435000146, -19.084648183999946], [31.971430389000034, -19.093238838999923], [31.982626078000123, -19.112104273999933], [31.98189210200013, -19.119522839999888], [31.97219137900015, -19.12329712999997], [31.963304628000174, -19.11517151399994], [31.953865897000185, -19.11779471699998], [31.940722270000037, -19.11592657899996], [31.919686870000078, -19.123023126999954], [31.910065142999997, -19.122143062999896], [31.89768649200016, -19.114523485999882], [31.892900628999996, -19.117580720999968], [31.886276817000123, -19.11474650699995], [31.88028198799998, -19.116756661999887], [31.860724538000056, -19.101687519999928], [31.854898704000163, -19.103665672999966], [31.83978513200003, -19.09994439399992], [31.832483334000187, -19.086481369999944], [31.81468883800011, -19.08191102799998], [31.81162892300017, -19.078497767999977], [31.813109879000137, -19.07124721499997], [31.80226618200004, -19.05924030199992], [31.79713432799997, -19.059703339999942], [31.795117382000058, -19.05193074699997], [31.78445768300014, -19.04779343499996], [31.774253968000096, -19.034702438999943], [31.738846971000157, -19.02770491799987], [31.729381237000155, -19.02183747299989], [31.71874454000016, -19.02434866899995], [31.705255916000056, -19.007215364999922], [31.706170888000088, -19.000780872999826], [31.702748984000095, -18.999666788999946], [31.701191026000117, -18.992806265999832], [31.70177700400012, -18.98056332999988], [31.6813175690001, -18.941053316999955], [31.67956461400007, -18.92899839499995], [31.670408869000084, -18.91805156099997], [31.668852909000123, -18.90655268199987], [31.649970424000173, -18.856484854999962], [31.636152806000155, -18.83218299799995], [31.618256295000094, -18.785920457999964], [31.592744014999994, -18.77744781699988], [31.584243258000186, -18.782770228999937], [31.578607423000108, -18.795220185999938], [31.55832899500018, -18.78932374099992], [31.543095430000164, -18.796751316999973], [31.52809685600016, -18.79789040999998], [31.523144995000166, -18.793805098999883], [31.519359098000166, -18.783952343999943], [31.520639055999993, -18.77078733399992], [31.49565676600014, -18.77461363699996], [31.478957236000042, -18.76875319399994], [31.46704556400016, -18.745146386999977], [31.468134530000043, -18.737361788999976], [31.45902778800007, -18.73795683799989], [31.449125066000136, -18.732947456999966], [31.43165056100014, -18.731416346999936], [31.416433990000144, -18.72625495699998], [31.413088076000065, -18.70680946399989], [31.407939220000173, -18.702497134999874], [31.379795013000034, -18.693060421999974], [31.36897630499999, -18.660558927999944], [31.35415072300009, -18.656112591999943], [31.35145079600005, -18.64834899599998], [31.338254169000038, -18.64638184999984], [31.331670352000174, -18.63945031999998], [31.324408561000155, -18.647083909999935], [31.322495614000104, -18.64438070299991], [31.314629838000144, -18.64550479199994], [31.296772341000064, -18.64107145899993], [31.27190503600019, -18.620208863999835], [31.26606419600006, -18.609655054999962], [31.25458052099998, -18.607899923999923], [31.24662374900015, -18.613329345999944], [31.244723798000052, -18.604491665999944], [31.239858935000143, -18.603219569999965], [31.22882125000001, -18.607825929999933], [31.215731618000007, -18.602143497999975], [31.207468848000076, -18.594295896999938], [31.203321948000166, -18.557477063999897], [31.255343439000058, -18.478569958999913], [31.276129851000064, -18.47736085699995], [31.30592300900014, -18.48073710499989], [31.347257827000135, -18.452389900999947], [31.349741752000057, -18.44226711899995], [31.40297826900013, -18.494658138999966], [31.47821712100017, -18.44996166199985], [31.455893742000114, -18.425928814999907], [31.46009161600017, -18.407628399999965]]]}}, {"type": "Feature", "properties": {"DISTRICT": "Insiza", "NAME": "Insiza", "PROVINCE": "Matabeleland South", "PCODE": "ZW1605", "AREA_SQKM": 8220.8, "MINING_CADASTRE": "Insiza Cadastre Zone (Matabeleland South)"}, "geometry": {"type": "Polygon", "coordinates": [[[29.239908229000036, -19.484115188999965], [29.246009068000035, -19.498104243999933], [29.25376985100013, -19.502609578999966], [29.257949740000186, -19.511966283999982], [29.26514753800012, -19.514903500999935], [29.2798301360001, -19.532261803999972], [29.282307093000156, -19.565065282999967], [29.301490555000044, -19.574291965999976], [29.29553973200018, -19.583460663999915], [29.307581400000174, -19.595268546999932], [29.30696142200003, -19.601118989999918], [29.316675153000176, -19.609194592999927], [29.31646116600018, -19.61731320599995], [29.348227275000113, -19.631657265999877], [29.356761040000038, -19.641350991999957], [29.35438810900007, -19.64318413199993], [29.358785990000058, -19.64959361199982], [29.356711053000026, -19.65487501299998], [29.361843912000097, -19.660613441999885], [29.35968998000004, -19.66903107899992], [29.363065892000122, -19.67908183399993], [29.370271686000024, -19.67769672499992], [29.376882507000175, -19.68820851299995], [29.401465817000087, -19.699016309999877], [29.400700842000106, -19.703222626999946], [29.406357690000107, -19.71443846899996], [29.40353277500003, -19.719336839999983], [29.412974518000112, -19.733290884999917], [29.41364750700012, -19.74353965699987], [29.409487629000182, -19.74784698399992], [29.41211255799999, -19.751970292999943], [29.416752424000038, -19.750393170999928], [29.423581235000086, -19.75667263899993], [29.416022456000064, -19.763625167999976], [29.41840439000015, -19.765904337999928], [29.412758585000063, -19.806843423999965], [29.403685852000024, -19.818343295999966], [29.40323788500018, -19.842677125999955], [29.413849620000008, -19.88708445599991], [29.47243192000019, -19.84775145699996], [29.50240407700005, -19.86136545799991], [29.517621646000123, -19.863453603999915], [29.562247393000064, -19.886067270999945], [29.582244849000176, -19.91816466699987], [29.598462400000074, -19.934209859999896], [29.618498828000043, -19.932197693999967], [29.654059799000095, -19.912213168999926], [29.680213048000155, -19.905143619999876], [29.69523267300002, -19.972157637999942], [29.710966225000107, -19.972863679999875], [29.752793019000023, -19.955068315999938], [29.797665732000098, -19.944947525999964], [29.798161717000028, -19.952601937999873], [29.80141262500007, -19.95408804699997], [29.800425691000157, -20.003238733999865], [29.80944343200008, -20.000087490999874], [29.87559855000012, -20.00569886699992], [29.873444660000075, -20.06143220299998], [29.84081362500018, -20.105977556999846], [29.815963375000024, -20.159152547999952], [29.792143099000157, -20.215530772999898], [29.79219011600003, -20.239172536999945], [29.77817555200005, -20.284640934999857], [29.730887988000063, -20.39152592199997], [29.73119703000009, -20.455580679999855], [29.713404546000163, -20.47359487599988], [29.701124932000027, -20.516161042999954], [29.605308130000026, -20.57531648799994], [29.620303316000104, -20.595186107999893], [29.58449834800018, -20.604275806999965], [29.596804035000105, -20.650612224999975], [29.607881732000124, -20.668182514999955], [29.661663181000165, -20.65472848099995], [29.675368802000094, -20.670484635999912], [29.66680008200001, -20.712660756999924], [29.650635581000074, -20.75569194399992], [29.6242994750001, -20.891184300999953], [29.58571125399999, -20.925993725999888], [29.541428737000047, -20.953384708999977], [29.48938875200008, -20.995268620999866], [29.45778332400016, -21.015580057999898], [29.498596164000162, -21.028180950999968], [29.43953988300018, -21.05626305499993], [29.357294220000085, -21.03074424899995], [29.35794019000008, -21.018509350999977], [29.34671050200012, -21.00750155299994], [29.349937404000116, -21.000661047999927], [29.345829498000057, -20.974096101999976], [29.355091214000026, -20.95434364399989], [29.356004179000024, -20.944699934999903], [29.349201362000144, -20.931134942999904], [29.327674963000106, -20.912853616999882], [29.297551817000112, -20.903159927999923], [29.289835022000148, -20.885401627999954], [29.28990300700019, -20.870370521999973], [29.285303126000144, -20.85607747299997], [29.271293519000153, -20.847363842999926], [29.27023354100004, -20.837920148999956], [29.258136878000016, -20.828276447999883], [29.25764288300013, -20.81743364999994], [29.248521134000043, -20.806522852999876], [29.222583799999995, -20.722145648999913], [29.19994540100015, -20.67107389499995], [29.19782844500014, -20.65298755899994], [29.1820878420001, -20.594658255999946], [29.182754792000026, -20.560456721999913], [29.153527623000002, -20.556167427999924], [29.13668608400019, -20.533168736999926], [29.126995353000154, -20.525027140999896], [29.129845261000014, -20.51361329199989], [29.12487438000005, -20.488680445999933], [29.127464301000032, -20.482881013999872], [29.12363840500018, -20.476702557999886], [29.127937277000058, -20.471081136999942], [29.128176260000032, -20.46018732799996], [29.134800067000185, -20.45597000999993], [29.12794925899999, -20.439938070999915], [29.129965339000023, -20.424352141999975], [29.122377045999997, -20.424024251999924], [29.121752305000086, -20.41099398699987], [29.17698934800012, -20.405686083999967], [29.231707065000023, -20.378031517999943], [29.193636264000133, -20.320135859999937], [29.199535066000067, -20.28714939799994], [29.187101402000167, -20.26618084499995], [29.193832174000192, -20.2248877589999], [29.210170678000054, -20.19144924999995], [29.157960167000113, -20.191214273999947], [29.088704103000055, -20.148473135999893], [29.08923605100017, -20.10814111899998], [29.05659697499999, -20.10103361399996], [29.040167354000175, -20.003015284999947], [29.01992293400008, -20.00630254799995], [29.01474105200009, -19.974409159999936], [28.983322058, -19.956796937999968], [28.991437696000048, -19.942692960999977], [28.955004622000047, -19.82167989699991], [29.046580794000192, -19.853188119999913], [29.072019921000162, -19.82998701699995], [29.09785298100013, -19.8140272039999], [29.085816375000036, -19.807209150999938], [29.103500270000097, -19.775383658999942], [29.102941362000024, -19.70934676399986], [29.041662857000176, -19.657279999999957], [29.06917048600019, -19.65435563199992], [29.115732080000157, -19.601272834999975], [29.195084928000085, -19.564659011999936], [29.127096413000118, -19.534737292999978], [29.094367746000103, -19.534249828999975], [29.083472322000148, -19.519297320999954], [29.082126801000072, -19.509743755999978], [29.090340464000178, -19.506459316999894], [29.092111400000135, -19.50150933799995], [29.107254231000127, -19.49031476099998], [29.17186108100009, -19.49766982799997], [29.215483989999996, -19.529599888999883], [29.233794593000084, -19.482402615999945], [29.231907774000035, -19.48053252299991], [29.239908229000036, -19.484115188999965]]]}}, {"type": "Feature", "properties": {"DISTRICT": "Kadoma Urban", "NAME": "Kadoma Urban", "PROVINCE": "Mashonaland West", "PCODE": "ZW1403", "AREA_SQKM": 254.4, "MINING_CADASTRE": "Kadoma Urban Cadastre Zone (Mashonaland West)"}, "geometry": {"type": "Polygon", "coordinates": [[[30.022718367000152, -18.289280556999927], [30.013925294000103, -18.3008726569999], [30.026924720000068, -18.30659252399994], [30.007463207, -18.34343113199992], [30.002661539000087, -18.3659067559999], [30.015015331000143, -18.366654567999944], [30.015356837000127, -18.379293958999938], [29.99995926400004, -18.37855193199988], [29.989387148000162, -18.397644495999884], [29.96303964800012, -18.387016869999968], [29.947242006000067, -18.409974431999956], [29.904089184000043, -18.417894799999942], [29.844518392000168, -18.381581414999914], [29.83624050500015, -18.38705282299992], [29.780343064000192, -18.35940071999994], [29.80474636800011, -18.350123986999904], [29.815470066000103, -18.35008197699989], [29.883918531999996, -18.30581134499988], [29.922524164000038, -18.266180177999956], [29.95600156500018, -18.295776420999857], [29.982870638000122, -18.272404565999977], [29.951380912000047, -18.240282048999916], [29.968778205000035, -18.22489969399993], [30.02198021700019, -18.284577248999938], [30.022718367000152, -18.289280556999927]]]}}, {"type": "Feature", "properties": {"DISTRICT": "Kariba", "NAME": "Kariba", "PROVINCE": "Mashonaland West", "PCODE": "ZW1404", "AREA_SQKM": 8191.4, "MINING_CADASTRE": "Kariba Cadastre Zone (Mashonaland West)"}, "geometry": {"type": "Polygon", "coordinates": [[[29.155304209999997, -16.36562933099998], [29.214368626000123, -16.4591677599999], [29.076324700999976, -16.76556023699993], [29.079353654000045, -16.817656369999952], [29.12476447800003, -16.945895504999953], [29.11982462200001, -16.95329409399983], [29.11503975300019, -16.95007984299997], [29.109812901000055, -16.95259004499991], [29.10807794600015, -16.94784066999989], [29.106766986000025, -16.951472958999943], [29.09965718700016, -16.953981161999934], [29.097046258000034, -16.95174598699998], [29.098503213000072, -16.946019532999912], [29.09008445000012, -16.948668747999932], [29.081526688999986, -16.946705598999927], [29.07687782200003, -16.95145197799991], [29.076887816000124, -16.94335033599998], [29.074562883000056, -16.94670160299995], [29.067305087000136, -16.947953706999897], [29.068185057000107, -16.940411108999967], [29.058167341000114, -16.945292502999905], [29.055983407000042, -16.95143699099998], [29.05323148200017, -16.948500759999888], [29.010101706000114, -16.97246868799988], [28.998856016000104, -16.964963100999967], [28.986703362000185, -16.97370080099995], [28.98110351500003, -16.96909644099992], [28.975783668000133, -16.974490871999933], [28.970817803000045, -16.96885242899998], [28.96596294700015, -16.9796042829999], [28.95863515300016, -16.981094405999897], [28.959627129000125, -16.98521273199998], [28.950275387000147, -16.98052736699998], [28.948252445000094, -16.98239551699993], [28.951178367000068, -16.987430912999912], [28.943718580000052, -16.99335438699984], [28.936842770000112, -16.990508166999973], [28.936468786999967, -16.99890883199987], [28.928321018000076, -17.002992160999952], [28.92023825600006, -17.01866640599991], [28.914390421000007, -17.019360464999977], [28.91412343100012, -17.023516793999875], [28.881374345000097, -17.02015455199995], [28.86275587200015, -17.027864174999877], [28.85439211300013, -17.036337850999928], [28.855653082000117, -17.04256934299997], [28.869152710000094, -17.049319866999838], [28.873117607000154, -17.059965705999957], [28.88660122700003, -17.056021384999895], [28.889629146000004, -17.06152981799994], [28.899972860000048, -17.065503124999907], [28.915427444000102, -17.08756685799989], [28.92471620700013, -17.117070181999964], [28.916371456000093, -17.1371527739999], [28.90908366400015, -17.14191715499993], [28.90043990500004, -17.14105509299992], [28.885325338000087, -17.15387411599994], [28.864975904000175, -17.14886073499997], [28.859218069999997, -17.155182237999952], [28.851384290000055, -17.154839216999903], [28.833871776000024, -17.150686901999904], [28.832070824000027, -17.14739564399997], [28.823248071000023, -17.147571663999884], [28.80290264500013, -17.152420060999873], [28.798296780000157, -17.160349690999965], [28.791559966000136, -17.156365380999887], [28.7868891010001, -17.162504868999918], [28.779084316000137, -17.157555483999943], [28.776960914000142, -17.163653352999916], [28.77371995900012, -17.164410532999966], [28.76597968300007, -17.156615418999877], [28.754532005000044, -17.158701591999943], [28.7488861650001, -17.16180884199997], [28.743548327000042, -17.17707705099997], [28.734978567999974, -17.17838515999989], [28.72584083400011, -17.19037811399994], [28.714700150000112, -17.19571454299995], [28.71093726000015, -17.20196003799998], [28.71315120800017, -17.21356295199996], [28.709403314000042, -17.21627016899987], [28.70775935600011, -17.211232772999892], [28.703346481000096, -17.212285858999905], [28.70252950700018, -17.215961148999895], [28.671532362000107, -17.200431947999903], [28.67009041200015, -17.212519901999826], [28.661427669999966, -17.231122375999973], [28.663275623000004, -17.23688982899995], [28.657477787999994, -17.24005908399988], [28.63833034600009, -17.266792204999945], [28.631881544000123, -17.287625851999962], [28.636918415000082, -17.302523021999946], [28.629190637000136, -17.30972859499991], [28.6067322720001, -17.31601110699995], [28.590109761000065, -17.343910315999892], [28.56160758599998, -17.375418817999957], [28.55448179700005, -17.388906883999937], [28.53891224400013, -17.401735905999885], [28.544748854999966, -17.41091705899987], [28.542687148000027, -17.41245674499993], [28.523034699000164, -17.412999802999877], [28.507721116000084, -17.39789662699991], [28.50458720400013, -17.39883370299998], [28.499208344000067, -17.38594569399993], [28.474402038000164, -17.38426758099996], [28.47686296400019, -17.379163177999942], [28.463553331000185, -17.372004624999875], [28.465726265000058, -17.36561011999987], [28.456010541000126, -17.370361501999923], [28.458947465000165, -17.378003100999877], [28.437946047000082, -17.371073571999943], [28.35112549100012, -17.38418967299998], [28.34032480400009, -17.395601579999834], [28.334352970000168, -17.394293481999966], [28.327346173000137, -17.401462050999953], [28.31522350900019, -17.397799772999974], [28.304204820000052, -17.40046199099993], [28.297327007000035, -17.394230506999975], [28.286356320000095, -17.400335995999967], [28.280062492000184, -17.394163514999946], [28.2650019190001, -17.400954060999936], [28.24265954400005, -17.399697980999917], [28.239196634000052, -17.391157310999972], [28.24239152800004, -17.372936874999937], [28.23381975200016, -17.355056474999856], [28.22105210500007, -17.350040089999936], [28.20990641800006, -17.350383126999873], [28.204586560000052, -17.342230488999974], [28.196335790000035, -17.341793460999895], [28.193272871000033, -17.336031009999886], [28.197851736000075, -17.32911446199995], [28.182040167000025, -17.315756422999925], [28.17312342400004, -17.323441034999917], [28.171767448000082, -17.307973817999937], [28.163520678000054, -17.307137758999943], [28.165439613000103, -17.296642931999884], [28.17210341700013, -17.285774069999945], [28.172124413000063, -17.282204788999877], [28.16451062400006, -17.278994541999907], [28.165984578000177, -17.27365211999995], [28.17197340900003, -17.27269103899988], [28.170558444000108, -17.267727648999937], [28.153035933000012, -17.265854515999933], [28.14213423400014, -17.26084112899997], [28.14218122500006, -17.25271548899991], [28.1471500830001, -17.249570236999944], [28.150813988000152, -17.25791289099982], [28.15661082300005, -17.254374607999978], [28.164668597000116, -17.25441660399997], [28.164065610000023, -17.249600224999938], [28.143702173000122, -17.24253268399991], [28.150517973000092, -17.23176482899993], [28.138359310000112, -17.228310566999937], [28.136007370000186, -17.221407023999916], [28.137621322000143, -17.21807175999993], [28.152450907000116, -17.218181755999865], [28.155963804000066, -17.212865333999957], [28.153880852000043, -17.20194947399989], [28.14584007999997, -17.2045796889999], [28.135500361000084, -17.195342967999864], [28.136169332000065, -17.18346002999988], [28.13103746100012, -17.16761378299998], [28.14342110300015, -17.154705752999973], [28.143181102000085, -17.14554402999994], [28.134691334000024, -17.139758579999977], [28.118029797000133, -17.136398327999927], [28.10815507500007, -17.139037544999894], [28.095113448000006, -17.147883253999908], [28.087384652000026, -17.134118172999933], [28.092870489000177, -17.124003369999855], [28.070919083000035, -17.101044572999967], [28.062727310000184, -17.09905442299987], [28.04568779700014, -17.111373410999875], [28.031898174000048, -17.101267622999956], [28.03245315500004, -17.09753032799989], [28.04773272200015, -17.090743777999876], [28.052305588000138, -17.08438027099993], [28.052729558000067, -17.061267442999906], [28.046946704000106, -17.045315183999946], [28.06774910700011, -17.02632766699992], [28.065313450000133, -17.022879167999974], [28.047550667999985, -17.02302041999991], [28.032537084000182, -17.019151125999883], [28.040136862000168, -17.00787222699995], [28.029130160000193, -16.99762142499992], [28.020364390000168, -16.980475073999912], [28.033006008000086, -16.948921563999875], [28.02877971500004, -16.92592235199993], [28.029841997000176, -16.89617846999988], [28.01395947600014, -16.87657984499998], [28.06337607500012, -16.852933927999914], [28.135883025000112, -16.823846560999925], [28.238402090000193, -16.73889973199988], [28.246847851000098, -16.735094422999907], [28.248199801000055, -16.720942296999908], [28.26325637700006, -16.71671694899993], [28.263883345000067, -16.70021763699998], [28.273382079000157, -16.698233471999913], [28.287095699000076, -16.701867749999963], [28.295876452000186, -16.699624564999908], [28.314960907000113, -16.684597354999937], [28.321945701000004, -16.671467304999965], [28.330007469000066, -16.66369468099998], [28.36687243200015, -16.65333882799996], [28.38470493900013, -16.658952260999968], [28.406831317000126, -16.65359181799994], [28.411760179999987, -16.65419686199988], [28.429555694000157, -16.667657919999897], [28.440039401000092, -16.667222876999972], [28.44845115800007, -16.65694005299997], [28.461793779999994, -16.650894561999962], [28.471363500999985, -16.636379398999964], [28.483270163000157, -16.62946083999998], [28.482633175000046, -16.62151420799995], [28.488808999000184, -16.61701984499996], [28.502238627000054, -16.620207088999905], [28.64002673500005, -16.561944346999894], [28.742030873000033, -16.542695739999942], [28.761127061000025, -16.52110146799987], [28.763384975000122, -16.521993784999893], [28.75510196600004, -16.531698197999958], [28.758890461000078, -16.530011429999888], [28.75535675600014, -16.54662744199993], [28.765070803000185, -16.540297142999975], [28.76585921900005, -16.532627859999934], [28.7712871170001, -16.536532517999888], [28.77362420600008, -16.53518158099996], [28.769308060000014, -16.529659559999914], [28.776788677000184, -16.528600690999895], [28.774330964000114, -16.532746370999973], [28.776927076000163, -16.533215880999933], [28.782101265000108, -16.527512334999926], [28.7839934000001, -16.53170480699987], [28.786423030000037, -16.528410517999873], [28.79164272100013, -16.53291037699995], [28.802244636000125, -16.532231264999893], [28.800839161000056, -16.53482136899987], [28.806622734000143, -16.536821914999962], [28.816711778000013, -16.52869133699994], [28.817671011000073, -16.534015865999947], [28.82299493900007, -16.528108860999964], [28.827425090000077, -16.532470746999934], [28.83121359400019, -16.52750928599994], [28.836395159000176, -16.529933977999974], [28.838137923000147, -16.52453494899993], [28.841306084000166, -16.528319837999902], [28.84248633800013, -16.524280983999972], [28.84256521500015, -16.529975518999947], [28.847724599000173, -16.52695605599996], [28.850717147000182, -16.532792843999914], [28.854432438000174, -16.530553462999933], [28.85426590800006, -16.537845193999885], [28.859117059000084, -16.537070546999928], [28.866905961999976, -16.53070625999993], [28.868243484000175, -16.52445974199992], [28.8519430340001, -16.521861507999972], [28.85486374600015, -16.518056685999852], [28.85269886000009, -16.510617975999878], [28.827221624000117, -16.511693561999948], [28.814102481000077, -16.51552484599995], [28.8108142210001, -16.521848497999883], [28.810745876000055, -16.518515665999814], [28.8004146290001, -16.509576426999956], [28.77843331700018, -16.509770559999936], [28.81581276900016, -16.484170021999944], [28.823917529000028, -16.465146498999957], [28.817222701000105, -16.446257996999975], [28.81806367100006, -16.436820242999943], [28.823167520000027, -16.425367324999854], [28.839742044000047, -16.40698984699992], [28.846197842000095, -16.378623576999928], [29.155304209999997, -16.36562933099998]]]}}, {"type": "Feature", "properties": {"DISTRICT": "Kariba Urban", "NAME": "Kariba Urban", "PROVINCE": "Mashonaland West", "PCODE": "ZW1424", "AREA_SQKM": 24.3, "MINING_CADASTRE": "Kariba Urban Cadastre Zone (Mashonaland West)"}, "geometry": {"type": "Polygon", "coordinates": [[[28.8004146290001, -16.509576426999956], [28.810745876000055, -16.518515665999814], [28.8108142210001, -16.521848497999883], [28.814102481000077, -16.51552484599995], [28.827221624000117, -16.511693561999948], [28.85269886000009, -16.510617975999878], [28.85486374600015, -16.518056685999852], [28.8519430340001, -16.521861507999972], [28.868243484000175, -16.52445974199992], [28.867735215000152, -16.529044489999933], [28.859117059000084, -16.537070546999928], [28.85426590800006, -16.537845193999885], [28.854432438000174, -16.530553462999933], [28.850717147000182, -16.532792843999914], [28.847238167000114, -16.526780491999943], [28.84256521500015, -16.529975518999947], [28.84362857900004, -16.52676466099996], [28.84248633800013, -16.524280983999972], [28.841306084000166, -16.528319837999902], [28.838137923000147, -16.52453494899993], [28.836395159000176, -16.529933977999974], [28.83121359400019, -16.52750928599994], [28.827425090000077, -16.532470746999934], [28.82299493900007, -16.528108860999964], [28.817671011000073, -16.534015865999947], [28.816711778000013, -16.52869133699994], [28.806622734000143, -16.536821914999962], [28.800839161000056, -16.53482136899987], [28.802244636000125, -16.532231264999893], [28.79164272100013, -16.53291037699995], [28.786423030000037, -16.528410517999873], [28.7839934000001, -16.53170480699987], [28.78407233400003, -16.528119060999927], [28.778872646000025, -16.52829513699993], [28.776927076000163, -16.533215880999933], [28.774330964000114, -16.532746370999973], [28.776788677000184, -16.528600690999895], [28.770331397000064, -16.52893137699988], [28.773613524000098, -16.53265142099997], [28.77227072000005, -16.53670403999996], [28.76793017100016, -16.532082685999967], [28.76585921900005, -16.532627859999934], [28.765070803000185, -16.540297142999975], [28.754529826000123, -16.545914894999953], [28.758890461000078, -16.530011429999888], [28.75510196600004, -16.531698197999958], [28.763384975000122, -16.521993784999893], [28.761127061000025, -16.52110146799987], [28.770943892000048, -16.512385662999918], [28.8004146290001, -16.509576426999956]]]}}, {"type": "Feature", "properties": {"DISTRICT": "Karoi", "NAME": "Karoi", "PROVINCE": "Mashonaland West", "PCODE": "ZW1426", "AREA_SQKM": 17.0, "MINING_CADASTRE": "Karoi Cadastre Zone (Mashonaland West)"}, "geometry": {"type": "Polygon", "coordinates": [[[29.695721396000067, -16.795286202999932], [29.706971847000034, -16.801496578999945], [29.703962393000097, -16.80738578499995], [29.714550738000128, -16.81880484099986], [29.714776035000057, -16.839423197999906], [29.702767342000072, -16.849173045999976], [29.697510660000148, -16.83707756499996], [29.686550005000186, -16.835995994999905], [29.684917722000023, -16.832770182999923], [29.677875919000144, -16.83266017899996], [29.670829114000128, -16.828066818999957], [29.671414092000077, -16.81955914399998], [29.67487199400017, -16.817947013999913], [29.672954043000004, -16.810820448999948], [29.685701678000044, -16.79839745599986], [29.689165583000033, -16.80034860899991], [29.695721396000067, -16.795286202999932]]]}}, {"type": "Feature", "properties": {"DISTRICT": "Kwekwe", "NAME": "Kwekwe", "PROVINCE": "Midlands", "PCODE": "ZW1705", "AREA_SQKM": 8747.8, "MINING_CADASTRE": "Kwekwe Cadastre Zone (Midlands)"}, "geometry": {"type": "Polygon", "coordinates": [[[29.412680880000153, -18.268680263999954], [29.428437939000105, -18.28406812299994], [29.441792563000035, -18.285197200999903], [29.460707039000056, -18.297708156999818], [29.485620342000175, -18.30509571199991], [29.49897297600012, -18.319647828999962], [29.533152024000117, -18.337018149999892], [29.547839624000176, -18.356394639999962], [29.55845032600007, -18.357784739999886], [29.56752706700013, -18.354126450999956], [29.575235852000162, -18.35864279499998], [29.57602384600017, -18.37962141699984], [29.56431719600016, -18.406794524999896], [29.567437123000104, -18.42688007499993], [29.560426325000037, -18.432390504999944], [29.558950374000062, -18.443519364999872], [29.55003162800017, -18.44569753999997], [29.545501762000185, -18.45423920199994], [29.55153060900011, -18.476871944999914], [29.54730973200003, -18.482706397999948], [29.553691556000103, -18.488547844999914], [29.55140462900016, -18.500091736999934], [29.554111563000163, -18.51414381899997], [29.552104625000027, -18.521387378999975], [29.545036830000072, -18.52870794799992], [29.5449468380001, -18.535731489999932], [29.54705579200015, -18.554298919999837], [29.55681753700003, -18.581864036999832], [29.571305130000155, -18.584700245999954], [29.57561000400017, -18.579210819999957], [29.581364840000106, -18.57766769699998], [29.59694140199997, -18.579843853999932], [29.618152817000066, -18.599342341999943], [29.625667605000103, -18.60049642599995], [29.635772329000076, -18.61291437499989], [29.64829397700015, -18.616683656999896], [29.66545348300008, -18.60402867099998], [29.690621779000082, -18.613902414999927], [29.69613762000006, -18.610223127999973], [29.707675298000083, -18.61559953399984], [29.720098943000096, -18.61086916199997], [29.730543648000037, -18.611123174999932], [29.73548751400017, -18.61915978999997], [29.73603851600012, -18.642884615999947], [29.750709103000077, -18.645514808999962], [29.76269875500003, -18.633879905999947], [29.777079346000164, -18.630335622999894], [29.775920385000063, -18.63872226999996], [29.781438234000007, -18.64524276799989], [29.781083247000026, -18.649235074999922], [29.79359489100017, -18.646745875999954], [29.80013170900014, -18.651073203999943], [29.799881723000055, -18.661064972999952], [29.806072558000096, -18.67469801699997], [29.81454831800005, -18.6738339449999], [29.829808892000074, -18.681982561999973], [29.835315729000172, -18.672845855999924], [29.842271532000098, -18.671466745999965], [29.850442305000172, -18.677505204999875], [29.855704165000134, -18.690772220999918], [29.864797903000067, -18.683702671999924], [29.879606489000025, -18.6897501279999], [29.884002369000143, -18.69602960799989], [29.88950521300012, -18.695710579999968], [29.89124716800012, -18.7030931459999], [29.909953634000146, -18.694737491999888], [29.91500049600012, -18.70295311999996], [29.923632253000108, -18.703619165999896], [29.93141202200019, -18.68883002499996], [29.93663087800013, -18.693868408999947], [29.946628591000035, -18.68729489699996], [29.95408838300017, -18.692319278999946], [29.97668573600015, -18.68050835699995], [29.980937622000056, -18.689715061999948], [29.989230391000092, -18.69505446699992], [30.008503846000053, -18.695575494999957], [30.018028588000163, -18.712959824999928], [30.028558288000056, -18.708922508999933], [30.03085721800005, -18.702446009999903], [30.03971796400009, -18.698087668999904], [30.049738682000168, -18.699864799999943], [30.05428255900017, -18.70872347799991], [30.067040199000076, -18.70953253199997], [30.071837071999994, -18.722741543999973], [30.10047725800007, -18.71703808899997], [30.105190128000118, -18.72244950199996], [30.11321190000018, -18.72077136799993], [30.12039069900004, -18.72443364499992], [30.132264359000146, -18.718301166999936], [30.140200136000146, -18.721353396999973], [30.146642953000025, -18.71930423499998], [30.150781840000093, -18.725387699999885], [30.160800556000027, -18.725392694999982], [30.184181899000066, -18.732393218999903], [30.18819379000007, -18.73923574199995], [30.211531141000023, -18.758107176999943], [30.22187586300015, -18.780994926999938], [30.23579947000013, -18.782919066999966], [30.23895037900013, -18.78027586199994], [30.25454394200011, -18.78683335599993], [30.26022078000011, -18.784975210999903], [30.268236564000063, -18.802808573999926], [30.27456338900015, -18.80911305399985], [30.289199972000176, -18.80488072099996], [30.29602277300006, -18.79564600899988], [30.318305146000114, -18.80188547399996], [30.320527087000187, -18.808825004999903], [30.32703290600017, -18.81478945899994], [30.32285602700017, -18.818806768999877], [30.328539870000156, -18.824514203999968], [30.34212548900007, -18.83070367099998], [30.34779633200003, -18.837243168999976], [30.35341117300004, -18.837464181999962], [30.35533012600007, -18.847960985999975], [30.366189818000123, -18.847787965999885], [30.373872603000166, -18.852045287999886], [30.382562387000064, -18.901481069999818], [30.38153645000017, -18.95644827599989], [30.348084398000083, -18.95462215499998], [30.340601661000107, -19.035113310999918], [30.348847445000047, -19.064413542999944], [30.33863872900008, -19.055293851999977], [30.32093223000004, -19.052886678999926], [30.305926650000174, -19.04533911099992], [30.30528967100014, -19.048557356999936], [30.29089407900011, -19.04852236299996], [30.286617205000084, -19.056543977999866], [30.27122364200011, -19.055988944999967], [30.27041667400016, -19.07109409799989], [30.261385943000164, -19.091084627999976], [30.258806035000077, -19.11948379599994], [30.18033723500008, -19.080173843999944], [30.13057268100016, -19.131485786999917], [30.114868121000143, -19.122831136999878], [30.10598737200013, -19.122488115999943], [30.102891454000144, -19.11312940499988], [30.090740798000013, -19.111649298999907], [30.07066235999997, -19.100656472999958], [30.057356738000067, -19.102502621999918], [30.04990894700012, -19.098297305999893], [30.045789068000033, -19.10449678099991], [30.043855120000103, -19.10135654299995], [30.03112448000013, -19.09963441999986], [30.029914510000026, -19.09239486799993], [30.018781824000143, -19.0909647659999], [30.01541992200015, -19.093764981999982], [30.017856894000147, -19.15312250599993], [29.93840513400005, -19.133786081999915], [29.925473483000076, -19.108954196999946], [29.889986508000106, -19.134871195999892], [29.860186361000103, -19.145391016999895], [29.861516324999968, -19.148605260999943], [29.796712171000024, -19.15911010399992], [29.75570535100013, -19.181410829999948], [29.75247642200003, -19.15355870999997], [29.736185888000193, -19.159011136999936], [29.72916907400014, -19.142333869999902], [29.67433064900007, -19.16784685199991], [29.626478019000047, -19.1851912059999], [29.552254110000035, -19.167365898999947], [29.52554286800006, -19.167603935999978], [29.416284938000103, -19.13268235099997], [29.364311425999972, -19.15174884199996], [29.238416054000083, -19.22394043399987], [29.131251174000113, -19.31988781299998], [29.09882512600018, -19.358231749999902], [29.09172234099998, -19.373039879999965], [29.08550250600007, -19.359913888999927], [29.072758859000032, -19.35051818499994], [29.072126868000055, -19.339677361999918], [29.057990260999986, -19.33103071599993], [29.047814533000064, -19.311941273999878], [29.03420391800006, -19.31037316499993], [29.033605929000032, -19.30330162799993], [29.01971030700014, -19.284908240999982], [29.020950262000156, -19.274418441999956], [29.01701536800016, -19.267886947999898], [29.018888307000168, -19.258792254999946], [29.032790899000076, -19.242375994999975], [29.01660733799997, -19.219543268999928], [29.015367363000166, -19.207816376999972], [29.00281370800019, -19.19561645799996], [29.004233975000034, -19.185746202999894], [29.00096435800009, -19.18233076899992], [29.00613533400002, -19.176138946999913], [28.999462496000035, -19.158189143999948], [29.000872763000075, -19.141301504999944], [29.00839791100009, -19.129715613999906], [29.00310808500012, -19.125938709999957], [29.010952339000085, -19.107447003999937], [29.01734465500016, -19.10239207099994], [29.014799619000087, -19.092066518999957], [29.009529461000113, -19.08982333299997], [29.011086917, -19.085204797999836], [29.001780624000162, -19.064762477999977], [28.992443883000078, -19.05833599499988], [28.986650034000036, -19.04329084999995], [28.974734366000177, -19.036703355999975], [28.977649270000143, -19.021008153999844], [28.951065021000147, -19.020109106999882], [28.937664392000045, -19.009895335999886], [28.866923418, -18.723330232999956], [28.922949548000076, -18.70885826999995], [29.125465764000126, -18.633378309999955], [29.129049646, -18.612923731999956], [29.191766868000173, -18.604562041999884], [29.202644563000035, -18.606858210999974], [29.22772385100012, -18.603121904999966], [29.233927678000157, -18.605164057999957], [29.264082820000112, -18.598015484999962], [29.286766181000132, -18.60017963599995], [29.30137776400005, -18.5949172199999], [29.314606390000165, -18.594286161999946], [29.324063125000066, -18.597662414999945], [29.345394514000134, -18.58667655399995], [29.34563250000008, -18.57751684799996], [29.358556132000047, -18.57386455799991], [29.36062206200006, -18.558655383999962], [29.368624829999987, -18.551025789999983], [29.368550824000124, -18.53960790999986], [29.372269715000073, -18.53501455399993], [29.379975495999986, -18.533083398999963], [29.378735525000025, -18.52597685199993], [29.38411035900009, -18.507546426999966], [29.39730697500005, -18.49266026899994], [29.401945834000117, -18.47856517799994], [29.407848665000074, -18.47553693999987], [29.414073482000106, -18.466222216999938], [29.412088534000134, -18.461626863999925], [29.415223435000087, -18.447236749999888], [29.407531646000052, -18.439941191999935], [29.414035457000068, -18.432598620999954], [29.40914359200019, -18.42773324799998], [29.412486492000028, -18.42054769099991], [29.40573367500008, -18.410404911999933], [29.40972355700012, -18.403458371999932], [29.40439470500013, -18.400997185999927], [29.39423598100018, -18.385915026999896], [29.38829713800004, -18.37299003199996], [29.389223105000156, -18.3630632629999], [29.38047834400004, -18.35318950599998], [29.385519198000054, -18.348141111999894], [29.38585718000013, -18.337239267999905], [29.379912342000125, -18.329981710999903], [29.382943247000185, -18.317626751999967], [29.37910534800011, -18.308249028999967], [29.389210062000075, -18.306587893999904], [29.390623017000166, -18.300041385999975], [29.39665284500012, -18.296951141999955], [29.39714082800009, -18.29318785099997], [29.4011407160001, -18.29345486799997], [29.402788667000095, -18.290722655999957], [29.399763748000055, -18.28509422199994], [29.412680880000153, -18.268680263999954]], [[29.75220299400013, -18.953068155999915], [29.72883398000016, -18.947129288999975], [29.72900434100012, -18.957601113999885], [29.73185855700018, -18.95905536499987], [29.72869696800018, -18.977357224999935], [29.731997803000183, -18.986885010999913], [29.74093553900019, -18.994832888999895], [29.74133336700004, -18.99991446399997], [29.699074363000136, -19.00888453999994], [29.70313255800005, -19.034121425999842], [29.695203556000024, -19.035750657999927], [29.699314972000025, -19.060407373999965], [29.74589003700015, -19.054171061999966], [29.750481687000104, -19.07528772099988], [29.780516880000164, -19.06323574399994], [29.783454472000074, -19.048563920999925], [29.79079881500013, -19.051426843999934], [29.788866431000088, -19.055039298999873], [29.79103808900004, -19.058032801999957], [29.80066749400015, -19.06293067799993], [29.80375584600006, -19.05733544799989], [29.81602829700006, -19.06168787699994], [29.830336746000057, -19.06096435799992], [29.841922743999987, -19.024975363999886], [29.81946964800011, -19.014223121999976], [29.82837652900014, -18.99441369699997], [29.79129835600014, -18.996772712999928], [29.78062212400016, -18.978978268999924], [29.741599737000058, -18.977765030999933], [29.75220299400013, -18.953068155999915]], [[29.849335463000045, -18.858151071999885], [29.83199295500009, -18.85865812199995], [29.83212595800012, -18.86828985999989], [29.82326721300018, -18.874758360999977], [29.818800347999968, -18.885897216999922], [29.780661446000067, -18.910519126999873], [29.729504555999995, -18.898479920999932], [29.72945089000018, -18.90202150999994], [29.73614570100017, -18.903692633999924], [29.737415669000086, -18.909295061999956], [29.748684351000065, -18.911013185999877], [29.74703040100019, -18.9144644509999], [29.732624812999973, -18.920007884999904], [29.772324696000055, -18.930460658999948], [29.77229470500015, -18.940942460999906], [29.776254594000136, -18.94260358599996], [29.77651359100014, -18.949314098999878], [29.784674084000073, -18.94646077999988], [29.78226443500006, -18.959305859999972], [29.820324364000157, -18.968278520999945], [29.833466988000055, -18.964219201999924], [29.84822755200014, -18.938090193999926], [29.86967693800011, -18.930008561999955], [29.861995498000113, -18.867558362999944], [29.85415533300005, -18.866267690999905], [29.849335463000045, -18.858151071999885]]]}}, {"type": "Feature", "properties": {"DISTRICT": "Kwekwe Urban", "NAME": "Kwekwe Urban", "PROVINCE": "Midlands", "PCODE": "ZW1722", "AREA_SQKM": 86.5, "MINING_CADASTRE": "Kwekwe Urban Cadastre Zone (Midlands)"}, "geometry": {"type": "Polygon", "coordinates": [[[29.849784451000062, -18.858927130999973], [29.85415533300005, -18.866267690999905], [29.861995498000113, -18.867558362999944], [29.86967693800011, -18.930008561999955], [29.84822755200014, -18.938090193999926], [29.833466988000055, -18.964219201999924], [29.820324364000157, -18.968278520999945], [29.78226443500006, -18.959305859999972], [29.784674084000073, -18.94646077999988], [29.77651359100014, -18.949314098999878], [29.776254594000136, -18.94260358599996], [29.77229470500015, -18.940942460999906], [29.772881683000037, -18.93393192499991], [29.772324696000055, -18.930460658999948], [29.732624812999973, -18.920007884999904], [29.74703040100019, -18.9144644509999], [29.748684351000065, -18.911013185999877], [29.737415669000086, -18.909295061999956], [29.73614570100017, -18.903692633999924], [29.72945089000018, -18.90202150999994], [29.729504555999995, -18.898479920999932], [29.780661446000067, -18.910519126999873], [29.818800347999968, -18.885897216999922], [29.82326721300018, -18.874758360999977], [29.83212595800012, -18.86828985999989], [29.83199295500009, -18.85865812199995], [29.849784451000062, -18.858927130999973]]]}}, {"type": "Feature", "properties": {"DISTRICT": "Lupane", "NAME": "Lupane", "PROVINCE": "Matabeleland North", "PCODE": "ZW1504", "AREA_SQKM": 10107.2, "MINING_CADASTRE": "Lupane Cadastre Zone (Matabeleland North)"}, "geometry": {"type": "Polygon", "coordinates": [[[27.986718509000127, -18.236856600999943], [27.998676173999968, -18.23822569699996], [28.00204635500006, -18.517971338999928], [27.999030443000095, -18.52121859199997], [27.9994630380001, -18.546735706999925], [28.030335590999982, -18.551400892999936], [28.042284250000023, -18.546574509999914], [28.058624789000135, -18.54695252399995], [28.0649696160001, -18.55221292399989], [28.07106744500004, -18.552857967999955], [28.086229006000167, -18.541001039999912], [28.095726740000146, -18.543326210999908], [28.100248608000186, -18.538621843999977], [28.108036390999985, -18.54135904899988], [28.111244298000145, -18.53829180899993], [28.120041056000048, -18.54498331699989], [28.142169436000017, -18.548756588999936], [28.15228816000007, -18.55807529899994], [28.16366283299999, -18.55168279599991], [28.179066399000135, -18.552113815999974], [28.197484888000076, -18.55978939199997], [28.20697961700006, -18.55717818199986], [28.221753209000155, -18.56583283699996], [28.235962807000078, -18.564094689999877], [28.24287861500011, -18.56730893199989], [28.259043153000164, -18.56081441699996], [28.27135480999999, -18.56565677999987], [28.281117533000156, -18.563978641999938], [28.28957946000014, -18.56662952599993], [28.305275943000083, -18.65900394199997], [28.31631863900003, -18.667513586999974], [28.314035711000145, -18.675115173999927], [28.305546955000125, -18.67980754299998], [28.306311938000135, -18.685147952999955], [28.323961468000107, -18.71413816699993], [28.32073257400009, -18.729419344999883], [28.32730740200003, -18.74383044699988], [28.326469432000124, -18.750328946999957], [28.322542546000136, -18.753852220999875], [28.323221546000184, -18.77367874399988], [28.318188703000033, -18.789237942999932], [28.29988222700007, -18.796456512999896], [28.309542979000184, -18.822804526999903], [28.31484904700011, -19.047415722999972], [28.353642957000034, -19.054622239999844], [28.366669594000086, -19.060434672999975], [28.381785166000043, -19.060153637999917], [28.435487665000096, -19.079134040999975], [28.436911701000156, -19.158193072999893], [28.293328741000153, -19.134254372999862], [28.284998019000057, -19.17742867299995], [28.284647071000165, -19.219662891999974], [28.258028837000097, -19.214854909999872], [28.260079427000107, -19.201954172999876], [28.213702878000106, -19.18892658599998], [27.936226132000115, -19.410223703999918], [27.81640261600006, -19.493491134999886], [27.80871782800017, -19.488386755999898], [27.79543221099999, -19.494279214999835], [27.78972337099998, -19.49303712699998], [27.77859069599998, -19.501561783999932], [27.77306085100014, -19.50007067599995], [27.76955194400017, -19.494382248999898], [27.756077328000117, -19.496497421999948], [27.749403507000068, -19.48736873699994], [27.73943378700011, -19.484943562999945], [27.7317299930001, -19.473599710999963], [27.721299284000054, -19.470122456999945], [27.724618174000057, -19.454878297999926], [27.715461417000142, -19.440860243999964], [27.715708401000143, -19.43210257899989], [27.717927334000137, -19.429022342999872], [27.726556089999974, -19.42925835199992], [27.727237068000193, -19.42642813699996], [27.7157833870001, -19.42140876699989], [27.714925406000077, -19.41711344199996], [27.717475320000062, -19.404140454999947], [27.727984024000023, -19.40551054799994], [27.72789502100005, -19.40072618499994], [27.70644361800015, -19.391175480999948], [27.69918582700012, -19.39417971599994], [27.69397297200004, -19.392400586999884], [27.70284770800015, -19.38088070299989], [27.69976779100017, -19.37642436699997], [27.69370396400018, -19.377643465999938], [27.68680216700011, -19.38543206399993], [27.68193030400016, -19.384216976999937], [27.675604474000068, -19.37570733699988], [27.66432979500007, -19.377416477999873], [27.662021855000035, -19.37303914799992], [27.66492176500003, -19.365498571999865], [27.65800396000003, -19.364770522999947], [27.65492504200006, -19.360078169999895], [27.656887982000114, -19.356752914999845], [27.66602772500005, -19.35796599799994], [27.670635589000085, -19.35269359299997], [27.6588429090001, -19.340212655999892], [27.661144837000165, -19.33405018499991], [27.67225153100003, -19.341828765999935], [27.677799372000152, -19.340203636999945], [27.675062442000183, -19.333558133999873], [27.667036671000005, -19.334452209999938], [27.668997607999984, -19.327722695999967], [27.674803444000077, -19.328531751999947], [27.677789356000176, -19.32480046499984], [27.676248394000083, -19.31993609699998], [27.671127542000193, -19.323101342999962], [27.66924659000017, -19.318560998999942], [27.674903267000047, -19.31369833399998], [27.68248755400009, -19.318400118999875], [27.684873767000056, -19.3154130289999], [27.682783134000033, -19.300705302999972], [27.689041827000153, -19.297353265999902], [27.686434203000033, -19.291406783999946], [27.688617184000123, -19.284040774999937], [27.69526624000008, -19.28594262899992], [27.701380997000058, -19.274387032999925], [27.697798639000098, -19.25531488799993], [27.70767410000019, -19.250794663999955], [27.710286758000166, -19.25656812699998], [27.722303796000062, -19.254496812999946], [27.738466737000067, -19.260505008999928], [27.741038401000026, -19.256879884999933], [27.741623913000183, -19.25167231099988], [27.73461143500009, -19.24938717899994], [27.732439313000157, -19.24014217299998], [27.724798309000107, -19.233232289999876], [27.72308166900001, -19.223551561999955], [27.71408960800005, -19.220695037999917], [27.713419091000105, -19.20638321499996], [27.70605516400019, -19.201471152999886], [27.703220214000055, -19.178925871999922], [27.699230011000054, -19.17084400999994], [27.702241749000052, -19.163458359999936], [27.69660340500019, -19.16131096099997], [27.704777789000104, -19.1515921539999], [27.704077929000107, -19.13005068399997], [27.696304955000187, -19.126423605999946], [27.696419511000045, -19.117458460999956], [27.683284299000036, -19.10420518199993], [27.68615429600004, -19.09942295099995], [27.69224303500016, -19.100701498999967], [27.694092769000065, -19.106622826999967], [27.69877051600014, -19.097784997999952], [27.703336010000044, -19.098490581999897], [27.703009868000095, -19.0932865019999], [27.708710787000086, -19.091983196999877], [27.468296463000115, -19.098084024999935], [27.283078992000014, -18.955782271999965], [27.366370521000135, -18.86002805099986], [27.33632254900016, -18.80557308699997], [27.242678062000152, -18.782829121999896], [27.181620492000036, -18.777595436999945], [27.153395318000037, -18.761150279999924], [27.157007757000088, -18.731673757999886], [27.141543218000095, -18.733419826999977], [27.03599501900004, -18.66585360399995], [27.074189091999983, -18.598568022999928], [27.103338735000023, -18.587973613999964], [27.113870441000074, -18.590094766999982], [27.118236315000047, -18.586989521999897], [27.122348203000058, -18.59041978299996], [27.13596282000009, -18.59033176199995], [27.140324686000042, -18.58028498199991], [27.135180820000187, -18.57097626999996], [27.135775795000143, -18.56363670299993], [27.14784344800006, -18.557423210999957], [27.148095430000126, -18.547622453999963], [27.157515157000148, -18.540431888999933], [27.166570888000024, -18.527603889999966], [27.176921589000187, -18.521472405999873], [27.184101373000033, -18.508973432999937], [27.192832130000056, -18.510844568999914], [27.212508565000178, -18.500934782999934], [27.23080225800004, -18.49974436599996], [27.243728927000177, -18.494071474999885], [27.254873583000176, -18.498684990999948], [27.2651274320001, -18.50775586499998], [27.27752342499997, -18.50756667199994], [27.28307838600017, -18.49881631999989], [27.297626552000054, -18.497599051999828], [27.298547871000153, -18.489924585999972], [27.310568855000042, -18.500465932999873], [27.38919366300007, -18.497266026999966], [27.465548661000128, -18.43869540599991], [27.34335831500016, -18.436657142999934], [27.33292507800013, -18.410626680999883], [27.517711833000078, -18.366370073999974], [27.57524927900016, -18.42667368399998], [27.854085107000174, -18.38590400199996], [27.85781887200011, -18.336917722999942], [27.86213816600008, -18.327462094999817], [27.877032670000176, -18.313289625999914], [27.87660567200004, -18.302329776999954], [27.897580065000056, -18.286344518999897], [27.90228691900012, -18.272572446999902], [27.905338832000098, -18.270728300999906], [27.907087786000034, -18.27394554899996], [27.907176780000157, -18.27095531699996], [27.91289161900005, -18.270350264999934], [27.91901245000014, -18.273495502999936], [27.92774520000006, -18.26916715999988], [27.944147725000164, -18.25577110699993], [27.951100528000154, -18.25425698299989], [27.953671446000044, -18.244782245999943], [27.957739329000105, -18.242304049999973], [27.973787876000074, -18.239774838999892], [27.980258696000078, -18.241978003999918], [27.986718509000127, -18.236856600999943]]]}}, {"type": "Feature", "properties": {"DISTRICT": "Makonde", "NAME": "Makonde", "PROVINCE": "Mashonaland West", "PCODE": "ZW1405", "AREA_SQKM": 8564.2, "MINING_CADASTRE": "Makonde Cadastre Zone (Mashonaland West)"}, "geometry": {"type": "Polygon", "coordinates": [[[30.244184751000148, -16.267323846999943], [30.25419047600019, -16.276228552999953], [30.276686838000103, -16.26998881999998], [30.297133278000047, -16.27870972999989], [30.30217614300011, -16.290946705999943], [30.301678168000024, -16.311612357999934], [30.31497780000018, -16.317775843999982], [30.31838170800006, -16.32425135899996], [30.316155774000094, -16.33045085599997], [30.320365659000174, -16.33518923199989], [30.327645456000027, -16.33713638399996], [30.34295002800019, -16.33500020599996], [30.359316573000115, -16.34064064799992], [30.37408815800012, -16.334769171999937], [30.42003487599999, -16.33899448699998], [30.418768910000097, -16.34661287499989], [30.42160883200006, -16.350887214999943], [30.41746795000006, -16.355103552999935], [30.42762267500018, -16.37145785399997], [30.430670597000073, -16.384968931999936], [30.43817139200013, -16.39382763499998], [30.433319535000066, -16.40814878099991], [30.427498700000115, -16.41322818899988], [30.423447819000046, -16.42316098299989], [30.417957973000057, -16.425604180999926], [30.418501961000118, -16.431750670999975], [30.406289306000076, -16.437946170999965], [30.416030040000123, -16.45049016699994], [30.41363811299999, -16.46146004299993], [30.407786281000085, -16.46932267299991], [30.40844126800016, -16.479441478999945], [30.403783403000148, -16.489219260999903], [30.40688632900003, -16.513767215999962], [30.397418596000136, -16.516758458999902], [30.3954256560001, -16.52627421799997], [30.388335856000026, -16.529782500999886], [30.387839879000126, -16.54661084199995], [30.38025909600003, -16.555140524999956], [30.385936942000114, -16.56473028499994], [30.377783175000047, -16.57376000799991], [30.372524333000115, -16.5945076619999], [30.37828317900005, -16.608495772999902], [30.39475272599998, -16.622965915999885], [30.396787674000166, -16.630737532999888], [30.394736733000173, -16.63449283299991], [30.39945960300014, -16.638005109999938], [30.399390608000033, -16.644633636999913], [30.40274951500004, -16.64711283299988], [30.4066444070001, -16.648981978999814], [30.41373920700005, -16.64537368899994], [30.422205975000168, -16.655242468999973], [30.4396534870001, -16.65620053699996], [30.44793525900002, -16.663618122999935], [30.455767040000126, -16.66358411599998], [30.471658600000126, -16.671984775999874], [30.49753287800013, -16.67584907099996], [30.501770764000128, -16.685258816999863], [30.51002553000012, -16.68077645699998], [30.514435413, -16.681663740999966], [30.510326535000047, -16.695883872999957], [30.519163298000137, -16.71493638199985], [30.51823232800001, -16.723793085999887], [30.525513124999975, -16.72512018799995], [30.527918060000104, -16.73000157399997], [30.518446328000152, -16.735381005999898], [30.5216102440001, -16.74397368699988], [30.510181571000146, -16.756866714999944], [30.506407682000088, -16.76715053399994], [30.484568306000142, -16.790742415999944], [30.489211180999973, -16.799871137999958], [30.485486290999972, -16.811845088999974], [30.479472464000082, -16.81953170199995], [30.472251665999977, -16.819236681999882], [30.46344591600007, -16.826334248999956], [30.464772882999966, -16.833643827999936], [30.461760973000025, -16.84393864599997], [30.43911960900016, -16.847531941999875], [30.428675899999973, -16.843276609999975], [30.42490100800012, -16.847951981999927], [30.425239005000094, -16.860965012999884], [30.42215109500006, -16.86699449299988], [30.423644061000118, -16.88103760499996], [30.417378235, -16.87817038099996], [30.404077609000183, -16.879719509999973], [30.395482857000104, -16.8943346719999], [30.38437717000005, -16.89770194399989], [30.376020409000034, -16.905695581999964], [30.371460544000115, -16.918556601999967], [30.361448830000086, -16.928665407999972], [30.36163382700005, -16.933380780999926], [30.370449583000095, -16.9378501299999], [30.364145766000092, -16.95001809699994], [30.37392249300018, -16.951689223999892], [30.37577244800002, -16.964715253999884], [30.35748396000014, -16.963068132999922], [30.346131280000122, -16.967214466999906], [30.3417674050001, -16.971994846999905], [30.3435933560001, -16.976054166999972], [30.33887249200012, -16.98150360099993], [30.338185517000056, -16.991485390999912], [30.34498733000015, -16.998962978999884], [30.338353517000087, -16.999901055999885], [30.33287367500003, -17.00814171099995], [30.337916550000102, -17.03864311899997], [30.336474602000123, -17.05968678299996], [30.330287782000028, -17.07093667499987], [30.333703691000096, -17.079705365999928], [30.329246822000016, -17.089790164999954], [30.3304917910001, -17.09741676599998], [30.315622212000164, -17.104089300999817], [30.30964538300009, -17.110019771999873], [30.30909740400017, -17.119619529999966], [30.296988747000057, -17.12593203499989], [30.294226838000043, -17.148485815999948], [30.27323143200016, -17.15738652899995], [30.274339416000032, -17.184093634999897], [30.26706662700019, -17.19616059099991], [30.26627765400019, -17.205646338999884], [30.254918981000117, -17.218890388999966], [30.254851987999984, -17.22871916299988], [30.263150767000184, -17.248021679999965], [30.259025885000142, -17.25332609999998], [30.25511799500009, -17.252798059999918], [30.25496900200011, -17.258306493999953], [30.257720928000083, -17.263624911999898], [30.264995726000166, -17.266879163999874], [30.267263668000055, -17.27705696399994], [30.261727825000037, -17.27957316499993], [30.25411203700014, -17.277742024999952], [30.245991269000058, -17.283735501999956], [30.23883647500014, -17.29238018599989], [30.24037043900006, -17.304851166999924], [30.234211615999982, -17.311548696999978], [30.192852524999978, -17.30490744399998], [30.176827327000126, -17.322461355999963], [30.165681185000153, -17.32514846299989], [30.149316385000077, -17.34307945099988], [30.16078138000006, -17.354113078999944], [30.147233987000106, -17.36214912299988], [30.132556183000133, -17.347614588999875], [30.125784770000053, -17.354527108999946], [30.098709957000096, -17.357996220999894], [30.092677236000043, -17.37162294299992], [30.069939438000063, -17.357982697999944], [30.046575175000157, -17.283750747999875], [30.003908346000117, -17.305432293999957], [30.02216457600008, -17.32143359199995], [30.022889631999988, -17.350198838999916], [30.029058573000157, -17.34805579799996], [30.035729570000115, -17.35414830299993], [30.039561795000054, -17.37236691499993], [30.049684907000085, -17.380948326999942], [30.04822041200015, -17.386513833999913], [30.052974150000182, -17.396528558999876], [30.059390368000095, -17.3988581669999], [30.068311761000075, -17.409960855999884], [30.073429598000132, -17.407496422999827], [30.07598004000016, -17.410687579999887], [30.080039384000088, -17.404421527999943], [30.077143869000054, -17.400214028999926], [30.08250068300009, -17.38933196099987], [30.092170376000183, -17.393333501999905], [30.12649434700006, -17.37838923099997], [30.139277535000076, -17.39166727999998], [30.149486432000003, -17.408768440999893], [30.147891882000067, -17.416060249999873], [30.208539400000063, -17.41834410799993], [30.20993629900005, -17.424547703999963], [30.20470488100011, -17.43452144099996], [30.20594416900019, -17.44347928699989], [30.19734574800009, -17.44517616199994], [30.197556016000078, -17.452189199999964], [30.20091664100005, -17.465123785999936], [30.210634372000186, -17.47087223199992], [30.21535624800009, -17.485404369999912], [30.216529225000045, -17.50374280899996], [30.225928966000026, -17.511040375999983], [30.228802889000065, -17.51796491799996], [30.223182052000084, -17.527113637999946], [30.22649496500003, -17.536349360999907], [30.22806693700005, -17.563947522999968], [30.220199166000043, -17.57732657599996], [30.220969150000144, -17.587523374999932], [30.213372371000162, -17.599817341999938], [30.010414101000094, -17.63511021999983], [30.010435103000077, -17.639737581999896], [29.988647726000124, -17.655670841999893], [29.956301672000052, -17.711458224999888], [29.947131957000124, -17.753968552999936], [29.948405928000113, -17.765462450999962], [29.937412245000075, -17.77575026099987], [29.92775352700005, -17.79290560599992], [29.884089773000085, -17.818430624999962], [29.86309038500019, -17.84923404199992], [29.83620314300009, -17.852361301999963], [29.83218824900007, -17.840942413999983], [29.829400327000144, -17.840380370999924], [29.820260587999996, -17.845371765999914], [29.812926800000184, -17.854934516999947], [29.787851509000177, -17.85864582199997], [29.785049585000138, -17.854459496999937], [29.791174403000127, -17.840134375999924], [29.785169566000036, -17.831000666999955], [29.790497406000156, -17.816679544999943], [29.77577282200002, -17.81863670699994], [29.766602077000186, -17.81485241799993], [29.751855508000176, -17.838163245999908], [29.738686872000187, -17.82793145599993], [29.738446867000164, -17.810690109999882], [29.73205803600007, -17.794254830999932], [29.71814142000005, -17.78347699799997], [29.715435489000072, -17.77354122299988], [29.698410962000025, -17.76392548299998], [29.69047319100008, -17.773383226999954], [29.671931709000148, -17.76791381099997], [29.648764334000077, -17.728917777999982], [29.631533816000115, -17.72509448999989], [29.628286903000117, -17.719376044999876], [29.620997110000133, -17.72140420799991], [29.617152226000144, -17.733217133999972], [29.606414536000045, -17.744261003999895], [29.599788718000013, -17.738538560999928], [29.598598747000096, -17.731295995999915], [29.588923016000024, -17.72747770399991], [29.582169194000016, -17.71108242599996], [29.572628458000054, -17.704594924999924], [29.557123894000085, -17.705086972999936], [29.545999197000015, -17.69033782599996], [29.54243028600007, -17.674324575999947], [29.52123487700004, -17.667185030999917], [29.52561374600009, -17.655769133999968], [29.52402878600003, -17.64966865799994], [29.515688014000034, -17.64025692599995], [29.497317528000053, -17.636800667999978], [29.494036613000105, -17.62731492699993], [29.485712841999998, -17.621025439999983], [29.484137880000105, -17.612098741999944], [29.488638749000074, -17.604726160999917], [29.48536383400011, -17.595587446999957], [29.49153265399997, -17.586219708999977], [29.478922995000175, -17.567562254999928], [29.472568170999978, -17.563222918999884], [29.45180475100011, -17.559052604999977], [29.45257972600001, -17.55370018499997], [29.457740578000028, -17.550386921999916], [29.452298725000162, -17.54196926499992], [29.43534920400009, -17.546467628999892], [29.43000135400007, -17.54501951899988], [29.43101332100008, -17.53919806199997], [29.42488148900003, -17.533345606999887], [29.419108653000023, -17.53619883499988], [29.412625832000003, -17.53127945299991], [29.4064780060001, -17.53332461699995], [29.400977158000046, -17.52943931599998], [29.403459084000076, -17.52476394799993], [29.38951846100008, -17.50402332999988], [29.40455002200008, -17.48014544499989], [29.4064759580001, -17.46658537899998], [29.38751249500001, -17.472503856999936], [29.36853102200007, -17.465116288999923], [29.359036284000126, -17.45829675999994], [29.353352435000147, -17.44667285099996], [29.33815685600007, -17.438939252999944], [29.332351013000107, -17.43043058799998], [29.348622558000045, -17.433647829999927], [29.350712492000127, -17.423449027999936], [29.358492272000092, -17.421140840999897], [29.362893152000083, -17.425543183999878], [29.374040838000155, -17.424153066999907], [29.38371057000012, -17.428150374999973], [29.386745479000183, -17.421104819999925], [29.385547507000183, -17.413139193999882], [29.391176343000154, -17.404852538999933], [29.39860913300015, -17.402292332999934], [29.393697265000185, -17.393739663999952], [29.397762149000073, -17.391423478999968], [29.409329828000182, -17.39708291699992], [29.419051553000145, -17.393447623999975], [29.41724859800007, -17.384981959999948], [29.422520449000103, -17.383911871999942], [29.4195035300001, -17.37901348899993], [29.422970427000166, -17.370639827999923], [29.441865908000125, -17.38609603099991], [29.44989368500012, -17.38959030099994], [29.460778378000157, -17.38819418399987], [29.46396929200006, -17.39334258699995], [29.472863045000054, -17.396670842999924], [29.474250003000066, -17.39194446999994], [29.483572745000117, -17.39701486299998], [29.48003884000002, -17.39153643499992], [29.483923732000164, -17.39270152399996], [29.481508796000185, -17.388137165999865], [29.487385630000063, -17.386567038999885], [29.50267220300003, -17.389600267999924], [29.49928329200003, -17.38049155399989], [29.504458151000165, -17.385975981999934], [29.504080155000167, -17.3763492249999], [29.51007498600012, -17.375591160999818], [29.50860402500018, -17.37205688399996], [29.5109959560001, -17.369754701999966], [29.516145814000083, -17.372619923999935], [29.516475802000002, -17.36883362599997], [29.520759681000186, -17.368985634999945], [29.521604656000193, -17.36593739499989], [29.524699571000042, -17.36881061899993], [29.52468056800012, -17.363708217999942], [29.527606488000117, -17.367402505999962], [29.529388435000044, -17.362460115999966], [29.526040528000067, -17.360823989999915], [29.536090241000124, -17.354441480999924], [29.54533698800003, -17.363246167999876], [29.551882800000044, -17.35759271899991], [29.55152580800018, -17.354301460999977], [29.56608839900008, -17.353928421999967], [29.566908370000192, -17.34470869599994], [29.577679064000165, -17.33924625999998], [29.585830823000038, -17.322268917999963], [29.596223537000185, -17.329969517999928], [29.601504384000066, -17.323041968999974], [29.609201166000048, -17.31988871599998], [29.609185164000166, -17.316434444999913], [29.61499499900009, -17.312959166999974], [29.613101050000182, -17.310824000999958], [29.62405274100007, -17.308319796999967], [29.63308047999999, -17.296441855999944], [29.661506682000095, -17.295518765999873], [29.684232037000072, -17.284412876999966], [29.691454838000027, -17.29063936299991], [29.693643772000087, -17.282896751999942], [29.69896762400009, -17.286003992999895], [29.698780628000065, -17.282877746999873], [29.70237752700001, -17.28269973099998], [29.700813568000058, -17.278263382999967], [29.709038337000152, -17.27905443999998], [29.70815835900015, -17.274286064999956], [29.702841507000073, -17.272166900999878], [29.7002455760001, -17.26625143699988], [29.691679815000043, -17.26546037999998], [29.686886939000146, -17.248897077999914], [29.690533833000075, -17.243125620999933], [29.68464799600008, -17.240750436999974], [29.68723592100008, -17.23701714099991], [29.682290058000035, -17.234527947999936], [29.676637210000024, -17.224233139999967], [29.673812290000058, -17.22559124899982], [29.67369429000007, -17.22106489199996], [29.661569627000063, -17.21631552499997], [29.664041558000065, -17.215748478999956], [29.661803619000068, -17.213147274999926], [29.66592150100007, -17.210206040999935], [29.668277438000075, -17.214617386999976], [29.67521623600004, -17.203189481999914], [29.680867079000166, -17.206243719999918], [29.69204376100015, -17.19866311499993], [29.700869513000157, -17.197530019999874], [29.701929485000107, -17.200811277999946], [29.708164307000118, -17.195719872999973], [29.715343105000045, -17.195151823999936], [29.719815982000057, -17.19797804399991], [29.724698843000056, -17.195828871999936], [29.732692609000082, -17.180892688999904], [29.738810438000144, -17.18179475599993], [29.74954513400013, -17.176908363999928], [29.757658908000167, -17.178985522999938], [29.767219637000153, -17.174011124999936], [29.76944156900015, -17.16610049999997], [29.800378709000142, -17.17808542699987], [29.856010118000142, -17.128760501999977], [29.836334652000005, -17.10132934799998], [29.881154374999994, -17.06865774099998], [29.885256269000138, -17.08287586199998], [29.899187892000043, -17.10406852799997], [29.907348664000097, -17.1055276379999], [29.912967509000055, -17.11091405999997], [29.918695346000106, -17.106000668999968], [29.928388075000157, -17.108069826999895], [29.935010887000146, -17.104503540999872], [29.944321628000182, -17.107553776999964], [29.948634501000072, -17.09700294099997], [29.94505759900005, -17.093084633999922], [29.947730522000143, -17.090872457999865], [29.953473363000057, -17.09392769599998], [29.954739325000162, -17.090124393999872], [29.951924401000156, -17.084489950999966], [29.952792369000008, -17.072841029999893], [29.961970112000074, -17.073070042999916], [29.952893358000097, -17.059598983999877], [29.96179410299999, -17.05014123099994], [29.956412245000024, -17.035314062999873], [29.962271080000107, -17.033833941999887], [29.968673893000073, -17.022219019999966], [29.967264930000113, -17.01878974999994], [29.971332814000107, -17.014490407999972], [29.968767880000144, -17.005911730999912], [29.974676711000086, -16.99940721299987], [29.97303975200009, -16.990886539999906], [29.976783645000182, -16.988340335999908], [29.975874668000188, -16.98368396899997], [29.979986550000035, -16.978678569999943], [29.97761561400017, -16.9762163769999], [29.983184456000174, -16.972619088999977], [29.980541528000174, -16.96813573599991], [29.9850154020001, -16.96726066399998], [29.98456341000019, -16.959968086999936], [29.990320243000042, -16.950922367999965], [29.97608963600004, -16.941959665999946], [29.98439939900004, -16.933971028999906], [29.977468590000115, -16.928254580999976], [29.979305530000033, -16.914548493999973], [29.984600379000142, -16.910598177999873], [29.98177545499999, -16.90593981099994], [29.98524635500013, -16.90058438499983], [29.98333740300012, -16.892059710999888], [29.992101153000135, -16.884774127999947], [29.98353238900006, -16.87826661799994], [29.98134644700002, -16.872736179999947], [29.996400025000185, -16.871431068999982], [29.993393107000088, -16.866948714999978], [30.000708901000166, -16.865975633999938], [30.00176186599998, -16.85621385999997], [30.010705615000063, -16.85567181199997], [30.007374704000085, -16.847860193999963], [30.02359824800004, -16.845982035999896], [30.01935136400016, -16.840478601999905], [30.020449330000076, -16.835593213999914], [30.034728926000128, -16.82820962099987], [30.025778173000162, -16.822712189999947], [30.024664201000178, -16.817393768999978], [30.032585976000064, -16.812413368999955], [30.029255065000086, -16.804335730999924], [30.032554965000088, -16.791810734999956], [30.030413016000068, -16.776806545999875], [30.032894944000077, -16.772983240999906], [30.028008080000006, -16.770946081999966], [30.027443091000066, -16.76286644099997], [30.020899274000158, -16.76242940999998], [30.02014428800004, -16.75017543699994], [30.01020156200019, -16.743178886999942], [30.014061452000192, -16.73909656099994], [30.011801510000055, -16.731655970999896], [30.013873450000062, -16.72802768199989], [30.005023686000072, -16.707793078999885], [30.007094623000057, -16.6987203569999], [30.003329727000164, -16.69772127999994], [29.994648974000143, -16.70447182099997], [29.99382899300008, -16.696336174999885], [29.984869236000122, -16.684504239999967], [29.985181223999973, -16.677850710999905], [29.973028557000134, -16.66700885599994], [29.976636454000186, -16.664131624999982], [29.976329459000056, -16.657278079999912], [29.96747470200006, -16.64961747599989], [29.967683693000083, -16.64475208899995], [29.97624044700018, -16.63324016899992], [29.975317469000174, -16.62727969499997], [29.978921368000044, -16.6261896069999], [29.979234355000074, -16.61885002299988], [29.97213554600006, -16.606623053999954], [29.97996532400009, -16.601169614999947], [29.973791491000043, -16.592022890999942], [29.98368221100003, -16.5852813489999], [29.97936232500018, -16.5751435439999], [29.979370317000132, -16.561832484999968], [29.982770219000088, -16.556475055999897], [29.994305894000036, -16.552117702999965], [29.99266193700015, -16.546554260999926], [29.983911180000064, -16.544764122999936], [29.990920975000165, -16.528682837999952], [29.97795133500017, -16.524392503999877], [29.973527455000067, -16.518428030999928], [29.97929329400006, -16.519130083999926], [29.98156522400012, -16.507511156999954], [29.985788104000108, -16.504040877999955], [29.98908001300009, -16.506529073999957], [29.99350888800018, -16.504447905999882], [29.99233991400007, -16.4927409739999], [29.998396747000186, -16.495967226999937], [30.00275762400014, -16.493876057999955], [30.002961616000164, -16.490545792999967], [29.99792775500009, -16.48750555299995], [30.004437569000117, -16.480760011999962], [30.008534455000188, -16.480745008999975], [30.006926482000097, -16.45141167099996], [30.01381028700007, -16.447016315999974], [30.02093609000019, -16.450114559999918], [30.02416299900011, -16.448229407999918], [30.019394128000158, -16.440755813999886], [30.02239504100004, -16.435335379999913], [30.013974274000077, -16.43161708799994], [30.01093735600017, -16.42621865899997], [30.01651219500019, -16.417459956999892], [30.02579393700006, -16.42075621499987], [30.02880285200007, -16.418665046999877], [30.032199748000096, -16.403281816999936], [30.02979681000005, -16.394133087999933], [30.046319350000033, -16.395949224999924], [30.04952087400011, -16.38657524399997], [30.065567813000087, -16.398239396999884], [30.08340731800007, -16.403635817999884], [30.08636123200006, -16.398709423999946], [30.081211371000165, -16.38912366099987], [30.091284080000037, -16.37245032499993], [30.144240598000124, -16.368792004999932], [30.16388304200018, -16.354750873999876], [30.196412130000112, -16.349730455999975], [30.20840978700005, -16.336371382999914], [30.210346729000094, -16.32801471399995], [30.20566685300014, -16.315635727999847], [30.21425660900013, -16.30956623799983], [30.206892810000056, -16.299610445999974], [30.207113791000154, -16.276251578999904], [30.217730490000065, -16.268216930999927], [30.234213028000113, -16.26494166099991], [30.244184751000148, -16.267323846999943]]]}}, {"type": "Feature", "properties": {"DISTRICT": "Makoni", "NAME": "Makoni", "PROVINCE": "Manicaland", "PCODE": "ZW1104", "AREA_SQKM": 7834.0, "MINING_CADASTRE": "Makoni Cadastre Zone (Manicaland)"}, "geometry": {"type": "Polygon", "coordinates": [[[32.56434617500014, -17.600665308999908], [32.56796607300015, -17.597230038999896], [32.57142997700004, -17.60469562299994], [32.57927275600014, -17.605700699999886], [32.57993674200003, -17.625636259999965], [32.57744581400016, -17.634181929999954], [32.53962788300004, -17.647438974999943], [32.54416776500017, -17.68905922899995], [32.549767609000185, -17.697748906999948], [32.53966189900018, -17.719254589999878], [32.54156984800005, -17.7285113129999], [32.538292943000044, -17.73954817599997], [32.55439849200013, -17.754362329999935], [32.55131258100016, -17.761011849999875], [32.553772513000126, -17.768301417999965], [32.54727670100016, -17.78638283099997], [32.56003234400015, -17.80129199199996], [32.55812140000012, -17.809230611999908], [32.565060205000066, -17.811191762999897], [32.56488021200016, -17.818654345999903], [32.569035094000014, -17.818167306999953], [32.563625249000154, -17.826291941999898], [32.580237788000034, -17.859211504999905], [32.58921053600011, -17.865748012999916], [32.59418039899998, -17.88002812499991], [32.59641934200005, -17.906635196999957], [32.59975024900007, -17.910362486999873], [32.594966386000124, -17.918906152999966], [32.60642107000018, -17.950647621999963], [32.58597565100007, -17.966330846999938], [32.58604065300011, -17.979139843999917], [32.579474839000056, -17.983881213999894], [32.570484100000044, -18.012370431999955], [32.57487497700015, -18.01860791599995], [32.56483126400019, -18.030694857999947], [32.563797296000075, -18.044821955999964], [32.55754547400011, -18.04941331399982], [32.55766347300016, -18.057451938999975], [32.553627586999994, -18.058111990999862], [32.55508054700016, -18.06158125999991], [32.551682644000095, -18.066493641999955], [32.52172249600011, -18.09132657799995], [32.48612850600006, -18.10847891799989], [32.48148564100006, -18.12119090599998], [32.47745075500018, -18.122679021999943], [32.47595879900018, -18.129316536999966], [32.46020025000007, -18.15127024399993], [32.43650792100004, -18.157112702999882], [32.41931941200011, -18.175547136999967], [32.38907027199997, -18.19354453999989], [32.37980053800004, -18.209185753999975], [32.38706733599997, -18.22248878299996], [32.40247790500007, -18.239766117999977], [32.410561685000175, -18.268993378999824], [32.41838146500004, -18.276306942999895], [32.42073140300016, -18.292799218999903], [32.45388047300003, -18.31902123899988], [32.42467930300012, -18.33617757299993], [32.409638742000084, -18.38463732199989], [32.44076885800007, -18.37300741599995], [32.44583472200003, -18.39945845799997], [32.422364408000135, -18.481604802999925], [32.487673569000094, -18.522918971999957], [32.4840606730001, -18.529106449999972], [32.48628461300012, -18.5374370909999], [32.480696772000044, -18.541534407999904], [32.47471194700006, -18.561293931999955], [32.456725461000076, -18.578208237999945], [32.458099424000125, -18.586073842999895], [32.45450952700003, -18.591497261999905], [32.4500846520001, -18.590795208999907], [32.439475956000024, -18.600837983999952], [32.4484217050001, -18.612708894999855], [32.447860722000144, -18.617738281999948], [32.46750917200012, -18.641821129999983], [32.46760917200004, -18.650379787999952], [32.479933828000185, -18.67058033799998], [32.476347930000145, -18.672830510999916], [32.476462928000046, -18.676762813999915], [32.4859946630001, -18.698168455999905], [32.485312684000064, -18.70458494899998], [32.48032282700012, -18.71030138899988], [32.483194750000166, -18.72672364999994], [32.48106681100006, -18.728626795999958], [32.48536569000004, -18.732392083999912], [32.48613667000001, -18.740316691999965], [32.484327725000185, -18.752060593999886], [32.48089482300003, -18.75593289199992], [32.48754360600009, -18.76238460399992], [32.46609824400008, -18.761619331999952], [32.46336732200007, -18.763976512999932], [32.44773875900006, -18.74057972199995], [32.41809560700017, -18.767408787999955], [32.41432671199999, -18.760576264999884], [32.41059181800006, -18.760295243999906], [32.4120077770001, -18.756376942999964], [32.407467905000146, -18.755886906999933], [32.404927975000135, -18.74624816799991], [32.400213106000024, -18.73886060199993], [32.39588322900016, -18.737556502999894], [32.395345243000065, -18.73304315699994], [32.38555352200018, -18.738784599999917], [32.36972597100004, -18.738790603999973], [32.36051423400016, -18.746571203999906], [32.355723364000085, -18.725908618999938], [32.345167664000144, -18.726774687999978], [32.324874246000036, -18.74925641899995], [32.27970953000005, -18.760280276999822], [32.249631391000094, -18.787841399999934], [32.206805601000156, -18.77356731699996], [32.195609928000124, -18.80332260199998], [32.21271845100017, -18.828837552999914], [32.21265645100004, -18.844472030999896], [32.216273581000166, -18.84805549899994], [32.21557517000019, -18.85172889799992], [32.22010549100014, -18.854342990999953], [32.22016508700011, -18.866021022999917], [32.20832359300016, -18.885281877999944], [32.207861610000066, -18.895744678999904], [32.202185773, -18.902066163999905], [32.16502782800018, -18.903247264999948], [32.182746329000054, -18.91658027999989], [32.18561125100018, -18.927302099999906], [32.18242634300009, -18.931687435999947], [32.18609624100014, -18.93944502799991], [32.183353320000094, -18.94286929099991], [32.18519226900014, -18.94593052499988], [32.180824394000126, -18.948847748999867], [32.17443858000007, -18.96305483699996], [32.179168447000166, -18.969183303999955], [32.17542655699998, -18.98122722599993], [32.16797677000011, -18.985011516999975], [32.16409388300008, -18.992609098999935], [32.14885831700013, -18.996493399999906], [32.13943959500011, -19.028904877999878], [32.13350476600016, -19.036781480999935], [32.11525928800006, -19.047659316999955], [32.11643426000012, -19.063712540999973], [32.110727425000164, -19.072140185999956], [32.088313067000115, -19.08962652699995], [32.08140127100006, -19.111673209999935], [32.09093400600017, -19.127314398999943], [32.0867791280001, -19.13966334099996], [32.08179026900007, -19.138048219999973], [32.07405749000003, -19.142275543999972], [32.066046718000166, -19.142191539999942], [32.052601105000065, -19.157057676999955], [32.04023345600007, -19.154086453999867], [32.03467961600006, -19.161577026999964], [32.032549931000176, -19.173562276999974], [32.02773887100017, -19.165623385999822], [32.00813918300014, -19.155406940999967], [32.000272991000145, -19.155803936999973], [31.997361932000047, -19.139961205999953], [31.989094149000152, -19.13046377699993], [31.982626078000123, -19.112104273999933], [31.971430389000034, -19.093238838999923], [31.969097441000088, -19.05310177799987], [31.977426201000185, -19.042222944999935], [31.974312282000028, -19.02270045499995], [31.97852915700014, -19.0055061409999], [31.97531124500017, -18.996082421999915], [31.975876218999986, -18.970135438999932], [31.969850389000044, -18.966312148999975], [31.967277459000172, -18.95896858799989], [31.94827899100011, -18.937966987999914], [31.95408341900003, -18.920795928999837], [31.934165380000024, -18.9040553989999], [31.92907852500008, -18.90781968799996], [31.921035753000183, -18.90499647499996], [31.917222850000087, -18.874789163999935], [31.912295985000014, -18.86330028599997], [31.913260953000133, -18.849314213999946], [31.90676513200009, -18.833900034999942], [31.908186077000153, -18.79363894799991], [31.883085772000186, -18.748459489999902], [31.869063169000185, -18.745608275999928], [31.852019654000117, -18.752411803999905], [31.84169194500015, -18.746342341999878], [31.829674286000113, -18.74706540099993], [31.83368116800017, -18.735532514999875], [31.830345258000193, -18.722977551999975], [31.81328873100017, -18.694756389999952], [31.79560822500008, -18.67607796099992], [31.792691304000073, -18.667967337999983], [31.78593449600004, -18.66900241999997], [31.78139661900019, -18.654277289999925], [31.772348873000112, -18.646591701999967], [31.77246486700011, -18.639519157999928], [31.763207128000033, -18.63601289099995], [31.7567663050001, -18.622579859999973], [31.75827225800009, -18.611686021999958], [31.75085746400015, -18.60143723599998], [31.755623962000186, -18.59730251399992], [31.756408951000026, -18.591409476999956], [31.770843553000077, -18.579471758999944], [31.77164817400012, -18.570747578999942], [31.74696455300017, -18.546795028999952], [31.750347454000064, -18.536760254999876], [31.72180725300018, -18.51325945399998], [31.749449465000055, -18.498928338999917], [31.761803095999994, -18.447563372999923], [31.84429875400008, -18.42722377499996], [31.844953731000032, -18.414946826999937], [31.830786124999975, -18.39744947999992], [31.832151085000135, -18.39306414099991], [31.84506371800012, -18.387561711999922], [31.841554814000062, -18.38037415699995], [31.854543441000146, -18.363913880999974], [31.85629438500007, -18.347028574999968], [31.864171156000168, -18.329472214999953], [31.858842303000017, -18.31724727099993], [31.859448278000173, -18.296360654999944], [31.856862349000153, -18.28902208799991], [31.859771265000177, -18.284470734999957], [31.8532844450001, -18.2761500929999], [31.85676734500015, -18.273025849999954], [31.855397372000027, -18.240205308999975], [31.86063922300019, -18.23711506799998], [31.864654105000056, -18.224682103999953], [31.864861091000137, -18.20145630399992], [31.86862998200013, -18.193101654999907], [31.865630064000072, -18.18622112199995], [31.874912797000093, -18.173273114999972], [31.868408970000132, -18.142035693999958], [32.000542238000094, -18.144401835999872], [31.994483396000078, -18.106266878999918], [31.97348598000002, -18.08034787199989], [32.00675303200012, -18.05468586799998], [32.013737835000086, -18.05345176999998], [32.01745672700014, -18.045257131999904], [32.04700088500016, -18.022127325999918], [32.052981712000076, -18.00920931899998], [32.080106939000075, -17.986109514999896], [32.100237364000066, -17.963766769999893], [32.138379277000126, -17.93189327799996], [32.147656015000166, -17.928300995999905], [32.145524071000125, -17.916843103999895], [32.14762201100018, -17.912577770999974], [32.14136218600015, -17.909506533999945], [32.140881199000034, -17.904926176999936], [32.14619504600017, -17.89560044899997], [32.14289913200014, -17.874421799999936], [32.151424887000076, -17.85795451399997], [32.14870095900011, -17.842507309999974], [32.1555787640001, -17.83986210199987], [32.16058362100006, -17.83348860299992], [32.18419595300014, -17.82765214099993], [32.190894762000084, -17.819949538999936], [32.20223944200012, -17.820365567999943], [32.21470908800012, -17.812011912999935], [32.226503750999996, -17.797839803999977], [32.24574820600009, -17.78759599899996], [32.260907772999985, -17.77164574999989], [32.26573663700003, -17.770619668999927], [32.26774357700003, -17.75998183699994], [32.27570034900003, -17.746380772999885], [32.290752924000174, -17.741824412999904], [32.29320185400013, -17.73907119799992], [32.291602897000075, -17.733919795999952], [32.30094163200016, -17.7251921109999], [32.324858956000185, -17.719757680999862], [32.331251773000076, -17.708944833999965], [32.36573279500004, -17.688750246999973], [32.382020332000025, -17.674644139999884], [32.412411475000056, -17.67157689299995], [32.42211619900013, -17.663218235999977], [32.43461584900018, -17.671824906999973], [32.43885772900012, -17.67164189099998], [32.44576653300015, -17.666000448999966], [32.44246662500012, -17.66027500099989], [32.466932931000144, -17.644375751999974], [32.47320875000008, -17.626721368999938], [32.49170122800018, -17.624215168999967], [32.50127595500004, -17.60948001299988], [32.51225464600009, -17.61011505999994], [32.53073612700007, -17.61758864099994], [32.54211080600004, -17.61545247099997], [32.54843962800004, -17.61938377799987], [32.551434543000084, -17.615288456999963], [32.55046856800004, -17.606496768999932], [32.55647339900008, -17.605882718999965], [32.56246222800013, -17.596323968999968], [32.56434617500014, -17.600665308999908]], [[32.12502769400004, -18.51835807999987], [32.113528775000134, -18.526238244999945], [32.112393960000134, -18.53972326199988], [32.10527229000007, -18.544137945999864], [32.10900492100012, -18.555633283999953], [32.12326552700017, -18.55636461599994], [32.13025502400001, -18.54927244299995], [32.16242550100003, -18.561880979999955], [32.13426299300011, -18.50951827699987], [32.126494417000174, -18.512218512999937], [32.12502769400004, -18.51835807999987]]]}}, {"type": "Feature", "properties": {"DISTRICT": "Mangwe", "NAME": "Mangwe", "PROVINCE": "Matabeleland South", "PCODE": "ZW1603", "AREA_SQKM": 5722.3, "MINING_CADASTRE": "Mangwe Cadastre Zone (Matabeleland South)"}, "geometry": {"type": "Polygon", "coordinates": [[[28.301297282000178, -20.426045328999976], [28.298676796000052, -20.447936125999888], [28.269458687000053, -20.461528829999963], [28.26662099100014, -20.488957598999946], [28.183707046000166, -20.550566387999936], [28.250608509000017, -20.593521496999927], [28.212015052000083, -20.652798658999927], [28.213100611000073, -20.671330790999946], [28.216926505999993, -20.67561310399998], [28.218480480000153, -20.692633360999935], [28.23168515000009, -20.73589554499995], [28.24273585100002, -20.75050661299997], [28.247603726000193, -20.763246548999973], [28.254786525000043, -20.767187832999923], [28.25439654100012, -20.772473222999906], [28.271015108000142, -20.810713027999952], [28.278676902000086, -20.82219186599997], [28.28600669600013, -20.82577212299998], [28.303573189000076, -20.82119076899994], [28.30390118500003, -20.82622013899993], [28.31051400399997, -20.83351266999989], [28.242144859000177, -20.89130695999995], [28.23602606100019, -20.90023358199994], [28.238355040000044, -20.90603612699988], [28.223099706000085, -20.913803172999962], [28.22137031300008, -20.921631608999917], [28.20914100800013, -20.928572766999935], [28.199215315000174, -20.94888026999996], [28.203102209000065, -20.953436600999964], [28.203633201000116, -20.960576124999875], [28.197693376000075, -20.964527420999957], [28.189135638000096, -20.979964563999943], [28.188690663000102, -20.990762356999937], [28.195675468000104, -20.995227677999935], [28.20618620100015, -21.025961923999944], [28.20296731500008, -21.045221339999898], [28.22899758200009, -21.056391133999966], [28.23529040000011, -21.05402595399994], [28.23227449200016, -21.059876385999928], [28.233787453000048, -21.06365766199997], [28.22297076600006, -21.06628186499995], [28.227700658000117, -21.090428629999906], [28.220519869000043, -21.09541300199993], [28.221915835000118, -21.101004410999906], [28.228402654000092, -21.10525371599988], [28.231828571000165, -21.11877770299992], [28.22471778500011, -21.127502348999883], [28.21790498300004, -21.129959534999898], [28.217026014000055, -21.135572946999957], [28.21226715400013, -21.1385891729999], [28.21888597400016, -21.14720679699991], [28.220319960000154, -21.17103353899995], [28.21630708500004, -21.18026221699995], [28.205872393000107, -21.187748774999818], [28.202881489000106, -21.197202468999876], [28.210800280000115, -21.212559583999905], [28.207279393000192, -21.22396442099995], [28.208532367000146, -21.232436037999946], [28.203779512000096, -21.23997759399998], [28.210844319000103, -21.24806717799993], [28.203810527000087, -21.254026619999877], [28.205979473000127, -21.261494162999952], [28.199583663999988, -21.26775462599994], [28.212622318000058, -21.292208396999968], [28.20870843600005, -21.297696800999972], [28.203146597, -21.29895689899996], [28.19651280300019, -21.312816915999917], [28.203640608000114, -21.320996504999982], [28.21573526500015, -21.32431973499996], [28.228568917000075, -21.341944006999938], [28.259231065999984, -21.367740854999965], [28.260228056000074, -21.38419105199995], [28.2712107590001, -21.39993418699993], [28.27237973600006, -21.409116853999876], [28.28512636900001, -21.40849079499992], [28.282766448000075, -21.418003489999933], [28.28760731600005, -21.424635966999972], [28.289053286000126, -21.434718698999973], [28.297745043000134, -21.439829061999944], [28.30480985600019, -21.454166096999927], [28.319444442000133, -21.459451465999905], [28.32515229400002, -21.474304539999878], [28.33752295800008, -21.491233756999975], [28.35476146500008, -21.492997867999975], [28.359261357000037, -21.511752224999896], [28.373298965000174, -21.522216969999874], [28.384255666000172, -21.53567593599996], [28.38142775700004, -21.544416571999932], [28.382897731000128, -21.55911363599995], [28.36935412300005, -21.56183384699989], [28.367098193999993, -21.567442255999936], [28.375226986000087, -21.589902874999837], [28.388745601000096, -21.593578127999876], [28.393968472000154, -21.61172643699996], [28.39199253400011, -21.617074825999964], [28.375324001000024, -21.605778024999893], [28.361757387000182, -21.602132773999926], [28.347540800000104, -21.605794052999897], [28.339101034000066, -21.598785553999903], [28.309442881999985, -21.59419225099998], [28.292631357000175, -21.58737077299992], [28.286127548000024, -21.590751024999918], [28.197532106999972, -21.60169490599992], [28.170787865000136, -21.592724283999928], [28.144329623000147, -21.591161197999952], [28.099197904000107, -21.577429248999977], [28.08094643300018, -21.581542565999882], [28.067847804000053, -21.577180262999832], [28.050727297000037, -21.57784732899995], [28.01911219800013, -21.571996937999927], [28.008233490000123, -21.55518873099993], [28.005415551999988, -21.539047563999873], [27.996794789000035, -21.53051095299992], [27.996447791000094, -21.524025482999946], [28.003453583000123, -21.51833406299994], [28.00373957000005, -21.513767730999973], [27.98429412900009, -21.51495783799993], [27.97827731100017, -21.522435386999916], [27.97142450000007, -21.516080932999955], [27.971216501000185, -21.511581605999936], [27.976738334000117, -21.504567090999956], [27.973129426000128, -21.494700378999823], [27.9840121040001, -21.486741789999883], [27.98435709000006, -21.48356255799996], [27.975708332000124, -21.478484197999933], [27.960432768000146, -21.47627405399993], [27.95721885300003, -21.47039462999993], [27.962673683000162, -21.459264815999916], [27.975572315000193, -21.460841916999925], [27.98016317800017, -21.456546599999967], [27.97236239600005, -21.45194427299998], [27.966030565000096, -21.440823471999977], [27.95094898300016, -21.428756609999937], [27.95675679500016, -21.41078929699995], [27.945605088000036, -21.387926644999936], [27.930867496000076, -21.376332815999888], [27.91919681200011, -21.36056567999998], [27.91720684500018, -21.34069723499988], [27.919947753000145, -21.329569420999917], [27.912604946000044, -21.314711344999978], [27.902298223000173, -21.29930723299998], [27.88494370800015, -21.288584468999886], [27.883525737000184, -21.278968767999913], [27.868128164000098, -21.26697290899989], [27.856276470000182, -21.239724931999945], [27.835914030000083, -21.220298533999937], [27.82536331, -21.201582176999977], [27.813677639000105, -21.196994853999854], [27.816509547000123, -21.188123201999872], [27.804891863000023, -21.173731161999967], [27.78868433000008, -21.1765753869999], [27.778908587000103, -21.15742999699995], [27.75358430600005, -21.152430657999957], [27.747122475000026, -21.13946671599996], [27.733061867000117, -21.131059114999914], [27.72398810800013, -21.11528796999994], [27.70117374000006, -21.098751781999965], [27.69948177700013, -21.088951065999936], [27.693642938000096, -21.08412871899992], [27.69632884800012, -21.073818959999983], [27.690031018000184, -21.065321343999983], [27.6858811190001, -21.050917290999962], [27.68664909400013, -21.048106083999926], [27.69893073800006, -21.044195783999953], [27.704532569000037, -21.0369792489999], [27.701459646000046, -21.028044595999972], [27.70283859800014, -21.02119509199997], [27.699153698000032, -21.016803772999936], [27.700610650000158, -21.011394374999895], [27.696309765000024, -21.00484189799988], [27.698151708000125, -21.001378641999963], [27.707436440000038, -20.99905846099989], [27.702992559000165, -20.99229896999998], [27.70197257300015, -20.980068071999938], [27.709006354999985, -20.966498066999975], [27.709809322000126, -20.958368468999936], [27.690076854999973, -20.932451583999978], [27.696511660000112, -20.923060885999973], [27.696753637000143, -20.909793909999962], [27.70056452100016, -20.904403508999906], [27.69962853300018, -20.891785580999965], [27.692790710999986, -20.877204514999903], [27.694201654000153, -20.863957536999976], [27.70651328400004, -20.848235365999926], [27.71096315600016, -20.847837331999926], [27.71686797400008, -20.83682151399995], [27.713094070000125, -20.826741773999913], [27.721195814000055, -20.805843224999876], [27.720836812000186, -20.79640552899997], [27.72550266900015, -20.788124912999876], [27.725778652000145, -20.780454345999942], [27.736032336000164, -20.76035185199993], [27.730669471000056, -20.74550576099989], [27.734636351000006, -20.739489311999932], [27.727213539000104, -20.719998879999935], [27.733082365000087, -20.71462547699997], [27.729662460000156, -20.71190527899995], [27.7347013050001, -20.702451574999884], [27.724825577000104, -20.69429198199998], [27.7263515300001, -20.691498773999967], [27.708894002000022, -20.669740182999874], [27.703982123000173, -20.653127958999903], [27.704392092000035, -20.63715877599998], [27.709055945000046, -20.625341895999952], [27.70518605000018, -20.62104558199991], [27.7046920410001, -20.601145107999855], [27.722223513000074, -20.577940369999965], [27.71858661000016, -20.571710911999844], [27.729336283000066, -20.55495665899997], [27.726991342000133, -20.548225161999937], [27.731260211999995, -20.541421652999873], [27.727400312000043, -20.532543997999937], [27.730306218000123, -20.52309029299994], [27.723793392000005, -20.512765533999925], [27.780950902000086, -20.52885432799991], [27.773057111000185, -20.554397421999965], [27.818989952000095, -20.59305577699996], [27.86768858900001, -20.525891171999888], [27.90519387400019, -20.515581434999945], [27.928546303000132, -20.488247697999896], [27.976974101000167, -20.51690625699996], [28.00034348700018, -20.495274952999978], [28.055009917000177, -20.490493988999958], [28.07395449800009, -20.482380449999937], [28.14953538200001, -20.411574517999952], [28.187599266000177, -20.43992696399988], [28.204366912000182, -20.41451109499991], [28.218603634000033, -20.43314110299991], [28.222687563000193, -20.452111767999895], [28.245494326000085, -20.417584068999872], [28.27681682700012, -20.42702265899993], [28.30830660700002, -20.406023021999886], [28.301297282000178, -20.426045328999976]]]}}, {"type": "Feature", "properties": {"DISTRICT": "Marondera", "NAME": "Marondera", "PROVINCE": "Mashonaland East", "PCODE": "ZW1304", "AREA_SQKM": 3414.5, "MINING_CADASTRE": "Marondera Cadastre Zone (Mashonaland East)"}, "geometry": {"type": "Polygon", "coordinates": [[[31.689700940000137, -17.934742640999957], [31.68852397800009, -17.948484710999935], [31.692159879000144, -17.95892552299989], [31.69534080300008, -17.993858239999952], [31.750488247000078, -17.994312255999944], [31.747269339000184, -17.99800154499991], [31.748400794000077, -18.01660897299996], [31.774184020000177, -18.056444686999953], [31.782446756000127, -18.07704419399994], [31.775180587000136, -18.097353256999952], [31.76998173600009, -18.103412728999956], [31.773589642000047, -18.124548368999967], [31.729521897000097, -18.151579480999942], [31.69906776200014, -18.164111463999973], [31.77062775500019, -18.20391352499996], [31.768993804000104, -18.21245918799991], [31.77853953200014, -18.206442718999938], [31.79265113500003, -18.20906591699992], [31.800179921000165, -18.20694674999993], [31.81552349000009, -18.213397244999896], [31.826815169000042, -18.21010098599993], [31.832672006000166, -18.214959360999956], [31.854949379000175, -18.221963895999977], [31.862035181000067, -18.22925645899994], [31.86063922300019, -18.23711506799998], [31.856362345000036, -18.238574181999923], [31.85480038999998, -18.24299652499991], [31.857749312000124, -18.25608353799987], [31.855044389000057, -18.259236782999892], [31.85676734500015, -18.273025849999954], [31.853282445000104, -18.276476117999948], [31.859771265000177, -18.284470734999957], [31.856862349000153, -18.28902208799991], [31.859448278000173, -18.296360654999944], [31.858842303000017, -18.31724727099993], [31.864093159000163, -18.32994125199997], [31.85629438500007, -18.347028574999968], [31.854543441000146, -18.363913880999974], [31.841554814000062, -18.38037415699995], [31.84506371800012, -18.387561711999922], [31.832151085000135, -18.39306414099991], [31.830786124999975, -18.39744947999992], [31.844953731000032, -18.414946826999937], [31.84429875400008, -18.42722377499996], [31.761803095999994, -18.447563372999923], [31.749449465000055, -18.498928338999917], [31.72180725300018, -18.51325945399998], [31.750347454000064, -18.536760254999876], [31.74696455300017, -18.546795028999952], [31.77164817400012, -18.570747578999942], [31.770843553000077, -18.579471758999944], [31.756408951000026, -18.591409476999956], [31.755623962000186, -18.59730251399992], [31.75090446300004, -18.601302224999927], [31.746218594000027, -18.59859001799998], [31.744837631000053, -18.591749491999906], [31.733042964000163, -18.588026209999953], [31.734221926000032, -18.57841046899989], [31.703319802000067, -18.580590647999884], [31.69493903700004, -18.573599111999954], [31.676152570000056, -18.576403334999895], [31.671530698000083, -18.56973082299993], [31.661957967000035, -18.564859450999904], [31.655914132000078, -18.548907224999937], [31.64455545300001, -18.54786514799997], [31.638994608000075, -18.53956451099998], [31.626691954000023, -18.535592208999958], [31.609137444000055, -18.518663910999976], [31.63511670600002, -18.51203539099987], [31.621802070000058, -18.480087931999947], [31.57999225200018, -18.47521657199991], [31.55658991000007, -18.464688767999974], [31.553937971000153, -18.4317482269999], [31.46009161600017, -18.407628399999965], [31.455893742000114, -18.425928814999907], [31.47821712100017, -18.44996166199985], [31.40297826900013, -18.494658138999966], [31.34946276000005, -18.442265118999956], [31.347257827000135, -18.452389900999947], [31.30592300900014, -18.48073710499989], [31.276129851000064, -18.47736085699995], [31.255343439000058, -18.478569958999913], [31.22116843000009, -18.530138949999923], [31.20187496799997, -18.511886550999975], [31.165608985000063, -18.49227705499993], [31.1301109850001, -18.484601477999888], [31.132759894000174, -18.450714861999927], [31.157385196000007, -18.446604533999903], [31.20067697500008, -18.455840227999943], [31.22279934000005, -18.43587067699997], [31.219105442000114, -18.42921516499996], [31.221620365000092, -18.4180743039999], [31.209728697000116, -18.40880759299995], [31.19511311300016, -18.41406800599998], [31.179635551000104, -18.41460605399982], [31.176722631000132, -18.408433577999972], [31.13979967800003, -18.416439212999876], [31.12796101000015, -18.408582610999872], [31.122417160999987, -18.396902710999882], [31.10163674200004, -18.38398172199993], [31.097203854999975, -18.35840574699995], [31.08752112300016, -18.347015870999883], [31.06498275500013, -18.336021029999927], [31.03459361299997, -18.334548929999983], [31.025684860000183, -18.324019119999946], [31.011364267000033, -18.330115597999963], [30.99956959600013, -18.320936892999953], [31.067537647000165, -18.26179128399997], [31.08372916100012, -18.203432754999938], [31.094562844000052, -18.180439967999973], [31.089608974000157, -18.15892730099995], [31.155428110999992, -18.150187594999977], [31.162799907000135, -18.159207290999916], [31.163651888000004, -18.16934407699995], [31.16823176100013, -18.174830500999917], [31.189034177000053, -18.1831751389999], [31.19812692000005, -18.182212060999973], [31.20643068200019, -18.17508950499996], [31.214508454000054, -18.17459346299995], [31.216076408000163, -18.170998182999938], [31.22125226200012, -18.17058414899998], [31.223091207000095, -18.16579977699996], [31.242936646000146, -18.162444508999897], [31.251096412000095, -18.155352954999955], [31.26182810800003, -18.154135855999982], [31.278055657000095, -18.169252021999966], [31.285820438000087, -18.170317101999956], [31.293018237000126, -18.176390569999967], [31.30036103000009, -18.175846524999884], [31.30657185800004, -18.18515924399992], [31.31956049400003, -18.189609583999925], [31.324641356000143, -18.202162554999916], [31.33043019400003, -18.207829991999972], [31.34638874400008, -18.209575120999943], [31.357122439000136, -18.20376466599987], [31.370540060000167, -18.20443071299991], [31.364748228000053, -18.214423489999945], [31.362896288000115, -18.232407883999883], [31.399619252000093, -18.23538109999987], [31.403573136000034, -18.225792354999896], [31.396651330000054, -18.223368169999958], [31.39679232200018, -18.213376395999944], [31.409221971000193, -18.212825347999853], [31.396084325999993, -18.17678855899993], [31.406956015000105, -18.16611472699998], [31.39311740200003, -18.158444137999936], [31.39861366500014, -18.148842029999912], [31.384560881000027, -18.14092359199998], [31.39975053800015, -18.127543367999976], [31.4077969760001, -18.131968076999897], [31.422615545999975, -18.10441093199995], [31.442746975999967, -18.09939453499993], [31.479003938000176, -18.064919842999927], [31.463187375000075, -18.043239163999942], [31.481517849000056, -18.023231601999953], [31.489402617000167, -17.998512675999848], [31.509098066999968, -18.013657846999934], [31.512591964000137, -18.002898008999978], [31.52771453300005, -17.992439189999857], [31.503086225000118, -17.984972617999972], [31.499397325000075, -17.975675895999927], [31.504476178999994, -17.96739324899994], [31.511355985000137, -17.96907437799996], [31.51220296000014, -17.965593105999915], [31.532055400000104, -17.96533107899984], [31.547738955000057, -17.95860954999995], [31.559259625000095, -17.94680762699994], [31.557378670000162, -17.927601131999893], [31.58562786599998, -17.90823961299992], [31.625453739000136, -17.900445991999902], [31.64332123800017, -17.90669447199997], [31.689700940000137, -17.934742640999957]], [[31.52671951800005, -18.180294894999975], [31.48724840600005, -18.19031381499991], [31.50477999200018, -18.186810184999956], [31.51239667600015, -18.192598402999863], [31.512848701000166, -18.197699135999926], [31.523219139000048, -18.203233216999934], [31.511842199, -18.211789224999904], [31.508105369000077, -18.233369934999928], [31.512815604000025, -18.244297466999967], [31.5095415130001, -18.254373404999967], [31.51323596700007, -18.2680134069999], [31.521648445000153, -18.228608737999878], [31.54228388100006, -18.23321231899996], [31.551656287000185, -18.224886348999917], [31.550671743000066, -18.218951568999955], [31.555332621000048, -18.208359172999963], [31.572352759000182, -18.22207794799988], [31.56933895400016, -18.233867387999965], [31.587087089000192, -18.228669639999964], [31.599199503000193, -18.230757128999983], [31.600944179000123, -18.20561825699997], [31.56799214600011, -18.186481120999872], [31.577074134000156, -18.181704607999905], [31.574798884000188, -18.17859333399997], [31.58238001000001, -18.172875987999873], [31.58398213099997, -18.167054929999892], [31.525056322000125, -18.15815295499982], [31.50891804200012, -18.17259969699984], [31.52671951800005, -18.180294894999975]]]}}, {"type": "Feature", "properties": {"DISTRICT": "Marondera Urban", "NAME": "Marondera Urban", "PROVINCE": "Mashonaland East", "PCODE": "ZW1321", "AREA_SQKM": 58.9, "MINING_CADASTRE": "Marondera Urban Cadastre Zone (Mashonaland East)"}, "geometry": {"type": "Polygon", "coordinates": [[[31.525056322000125, -18.15815295499982], [31.58398213099997, -18.167054929999892], [31.58238001000001, -18.172875987999873], [31.574798884000188, -18.17859333399997], [31.577074134000156, -18.181704607999905], [31.56799214600011, -18.186481120999872], [31.600944179000123, -18.20561825699997], [31.599199503000193, -18.230757128999983], [31.587087089000192, -18.228669639999964], [31.56933895400016, -18.233867387999965], [31.572352759000182, -18.22207794799988], [31.555332621000048, -18.208359172999963], [31.550671743000066, -18.218951568999955], [31.551656287000185, -18.224886348999917], [31.54228388100006, -18.23321231899996], [31.521648445000153, -18.228608737999878], [31.51323596700007, -18.2680134069999], [31.5095415130001, -18.254373404999967], [31.512815604000025, -18.244297466999967], [31.508105369000077, -18.233369934999928], [31.511842199, -18.211789224999904], [31.523219139000048, -18.203233216999934], [31.512848701000166, -18.197699135999926], [31.51239667600015, -18.192598402999863], [31.50477999200018, -18.186810184999956], [31.48725825500003, -18.189171845999965], [31.52671951800005, -18.180294894999975], [31.50891804200012, -18.17259969699984], [31.525056322000125, -18.15815295499982]]]}}, {"type": "Feature", "properties": {"DISTRICT": "Masvingo", "NAME": "Masvingo", "PROVINCE": "Masvingo", "PCODE": "ZW1805", "AREA_SQKM": 6849.3, "MINING_CADASTRE": "Masvingo Cadastre Zone (Masvingo)"}, "geometry": {"type": "Polygon", "coordinates": [[[30.960371423000026, -19.687145287999897], [30.96539328400013, -19.69433682799996], [30.979888874000153, -19.700240264999934], [30.98912063100005, -19.737203045999877], [31.002084968000077, -19.747213400999897], [30.994539902000156, -19.7585212809999], [30.97121658700013, -19.77315571899993], [30.96160506500013, -19.801088328999924], [30.952158137000083, -19.81587743199998], [30.95081665200007, -19.848285189999956], [30.957208214000048, -19.855368972999884], [30.95541614900003, -19.87799674499996], [30.963061010000104, -19.91342571099989], [30.968537136000066, -19.931679558999974], [31.025152889000083, -19.92236945899998], [31.02712217300018, -19.93319264099995], [30.985651694000182, -19.956603252999912], [30.9870245460001, -19.96685142299998], [30.983964808000053, -19.971080240999925], [30.98687182700013, -19.975786974999835], [31.032225528000083, -19.968054372999973], [31.06188769400012, -19.992004152999982], [31.099386622000054, -19.989165922999973], [31.111301286000185, -19.99652146799997], [31.152272120000077, -20.002876924999953], [31.194884929000125, -20.032754308999927], [31.20169485700012, -20.026875179999934], [31.204154453000058, -20.008204872999954], [31.207967770000153, -19.996808855999973], [31.212622666000186, -19.99344914699998], [31.218092707000096, -19.97394213499996], [31.29938055300005, -19.949428421999926], [31.30804178400018, -19.958768793999923], [31.359210316000144, -19.92438046399991], [31.3697118770001, -19.9332416069999], [31.384675814000047, -19.937989648999917], [31.40004482600017, -19.937746312999934], [31.413888107000048, -19.928309226999943], [31.429566510000143, -19.922513937999952], [31.40926876700013, -19.97090441099988], [31.414734405000104, -19.99107005299993], [31.40320846300017, -20.00244200399993], [31.3946137370001, -20.019248839999932], [31.366606881000052, -20.028354926999896], [31.368341739000073, -20.03475432299996], [31.32265466600012, -20.054753473999938], [31.312817355000163, -20.048276605999945], [31.309929174000047, -20.065696507999974], [31.32296672200016, -20.11007787699998], [31.323204304000114, -20.134447689999945], [31.256605199000035, -20.117030417999956], [31.256936730000177, -20.177405941999893], [31.170698623000135, -20.230357977999972], [31.14231658400007, -20.25448416899991], [31.13839870600009, -20.261676262999913], [31.133427185000073, -20.262687148999873], [31.133606794000116, -20.266518634999898], [31.127262226000028, -20.269216727999947], [31.123781299000086, -20.277476846999946], [31.11374956000003, -20.286730163999948], [31.113092608000045, -20.303743200999975], [31.107627339000032, -20.30815193099994], [31.109353545000033, -20.31455312099996], [31.101412741000104, -20.315886321999983], [31.097633855000026, -20.327375178999944], [31.102709712000035, -20.33224153799989], [31.100174789000164, -20.33914905399996], [31.105396646000088, -20.35161197799988], [31.120152237000184, -20.376804843999878], [31.119564260000118, -20.387356627999964], [31.131259925000165, -20.386376549999966], [31.13673177000004, -20.389130751999915], [31.13920569600009, -20.384279389999904], [31.149005414000158, -20.38081612799988], [31.184439395000027, -20.372804515999917], [31.19072122400013, -20.387694619999934], [31.191256214000134, -20.39867043499993], [31.196287071000143, -20.40100060599991], [31.199126993000107, -20.4069670479999], [31.19692406100006, -20.416352745999973], [31.215074565000123, -20.460593020999966], [31.213832603000185, -20.465762404999964], [31.22190438300015, -20.487302998999894], [31.243986756000027, -20.496600677999936], [31.26896808600003, -20.5850602189999], [31.26898909400012, -20.60054136399998], [31.26622017599999, -20.60506769999995], [31.237517006000076, -20.619749798999976], [31.181065636000028, -20.642100477999918], [31.176960756000028, -20.645321717999934], [31.180429661000062, -20.653869347999887], [31.16552509500019, -20.666022252999937], [31.172491899000192, -20.67358480799993], [31.169171000000176, -20.682996504999892], [31.18358659000006, -20.690716067999915], [31.194406282000045, -20.693432262999977], [31.22602237100017, -20.68650673699989], [31.232516186000055, -20.688939913999945], [31.238347046, -20.740602722999938], [31.24153196100019, -20.752457595999942], [31.249689727000145, -20.751559525999937], [31.250282712000114, -20.756316875999914], [31.242254952000053, -20.77390317599992], [31.238803060000123, -20.791128446999892], [31.240403021000077, -20.80339534999996], [31.244074919000127, -20.81061487999989], [31.260624450000137, -20.82017957599993], [31.27007918400011, -20.831502404999924], [31.24398297100015, -20.901445560999946], [31.19925326600014, -20.92069299699989], [31.186623610000026, -20.88698352599988], [31.203615424000134, -20.87343074399996], [31.190239197000096, -20.8686599049999], [31.174079145000064, -20.878151269999933], [31.133452140000088, -20.892074925999907], [31.084218577000115, -20.934171042999935], [31.077466764000064, -20.920748060999927], [31.07015597400016, -20.921375110999918], [31.064856129000134, -20.92667850299995], [31.06117123399997, -20.924925375999976], [31.053396454000108, -20.918861933999892], [31.04288974700006, -20.904541887999983], [31.0434677290001, -20.900829613999974], [31.038544868000145, -20.897436367999944], [31.042032764999988, -20.892988038999874], [31.041891764000127, -20.88368335499996], [31.036583916000097, -20.88217624699996], [31.03102607800014, -20.88747963999998], [31.019675390000145, -20.86245480499997], [31.012334584000087, -20.83370769399994], [30.997770991000095, -20.814625295999974], [30.99388009500001, -20.802144378999913], [30.976389584000117, -20.77955772399997], [30.9675018370001, -20.776528505999977], [30.952676253000163, -20.761409398999945], [30.936830702000123, -20.75181269999996], [30.92951591100001, -20.750519607999877], [30.922127127000124, -20.75598101499986], [30.915047320000042, -20.739114774999848], [30.89425990300009, -20.717823214999953], [30.889471040000046, -20.7164711179999], [30.875837433000072, -20.72099545899988], [30.86218281300006, -20.70087198099992], [30.81431716899999, -20.674243039999965], [30.81078926100014, -20.659042918999944], [30.811952213000097, -20.63617722899994], [30.80797331800011, -20.620627080999952], [30.801385507000134, -20.621825172999934], [30.788438875000054, -20.616207764999956], [30.777699184000085, -20.618002902999876], [30.766823494000107, -20.614954683999883], [30.756939783000064, -20.624566399999935], [30.75058096600003, -20.62547847099995], [30.734235404999993, -20.578615012999876], [30.709521096000174, -20.551594025999975], [30.712428006000152, -20.54156628199985], [30.710120059000076, -20.519873675999975], [30.716526870000052, -20.511021015999916], [30.716926855000168, -20.505088575999878], [30.71085201300008, -20.479160655999976], [30.702805232000117, -20.46246242199993], [30.704426180000155, -20.453161730999966], [30.69816735000012, -20.438204623999923], [30.70348419400017, -20.431298107999964], [30.696671379000065, -20.415299923999896], [30.699523292000038, -20.40774636099991], [30.677632900000162, -20.37863220999992], [30.684191687000066, -20.33667108499992], [30.669296107000036, -20.32791544199989], [30.652580574000126, -20.309213058999944], [30.652988551000078, -20.292125786999918], [30.639900915000055, -20.275812578999933], [30.617463544000145, -20.255233057999874], [30.605523882000057, -20.25113375899997], [30.607857806000084, -20.23676068599997], [30.601607980000097, -20.22846507099996], [30.5935512100001, -20.227647014999945], [30.584638470000073, -20.237044720999904], [30.566919967000103, -20.222236625999926], [30.544902595000053, -20.21959844199995], [30.5390087560001, -20.208382608999898], [30.52726709600006, -20.21500410999994], [30.5142064690001, -20.214954112999976], [30.50895361500011, -20.209056675999932], [30.48889818500004, -20.204558351999935], [30.489106171000174, -20.191635387999895], [30.47022370100018, -20.17817039399995], [30.444815401000028, -20.138151419999872], [30.446434348000082, -20.128578702999903], [30.443464423000137, -20.113620586999957], [30.45811752800006, -20.100508487999946], [30.44326903300015, -20.08119445699998], [30.436640539000052, -20.07861539499993], [30.43658751300012, -20.069446944999925], [30.429735776000086, -20.068201384999895], [30.42164139100015, -20.056432879999875], [30.428837698000052, -20.048898047999955], [30.42245648500011, -20.043648301999895], [30.42374347200007, -20.039083245999848], [30.4287072300001, -20.03208876499997], [30.440001983000172, -20.033398594999937], [30.442167524000013, -20.02445317799993], [30.44028650900009, -20.01583120899994], [30.433890577000057, -20.01153670899987], [30.432628571000123, -19.994845273999942], [30.442302213000062, -19.98644444899992], [30.43923850600015, -19.98129978199995], [30.43139001300011, -19.98610443399997], [30.42794061700016, -19.984961455999894], [30.433310614000106, -19.962152250999964], [30.422747914000126, -19.96118918499991], [30.426313807000042, -19.952073499999926], [30.425417826000057, -19.943342844999904], [30.430737671000145, -19.937490402999913], [30.44288332600013, -19.939832571999887], [30.450392105000105, -19.92976681199997], [30.45492397800018, -19.932363003999967], [30.45700791200011, -19.92186621499991], [30.47048951500011, -19.9037378459999], [30.46957753900017, -19.900813626999877], [30.46449468500009, -19.902194733999977], [30.45767387500007, -19.89489618999994], [30.454471967000188, -19.89516921199987], [30.45945381900009, -19.886138530999972], [30.451151055000025, -19.884912443999895], [30.454408957000112, -19.87728786899993], [30.448215989000175, -19.86943576999994], [30.45904381600019, -19.863147803999937], [30.453851955000005, -19.849915812999882], [30.45897480600013, -19.845673490999957], [30.459692836000045, -19.839789825999958], [30.469451505000052, -19.842346234999923], [30.522016003000033, -19.83650176499998], [30.633869833000176, -19.866361946999973], [30.686476330000175, -19.86140454599996], [30.69337712900017, -19.85394198199998], [30.677785566000182, -19.841940087999888], [30.67905552300016, -19.83015420099997], [30.683066405000034, -19.824423767999917], [30.677468559000147, -19.815602107999894], [30.68110745200005, -19.809230625999874], [30.67883651200009, -19.802240101999928], [30.68347037000018, -19.78474078299996], [30.692803101000095, -19.779523384999834], [30.688275216000136, -19.756354642999952], [30.69217009800019, -19.74589585299998], [30.704705651000097, -19.74411729799988], [30.76612381200016, -19.718111492999924], [30.7601809520001, -19.75799875599995], [30.755236990000128, -19.758361913999977], [30.749748682000074, -19.765519980999898], [30.74635514400012, -19.783332169999937], [30.734088455999995, -19.793379796999943], [30.737189416000092, -19.79639490099993], [30.73436897700003, -19.805286527999954], [30.74052939900014, -19.81429198899997], [30.75654663400013, -19.82512196999994], [30.781778961000043, -19.819485755999892], [30.774906933000068, -19.79686873099996], [30.770854423000117, -19.765359151999917], [30.796145835000004, -19.78735410999991], [30.799883891000036, -19.74403697299988], [30.808050882000146, -19.73776017199998], [30.809047196000165, -19.730545107999944], [30.821350594000137, -19.717090825999946], [30.822869682000032, -19.70435518299996], [30.851961899000116, -19.715257952999934], [30.960371423000026, -19.687145287999897]], [[30.836873962000027, -20.02687835599994], [30.812274645000116, -20.034294013999954], [30.805053891000057, -20.044045930999857], [30.80187850800013, -20.041407312999922], [30.790044244000114, -20.054505552999956], [30.790508313000032, -20.057543515999953], [30.794177931000092, -20.05723054499998], [30.788783433000162, -20.06374583899992], [30.80663447200004, -20.110389267999892], [30.82612371500005, -20.10934798499983], [30.817749431000152, -20.11641440799997], [30.830154988000118, -20.113593855999966], [30.836638883000035, -20.14173142599998], [30.846561041000143, -20.130575342999975], [30.846616317000098, -20.12654024999989], [30.865787843000078, -20.111907266999935], [30.86635487800004, -20.107065382999963], [30.853668337000045, -20.09630498599995], [30.886931065000113, -20.04152438099993], [30.836873962000027, -20.02687835599994]]]}}, {"type": "Feature", "properties": {"DISTRICT": "Masvingo Urban", "NAME": "Masvingo Urban", "PROVINCE": "Masvingo", "PCODE": "ZW1821", "AREA_SQKM": 71.9, "MINING_CADASTRE": "Masvingo Urban Cadastre Zone (Masvingo)"}, "geometry": {"type": "Polygon", "coordinates": [[[30.886892990999968, -20.041589369999883], [30.853668337000045, -20.09630498599995], [30.86635487800004, -20.107065382999963], [30.865787843000078, -20.111907266999935], [30.846616317000098, -20.12654024999989], [30.846561041000143, -20.130575342999975], [30.836638883000035, -20.14173142599998], [30.830154988000118, -20.113593855999966], [30.817749431000152, -20.11641440799997], [30.82612371500005, -20.10934798499983], [30.80663447200004, -20.110389267999892], [30.788783433000162, -20.06374583899992], [30.794177931000092, -20.05723054499998], [30.790508313000032, -20.057543515999953], [30.790044244000114, -20.054505552999956], [30.80187850800013, -20.041407312999922], [30.805053891000057, -20.044045930999857], [30.812274645000116, -20.034294013999954], [30.836873962000027, -20.02687835599994], [30.886892990999968, -20.041589369999883]]]}}, {"type": "Feature", "properties": {"DISTRICT": "Matobo", "NAME": "Matobo", "PROVINCE": "Matabeleland South", "PCODE": "ZW1606", "AREA_SQKM": 7244.6, "MINING_CADASTRE": "Matobo Cadastre Zone (Matabeleland South)"}, "geometry": {"type": "Polygon", "coordinates": [[[28.552622543000098, -20.221999899999958], [28.605319598000108, -20.22744280799992], [28.657028546000163, -20.282423655999878], [28.678090964999967, -20.31172066499994], [28.71334497900017, -20.331282090999935], [28.71782187900004, -20.35976220799995], [28.77076635500015, -20.345601107999926], [28.78523298000016, -20.384709005999923], [28.766026586000123, -20.443511393999927], [28.782162141000185, -20.459497567999904], [28.772848993000025, -20.488341154999944], [28.735608875000025, -20.505317115999958], [28.733964351000168, -20.481471386999942], [28.657897702000128, -20.47306568399989], [28.679250115000173, -20.495831355999883], [28.68053609800006, -20.515196790999937], [28.692030796000097, -20.542137778999972], [28.699698582000167, -20.54707213799992], [28.724527904000013, -20.578624454999954], [28.739311506000035, -20.602298194999946], [28.7376685590001, -20.60832764299994], [28.784403726000107, -20.62261752699993], [28.748006232000023, -20.64712567399988], [28.73305176200006, -20.679802934999884], [28.679513305000057, -20.692737938999983], [28.655309998000064, -20.69347001499989], [28.70606570900003, -20.853781795999907], [28.699144004000118, -20.94865978199988], [28.762342240000123, -20.994459088999918], [28.742557829000134, -21.015484649999905], [28.76286628300005, -21.05164528399996], [28.71994653200005, -21.070008668999947], [28.70000006900017, -21.036072198999932], [28.675271797000164, -21.05473558999995], [28.68921042600016, -21.08281763499997], [28.63381707300016, -21.139378826999973], [28.656971461000126, -21.189240452999968], [28.62038455100003, -21.227708296999936], [28.695055887000024, -21.239936032999935], [28.68112385400019, -21.27081938799995], [28.746979024000098, -21.32933959399992], [28.766778590000172, -21.459224024999912], [28.723854978000134, -21.605323658999964], [28.73058080600009, -21.62585213899996], [28.74186048500019, -21.62944038799992], [28.739384562000055, -21.63428574099993], [28.734124714000018, -21.634907790999932], [28.732121779000124, -21.64268835499996], [28.743432466000115, -21.654211177999912], [28.755256415000133, -21.655262248999918], [28.75665268299997, -21.66079230199989], [28.763525223000045, -21.662535827999932], [28.76420381200012, -21.667882216999942], [28.77450121200019, -21.67677970199992], [28.773679897000193, -21.693231589999925], [28.779806500000063, -21.70071825899987], [28.77514461900006, -21.71626363299987], [28.769264782000164, -21.709959182999967], [28.749987326000166, -21.69969145899995], [28.698087805000057, -21.686420547999944], [28.66941761900017, -21.675774805999936], [28.653144064000116, -21.654228262999823], [28.639162460000023, -21.648700876999897], [28.599364600000115, -21.643399530999943], [28.582191077000175, -21.62842746399997], [28.572353361000125, -21.6286434889999], [28.556324836000044, -21.642192484999953], [28.53958431700005, -21.64141244399991], [28.525958726000056, -21.65651554999988], [28.503444387000172, -21.66919048799997], [28.459391637000124, -21.653864421999913], [28.442196114000126, -21.63754925899991], [28.41023302400015, -21.629801728999894], [28.391805542999975, -21.619619009999894], [28.388392637000038, -21.616427782999892], [28.392690514000094, -21.616944815999886], [28.393968472000154, -21.61172643699996], [28.388745601000096, -21.593578127999876], [28.375226986000087, -21.589902874999837], [28.367098193999993, -21.567442255999936], [28.36935412300005, -21.56183384699989], [28.382897731000128, -21.55911363599995], [28.38142775700004, -21.544416571999932], [28.384255666000172, -21.53567593599996], [28.373298965000174, -21.522216969999874], [28.359261357000037, -21.511752224999896], [28.35476146500008, -21.492997867999975], [28.33752295800008, -21.491233756999975], [28.32515229400002, -21.474304539999878], [28.319444442000133, -21.459451465999905], [28.30480985600019, -21.454166096999927], [28.297745043000134, -21.439829061999944], [28.289053286000126, -21.434718698999973], [28.28760731600005, -21.424635966999972], [28.282766448000075, -21.418003489999933], [28.28512636900001, -21.40849079499992], [28.27237973600006, -21.409116853999876], [28.2712107590001, -21.39993418699993], [28.260228056000074, -21.38419105199995], [28.259231065999984, -21.367740854999965], [28.228568917000075, -21.341944006999938], [28.21573526500015, -21.32431973499996], [28.203640608000114, -21.320996504999982], [28.19651280300019, -21.312816915999917], [28.203146597, -21.29895689899996], [28.20870843600005, -21.297696800999972], [28.212622318000058, -21.292208396999968], [28.199583663999988, -21.26775462599994], [28.205979473000127, -21.261494162999952], [28.203810527000087, -21.254026619999877], [28.210844319000103, -21.24806717799993], [28.203779512000096, -21.23997759399998], [28.208532367000146, -21.232436037999946], [28.207279393000192, -21.22396442099995], [28.210800280000115, -21.212559583999905], [28.202881489000106, -21.197202468999876], [28.205872393000107, -21.187748774999818], [28.21630708500004, -21.18026221699995], [28.220319960000154, -21.17103353899995], [28.21888597400016, -21.14720679699991], [28.21226715400013, -21.1385891729999], [28.217026014000055, -21.135572946999957], [28.21790498300004, -21.129959534999898], [28.22471778500011, -21.127502348999883], [28.231828571000165, -21.11877770299992], [28.228402654000092, -21.10525371599988], [28.221915835000118, -21.101004410999906], [28.220519869000043, -21.09541300199993], [28.227700658000117, -21.090428629999906], [28.22297076600006, -21.06628186499995], [28.233787453000048, -21.06365766199997], [28.23227449200016, -21.059876385999928], [28.23529040000011, -21.05402595399994], [28.22899758200009, -21.056391133999966], [28.20296731500008, -21.045221339999898], [28.20618620100015, -21.025961923999944], [28.195675468000104, -20.995227677999935], [28.188690663000102, -20.990762356999937], [28.189135638000096, -20.979964563999943], [28.197693376000075, -20.964527420999957], [28.203633201000116, -20.960576124999875], [28.203102209000065, -20.953436600999964], [28.199215315000174, -20.94888026999996], [28.20914100800013, -20.928572766999935], [28.22137031300008, -20.921631608999917], [28.223099706000085, -20.913803172999962], [28.238355040000044, -20.90603612699988], [28.23602606100019, -20.90023358199994], [28.242144859000177, -20.89130695999995], [28.31051400399997, -20.83351266999989], [28.30390118500003, -20.82622013899993], [28.303573189000076, -20.82119076899994], [28.28600669600013, -20.82577212299998], [28.278676902000086, -20.82219186599997], [28.271015108000142, -20.810713027999952], [28.25439654100012, -20.772473222999906], [28.254786525000043, -20.767187832999923], [28.247603726000193, -20.763246548999973], [28.24273585100002, -20.75050661299997], [28.23168515000009, -20.73589554499995], [28.218480480000153, -20.692633360999935], [28.216926505999993, -20.67561310399998], [28.213100611000073, -20.671330790999946], [28.212015052000083, -20.652798658999927], [28.250608509000017, -20.593521496999927], [28.183707046000166, -20.550566387999936], [28.26662099100014, -20.488957598999946], [28.269458687000053, -20.461528829999963], [28.298676796000052, -20.447936125999888], [28.301297282000178, -20.426045328999976], [28.30830660700002, -20.406023021999886], [28.331586889000164, -20.354618174999928], [28.343429559000185, -20.3619397089999], [28.36609386400005, -20.31492718599992], [28.380379435000123, -20.29446964799996], [28.389597167000034, -20.28968128199989], [28.413104503000113, -20.295331681999983], [28.42969602800008, -20.293147503999876], [28.458771171000137, -20.265376405999916], [28.48105350700007, -20.236655242999916], [28.49656915300011, -20.235452042999952], [28.53878151100008, -20.25867166699993], [28.552622543000098, -20.221999899999958]]]}}, {"type": "Feature", "properties": {"DISTRICT": "Mazowe", "NAME": "Mazowe", "PROVINCE": "Mashonaland Central", "PCODE": "ZW1204", "AREA_SQKM": 4354.2, "MINING_CADASTRE": "Mazowe Cadastre Zone (Mashonaland Central)"}, "geometry": {"type": "Polygon", "coordinates": [[[31.277384175999998, -16.82345208299995], [31.27498799300008, -16.83551072999984], [31.265690080000013, -16.839397361999886], [31.260607904000153, -16.832415709999907], [31.256851924999978, -16.849234846999934], [31.249593134000065, -16.85512043299991], [31.253108800000177, -16.864567097999952], [31.239110192000112, -16.873515434999945], [31.23630427800009, -16.89080880599994], [31.199089337000146, -16.925788590999957], [31.203435226000124, -16.94707286199997], [31.202061335000053, -16.983239520999973], [31.206667427000127, -16.986253709999858], [31.21277997700014, -16.984002191999878], [31.217326853000145, -16.991318768999975], [31.219645793000154, -17.003086697999947], [31.217030866000073, -17.003898763999928], [31.216918874000044, -17.01490763399994], [31.205912189000173, -17.028877742999896], [31.199386372000163, -17.029510794999965], [31.189272661000075, -17.0411197169999], [31.182575851000024, -17.044261967999944], [31.177123013000028, -17.066922760999944], [31.17011921200009, -17.07159213199992], [31.170072215000005, -17.076052484999934], [31.13711215100011, -17.10067244199996], [31.133257281000056, -17.14869723399994], [31.12066864500008, -17.173514196999918], [31.119585678000135, -17.179634679999936], [31.127192468000146, -17.186540220999916], [31.131201375000103, -17.23087971399997], [31.140654108000035, -17.228186497999957], [31.13176339900008, -17.319856719999905], [31.11928274700017, -17.315754401999982], [31.116261834000056, -17.320118746999924], [31.136656281000057, -17.364592235999964], [31.147857972999986, -17.37939239499991], [31.149390941000036, -17.404285350999885], [31.145103071000165, -17.42719215199992], [31.137951278000003, -17.439871150999977], [31.138115276000065, -17.44577161399991], [31.145651067000188, -17.45235412799991], [31.134562385000038, -17.46520814099989], [31.126392615000157, -17.465330153999957], [31.116180906000125, -17.475075923999952], [31.11970980899997, -17.478618199999914], [31.11858684200007, -17.482202481999934], [31.124891665999996, -17.4843716499999], [31.125446654000086, -17.4924052799999], [31.108453138000073, -17.50617936699996], [31.112395030000073, -17.512685875999978], [31.108829132000096, -17.516860204999944], [31.116100928000094, -17.518567335999876], [31.120832798000094, -17.5249738359999], [31.114799976000086, -17.542748231999894], [31.063870702000088, -17.543916530999923], [31.05843059600005, -17.616286017999983], [31.051783782000086, -17.61284275099996], [31.067612346000033, -17.63445743699998], [31.052250782000158, -17.641304978999926], [31.073952192000036, -17.687000544999876], [31.08167344900005, -17.73040984299996], [31.04632444200007, -17.74022860699995], [31.041554192000092, -17.73242616199991], [31.037544408000144, -17.737383670999918], [31.025913890000083, -17.727099838999948], [31.026176501000066, -17.739179313999898], [30.995628228000157, -17.737134641999944], [30.97547833500016, -17.718829735999975], [30.96254571600008, -17.71391251999995], [30.955354523999972, -17.660521724999967], [30.93048687800018, -17.66211411699993], [30.92852577499997, -17.700605843999938], [30.912714628000174, -17.687182313999926], [30.844607632000077, -17.65049579099997], [30.837489839000114, -17.662731751999956], [30.789851168000098, -17.639969992999852], [30.760071988000163, -17.604298212999936], [30.78542425100005, -17.55769554999995], [30.728485850000084, -17.55261217799989], [30.691245901000002, -17.559635746999902], [30.64476120500001, -17.55193116499987], [30.61149239200006, -17.551942410999914], [30.612364104000108, -17.518321746999902], [30.621295830000122, -17.47627044399991], [30.619523869000147, -17.454957771999887], [30.632350483000096, -17.406341947999977], [30.617734871000096, -17.362844535999955], [30.668480382000155, -17.251236522999932], [30.671445293000033, -17.240974712999957], [30.655140749000168, -17.236198343999945], [30.68195698600016, -17.21772187499994], [30.718308675999992, -17.15579893499995], [30.738874990000113, -17.061296005999964], [30.760640690000116, -17.04347608599994], [30.760716674000037, -17.01440578799992], [30.769043428000145, -16.988658747999978], [30.782938028000103, -16.969413218999932], [30.790542804000154, -16.946798425999873], [30.80832029000004, -16.91489489199995], [30.837977451000143, -16.898532582999962], [30.84060537000005, -16.88337938199993], [30.860198811000032, -16.86249971899997], [30.863262709000026, -16.8293780919999], [30.869771518999983, -16.812427743999876], [30.91703820500004, -16.83474749399994], [30.979652476000126, -16.852035085999887], [31.072667249000006, -16.83911464399995], [31.271362679000163, -16.784835718999943], [31.285056956000176, -16.78834674099994], [31.252891447000025, -16.82018853099993], [31.277384175999998, -16.82345208299995]], [[30.84059443800004, -17.024755569999968], [30.850211172000115, -17.033036220999975], [30.852322111000035, -17.028637871999933], [30.859630908000042, -17.032342161999907], [30.86343579600009, -17.022022343999936], [30.85653698900012, -17.02059723499997], [30.85528202500018, -17.02298342399996], [30.84521930500017, -17.018953109999927], [30.84523630300015, -17.01402371999984], [30.840550434000136, -17.014182734999963], [30.84059443800004, -17.024755569999968]]]}}, {"type": "Feature", "properties": {"DISTRICT": "Mberengwa", "NAME": "Mberengwa", "PROVINCE": "Midlands", "PCODE": "ZW1706", "AREA_SQKM": 5066.5, "MINING_CADASTRE": "Mberengwa Cadastre Zone (Midlands)"}, "geometry": {"type": "Polygon", "coordinates": [[[29.768400870000107, -20.3337435979999], [29.78363444900009, -20.351826932999927], [29.7889232980001, -20.351820928999928], [29.79678507699998, -20.357440340999858], [29.80169294400008, -20.365804959999878], [29.819724428000086, -20.365356913999847], [29.82603525800016, -20.37890591699994], [29.84521571200014, -20.380874049999875], [29.857450367000183, -20.38719151099997], [29.87348291900014, -20.400215467999942], [29.87897077000008, -20.410928260999924], [29.90292109100011, -20.418876834999935], [29.92000960300004, -20.418546797999966], [29.92346451200018, -20.429428603999952], [29.92852437000016, -20.43279585099998], [29.934992184000123, -20.43120272799996], [29.94798281800007, -20.438339248999966], [29.963605369000106, -20.43586705499996], [29.975381042000038, -20.449008022999863], [29.99763641300018, -20.458266694999963], [29.995338431000107, -20.394658972999935], [30.137348454000062, -20.50953240599995], [30.132587607000062, -20.532111081999915], [30.139100424000105, -20.53743247199992], [30.152826031000018, -20.53725344999998], [30.16325872900012, -20.532664102999945], [30.1770483250001, -20.518890073999955], [30.1866460600001, -20.532117047999975], [30.203378576999967, -20.527303679999875], [30.20562552200016, -20.53989761199989], [30.210670380000124, -20.54311184699992], [30.23041681400008, -20.541911744999936], [30.25037424800007, -20.54987932299997], [30.25531010600008, -20.5483802089999], [30.271743645000072, -20.56278326499995], [30.275190547000193, -20.56335930599994], [30.279376423000144, -20.556848820999903], [30.297672902999977, -20.562501227999974], [30.30732663100008, -20.56853666899991], [30.31066254000018, -20.575533184999927], [30.336255807000043, -20.575182142999893], [30.36742891000017, -20.568898658999956], [30.38919329400011, -20.57962043899994], [30.39758305300012, -20.578600357999846], [30.41521755500014, -20.588975114999982], [30.41721349700009, -20.586859957999877], [30.414424573000076, -20.58249763699996], [30.420119406000083, -20.576515189999952], [30.43060810500009, -20.575539111999944], [30.441004821000035, -20.59583260699992], [30.44264678400009, -20.610491690999936], [30.447443651000015, -20.616550135999944], [30.445112721999976, -20.622743594999974], [30.450294570000096, -20.62628970399993], [30.45060256500011, -20.632857188999935], [30.458052361000114, -20.646449188999952], [30.477401812000153, -20.654647783999906], [30.48137970200014, -20.661076256999877], [30.47882778600018, -20.67610336799993], [30.48083873000013, -20.67973163499994], [30.492518399000062, -20.684032945999945], [30.51991361200004, -20.68231980299987], [30.50980998, -20.691874677999976], [30.48686559300006, -20.704910478999864], [30.481419527000128, -20.715144162999877], [30.480057760000193, -20.74835585999989], [30.47342958500019, -20.7562798969999], [30.469147449000104, -20.769585776999918], [30.45430880400005, -20.831056797999906], [30.450822207000158, -20.869201136999948], [30.453440587999978, -20.882608810999955], [30.44340675400008, -20.92314072599993], [30.445177502000035, -20.962508860999947], [30.417522589000043, -20.986536715999932], [30.409282162000125, -20.999331959999893], [30.402668193000068, -20.99977223899998], [30.393381473000147, -21.019536694999886], [30.38134081900006, -21.01895165899998], [30.35683053700012, -21.039859206999893], [30.342279958000177, -21.043417476999878], [30.33719710400004, -21.043058453999947], [30.31683967900011, -21.030167521999942], [30.308903907000058, -21.030690564999873], [30.30051215200018, -21.036427990999925], [30.281686681000167, -21.0194477579999], [30.25329050400012, -21.0297915349999], [30.250111603000107, -21.041004358999885], [30.229411195000125, -21.037449111999877], [30.21706754500019, -21.031712698999968], [30.19329923200013, -21.037849163999965], [30.179440623000175, -21.027840439999977], [30.165945015000148, -21.034525938999934], [30.131292991000066, -21.008447049999916], [30.109021629000097, -21.00703996099992], [30.07357963400011, -20.99013374499998], [30.067281802000082, -20.974541604999956], [30.068819752000138, -20.966317999999887], [30.059486918999994, -20.96028015999991], [30.049197310000125, -20.959348501999955], [29.991050945999973, -20.918101510999975], [29.987586039999997, -20.91135601799988], [29.97110851200017, -20.9094198869999], [29.954338841000094, -20.915277646999982], [29.946786379000116, -20.911732200999836], [29.92744877399997, -20.922802900999955], [29.902949494999973, -20.945408578999945], [29.882299098000146, -20.95861056299998], [29.823563827000044, -21.01286858599991], [29.78283001200009, -21.032037020999894], [29.767367456000045, -21.032358055999907], [29.729206543000146, -21.02251536199998], [29.68960367800014, -21.021338304999915], [29.592461482000033, -21.040537784999913], [29.534468143000026, -21.03680655599993], [29.45778332400016, -21.015580057999898], [29.48938875200008, -20.995268620999866], [29.541428737000047, -20.953384708999977], [29.58571125399999, -20.925993725999888], [29.6242994750001, -20.891184300999953], [29.650635581000074, -20.75569194399992], [29.66680008200001, -20.712660756999924], [29.675368802000094, -20.670484635999912], [29.661663181000165, -20.65472848099995], [29.607881732000124, -20.668182514999955], [29.596804035000105, -20.650612224999975], [29.58449834800018, -20.604275806999965], [29.620303316000104, -20.595186107999893], [29.605308130000026, -20.57531648799994], [29.701124932000027, -20.516161042999954], [29.713404546000163, -20.47359487599988], [29.73119703000009, -20.455580679999855], [29.730887988000063, -20.39152592199997], [29.756368214000133, -20.334920693999948], [29.768400870000107, -20.3337435979999]]]}}, {"type": "Feature", "properties": {"DISTRICT": "Mbire", "NAME": "Mbire", "PROVINCE": "Mashonaland Central", "PCODE": "ZW1208", "AREA_SQKM": 4695.9, "MINING_CADASTRE": "Mbire Cadastre Zone (Mashonaland Central)"}, "geometry": {"type": "Polygon", "coordinates": [[[30.422398441000098, -15.618543416999955], [30.421902098000146, -16.00080346599998], [30.905470152000078, -15.999174837999874], [30.914886887000193, -15.996360607999975], [30.931236435000073, -16.005646346999924], [30.936191296000175, -16.004336239999873], [30.940801170000043, -16.009530654999878], [30.947722977000126, -16.009953685999903], [30.958058694999977, -16.026281991999895], [30.958410688000072, -16.032313475999956], [30.95522977800016, -16.034398643999907], [30.965569492000157, -16.041063174999977], [30.964161533000095, -16.044020411999952], [30.971039344000133, -16.050568934999887], [30.98848686000008, -16.059472641999946], [31.00684334700003, -16.056981434999955], [31.01257618400018, -16.049930866999944], [31.017060058000084, -16.049755850999873], [31.02511482900013, -16.038806969999882], [31.02383286300011, -16.034570629999962], [31.02851372700019, -16.021593586999927], [31.043816299000127, -16.02114854599995], [31.05181907400015, -16.01759925799996], [31.058087897000064, -16.01171278299995], [31.063634736999973, -15.999584807999952], [31.066432662000125, -16.005942316999892], [31.061894791999975, -16.014482003999944], [31.065038706000053, -16.018198300999927], [31.077977342000167, -16.011819783999954], [31.087451080000164, -16.017155207999963], [31.092295942000078, -16.01157675899998], [31.103502630000094, -16.01406795399987], [31.11533429800005, -16.009795606999944], [31.116297272000168, -16.012971861999972], [31.110662434000062, -16.022140598999897], [31.112928372000113, -16.026697963999936], [31.125376025000037, -16.02866411699989], [31.138074670000094, -16.025558862999958], [31.122217120000073, -16.04396834599993], [31.12174613500008, -16.04904075299993], [31.127074988000174, -16.053296091999982], [31.138951652000173, -16.042362210999897], [31.145266477000177, -16.04609550799995], [31.13007890800003, -16.062087795999958], [31.133866805000025, -16.06813227899994], [31.132708841000124, -16.078170083999964], [31.136517736000087, -16.080939304999845], [31.134065807000127, -16.088326897999934], [31.13979665100004, -16.098188685999958], [31.137238725000145, -16.10483721999998], [31.140902626000127, -16.113101880999977], [31.136086761, -16.113816939999936], [31.139129678000188, -16.117005193999944], [31.116280315000097, -16.116251142999886], [31.11970122499997, -16.128206098999954], [31.115295350000054, -16.133046487999877], [31.116358322000053, -16.137597852999875], [31.105780618000097, -16.13807089499994], [31.104942639000114, -16.13225142899995], [31.085485182000184, -16.13130335999989], [31.083564239000168, -16.140597105999973], [31.07851938099998, -16.142788282999902], [31.075269470000137, -16.138013901999955], [31.069474632000095, -16.137876892999884], [31.06677771200009, -16.148644756999886], [31.041517424000062, -16.164045999999928], [31.016574121000133, -16.165175099999942], [31.010755285000073, -16.168417361999957], [30.999320612000133, -16.184570659999963], [30.98140511600019, -16.194411454999965], [30.981461120000176, -16.205816367999944], [30.97168040200006, -16.226919059999943], [30.97150441000008, -16.23473368499998], [30.977644242000054, -16.242909336999958], [30.963270648000048, -16.250924983999937], [30.963549642000032, -16.25493030399997], [30.971348424000098, -16.255188320999935], [30.970545449000042, -16.26087277599987], [30.96495560400018, -16.259697684999878], [30.954933887000095, -16.264954108999973], [30.95671584100012, -16.273530793999953], [30.952027976000068, -16.28250951399997], [30.959839758000044, -16.283451585999956], [30.946958122000183, -16.292765334999956], [30.944932176000066, -16.287420908999934], [30.942491247000135, -16.29215728899993], [30.937209394000035, -16.29117121199988], [30.929689606000125, -16.295014521999917], [30.929750605000095, -16.298241779999955], [30.927329671000166, -16.293393393999963], [30.92049986300009, -16.296237623999957], [30.923455783000065, -16.302738141999953], [30.918472921999978, -16.30155204899995], [30.9221268230001, -16.307455519999962], [30.919749888000126, -16.304855312999962], [30.91708796400013, -16.308617614999946], [30.913813055000162, -16.30681447199987], [30.914971023000078, -16.30914165699994], [30.90956317399997, -16.30688547899996], [30.911064134000185, -16.3113578359999], [30.90699424700017, -16.31025374999996], [30.9026073710001, -16.313945045999958], [30.901739394000117, -16.31082979799993], [30.897433515000102, -16.31168586799987], [30.894711594000057, -16.31779435699991], [30.88747679500017, -16.315274158999955], [30.882811927000034, -16.320340565999913], [30.88405689100017, -16.316506258999937], [30.877731069000106, -16.31925148099998], [30.870626265, -16.312916977999976], [30.85791562100013, -16.315377179999928], [30.854846709000014, -16.319142481999904], [30.852750765000167, -16.31526717299988], [30.85247077600019, -16.32201971299986], [30.84710292600016, -16.322009713999933], [30.847623915000156, -16.32825921299991], [30.83805718300016, -16.33105744099987], [30.83941714600013, -16.3334796339999], [30.84393201900008, -16.33115644599991], [30.841792081000108, -16.33598183299995], [30.83530326200014, -16.335503796999888], [30.83813118600017, -16.34063820599988], [30.83620524200012, -16.34604963899983], [30.831442375000165, -16.345834623999963], [30.833432321000146, -16.349418908999894], [30.83070239700004, -16.34965892999992], [30.83029041100002, -16.354752336999923], [30.82266162600007, -16.358397630999946], [30.82364960100017, -16.36268297299995], [30.818117756000163, -16.36473013899996], [30.811451948000183, -16.37685610999995], [30.806558084000073, -16.37498096199988], [30.808488033000174, -16.38091343499991], [30.803922160000127, -16.38040239599991], [30.805997104000028, -16.383105610999962], [30.80188122000004, -16.38512877399984], [30.802545203000136, -16.38824602299991], [30.79981627900014, -16.388486042999887], [30.800777253000092, -16.391305267999826], [30.794826423000075, -16.398246823999955], [30.798416329000133, -16.41187790999993], [30.792530496000097, -16.41686231099993], [30.77194407000013, -16.41293800699998], [30.75001467800007, -16.402924216999907], [30.715528638000023, -16.394029522999972], [30.659361210000043, -16.396566749999977], [30.646949559000063, -16.40046906699996], [30.639896751000038, -16.391114323999943], [30.627160105000144, -16.38616693499995], [30.622094242000117, -16.37695720199997], [30.59404902700004, -16.378321323999955], [30.56958970600016, -16.369926664999923], [30.548301301000095, -16.36944963699989], [30.52788886799999, -16.36120498799994], [30.506904454000164, -16.36065595399998], [30.492439853000178, -16.35104819299994], [30.469666492000158, -16.356133609999915], [30.442102260000127, -16.350330159999885], [30.43298351500016, -16.35157226399997], [30.427952649000076, -16.338924255999927], [30.37408815800012, -16.334769171999937], [30.359316573000115, -16.34064064799992], [30.34295002800019, -16.33500020599996], [30.320895644000075, -16.33534024399995], [30.316155774000094, -16.33045085599997], [30.31838170800006, -16.32425135899996], [30.31497780000018, -16.317775843999982], [30.301678168000024, -16.311612357999934], [30.302099145000113, -16.290402662999895], [30.29489733300005, -16.27674835199997], [30.276686838000103, -16.26998881999998], [30.25419047600019, -16.276228552999953], [30.244184751000148, -16.267323846999943], [30.235003006000113, -16.264949660999946], [30.217730490000065, -16.268216930999927], [30.207113791000154, -16.276251578999904], [30.206892810000056, -16.299610445999974], [30.21425660900013, -16.30956623799983], [30.20566685300014, -16.315635727999847], [30.210335730000168, -16.32903179599998], [30.20840978700005, -16.336371382999914], [30.19760609600013, -16.34897839499996], [30.16388304200018, -16.354750873999876], [30.144240598000124, -16.368792004999932], [30.091284080000037, -16.37245032499993], [30.081211371000165, -16.38912366099987], [30.08636123200006, -16.398709423999946], [30.08340731800007, -16.403635817999884], [30.065567813000087, -16.398239396999884], [30.04952087400011, -16.38657524399997], [30.05030821400004, -16.365552573999935], [30.05823998600016, -16.354080653999972], [30.05842497599997, -16.34554897199996], [30.065094789, -16.343026766999913], [30.06355182600015, -16.33283695399996], [30.074065525000094, -16.32052196399991], [30.08578919600012, -16.317628726999885], [30.091706025000065, -16.307011874999944], [30.08925309100016, -16.303047559999925], [30.094102950000035, -16.293437788999938], [30.090353052000125, -16.287934350999933], [30.094877923000126, -16.28353199599991], [30.09524790800009, -16.274511274999895], [30.09042203400014, -16.25997411499992], [30.093183951000128, -16.248817220999968], [30.09006302600011, -16.228002556999968], [30.095571873000154, -16.22785254199988], [30.112052404000167, -16.212990343999934], [30.11992817900017, -16.203004540999927], [30.123594070000138, -16.192059662999895], [30.135218742000063, -16.18576915299991], [30.141485563000174, -16.17777850999994], [30.139717603000065, -16.161070172999928], [30.133677774000148, -16.16558553699997], [30.127861935000055, -16.162409285999956], [30.124502032000123, -16.168475773999887], [30.128632918000164, -16.17105997899995], [30.124732028000153, -16.172763116999874], [30.113944326000023, -16.16723167999993], [30.113714331000097, -16.164275442999894], [30.118915185000162, -16.163605385999972], [30.111991375000173, -16.15814095199994], [30.10984442900019, -16.14690305299996], [30.099054721000016, -16.1310887919999], [30.102723617000038, -16.12827656399992], [30.098516734000043, -16.12620940099987], [30.104175575000056, -16.1247272789999], [30.087460038000188, -16.118435783999928], [30.085829076000095, -16.104711684999927], [30.078291284000045, -16.101306414999954], [30.080857208999987, -16.09413783899987], [30.078814264000187, -16.091986667999947], [30.089073969000083, -16.074771281999915], [30.099012690000052, -16.072871124999836], [30.094259820000048, -16.067095663999964], [30.09541678500011, -16.06231127999996], [30.10050164300003, -16.063293355999974], [30.09942266600018, -16.049428243999955], [30.110090365000076, -16.044071808999945], [30.09355982700015, -16.044308835999914], [30.096095753000156, -16.039404441999864], [30.09257684800008, -16.03404001299998], [30.087285999000073, -16.03891740699987], [30.086655013000097, -16.033981010999923], [30.082356135000055, -16.036604223999973], [30.07399636600013, -16.032922932999952], [30.07419635700012, -16.027596504999963], [30.06501861100014, -16.02350718199989], [30.06358864700013, -16.01629860399987], [30.058905777000064, -16.016252602999884], [30.063300649000098, -16.005639748999897], [30.061152706000087, -16.000821362999943], [30.046264122000082, -16.002269486999978], [30.052002957000184, -15.993850807999877], [30.051545967000038, -15.988289361999932], [30.151282148999996, -15.918896735999965], [30.33451896000014, -15.75029831199987], [30.31307554000017, -15.716821625999955], [30.286327277000055, -15.701680418999956], [30.285436874000027, -15.644608669999911], [30.321763255000178, -15.64302043899994], [30.3326409550001, -15.648457872999813], [30.354565346000015, -15.652301171999909], [30.39532420400019, -15.636981917999947], [30.422398441000098, -15.618543416999955]]]}}, {"type": "Feature", "properties": {"DISTRICT": "Mhondoro-Ngezi", "NAME": "Mhondoro-Ngezi", "PROVINCE": "Mashonaland West", "PCODE": "ZW1427", "AREA_SQKM": 4295.0, "MINING_CADASTRE": "Mhondoro-Ngezi Cadastre Zone (Mashonaland West)"}, "geometry": {"type": "Polygon", "coordinates": [[[30.036362598000096, -18.227455268999904], [30.06518359900008, -18.258842422999976], [30.080069024000068, -18.243370116999927], [30.08675021100015, -18.28348507599992], [30.097135424000157, -18.272871943999917], [30.116077621000045, -18.29901265099994], [30.121432838000032, -18.29694293499989], [30.125651282000035, -18.309547652999925], [30.095102356000154, -18.35079312199997], [30.19094423600012, -18.34509731399993], [30.192110456000137, -18.390407867999954], [30.199488246000044, -18.388431710999953], [30.196699323000132, -18.384479406999958], [30.202816147000192, -18.379326004999882], [30.20344613200018, -18.38482542999992], [30.213521845000116, -18.380443085999957], [30.219911667000133, -18.385168446999955], [30.22035965300006, -18.382246220999946], [30.229358401000184, -18.385683481999934], [30.22854742100003, -18.381473156999903], [30.24249402800018, -18.382158201999857], [30.239976102000185, -18.38808666099993], [30.243125013000054, -18.388000652999892], [30.24411698700004, -18.391437917999895], [30.24987482400013, -18.390148814999918], [30.250730188000034, -18.39934287199992], [30.2551022400001, -18.403575837999938], [30.289564811000048, -18.413064935999955], [30.354942728000026, -18.41597438399998], [30.38070223400007, -18.422002127999974], [30.39808874200014, -18.40902641799994], [30.43228219400015, -18.437454609999918], [30.475848449000125, -18.442321519999894], [30.44646127900012, -18.503707974999884], [30.45577404900007, -18.51145978699992], [30.4641610540001, -18.512550223999938], [30.466120928000066, -18.51863845399987], [30.47612078000003, -18.521591593999972], [30.489204134000033, -18.513092172999905], [30.490459103000035, -18.52206386399996], [30.494064004000165, -18.52565313799994], [30.500174828000013, -18.52146681199997], [30.520156269000154, -18.531856602999937], [30.530216986000084, -18.53396675999994], [30.532646916000033, -18.531013530999928], [30.54182866399998, -18.54514561499991], [30.550344426000095, -18.549679959999935], [30.555649274000075, -18.547043753999958], [30.567368943000133, -18.547991820999982], [30.572114802000158, -18.535333842999876], [30.58118154600004, -18.53701996799998], [30.584384453000098, -18.533010657999966], [30.59179224400009, -18.533008653999957], [30.59909104000019, -18.537858023999945], [30.601850959000046, -18.53321666399995], [30.61224566700014, -18.535848861999966], [30.62081942100008, -18.530149417999894], [30.64481474500019, -18.535093786999937], [30.655877436000083, -18.541943308999976], [30.66317022800007, -18.539301101999968], [30.690935448000175, -18.54877181699993], [30.72189657300015, -18.55085496199996], [30.73378424000009, -18.555799336999883], [30.765171325000097, -18.506009484999822], [30.766240768000046, -18.570732057999976], [30.703912435000177, -18.634330134999914], [30.709138646000156, -18.63496581599992], [30.706651051000108, -18.64332090399995], [30.682354754000016, -18.67098304399991], [30.649087731000066, -18.732940821999932], [30.63953398000018, -18.695396942999935], [30.63037525600015, -18.72419515999991], [30.60279702100013, -18.696782067999948], [30.598426146000065, -18.699689293999825], [30.611438804999977, -18.74690891499995], [30.602523065000014, -18.76012793399991], [30.599808170000188, -18.80901968699993], [30.558212355000137, -18.819558516999905], [30.55752494100011, -18.876750186999914], [30.530284205000044, -18.909540604999904], [30.504483937000145, -18.911157742999933], [30.4908873170001, -18.900645945999884], [30.476089737000052, -18.902153068999894], [30.463530090999996, -18.89862780599998], [30.45683827700003, -18.893277399999874], [30.447616538000034, -18.892457342999876], [30.439746752000133, -18.87754220499994], [30.420876276000172, -18.86027789299993], [30.41190553299998, -18.864869249999913], [30.4080646380001, -18.858108733999927], [30.402123807000123, -18.859676856999954], [30.39507600400009, -18.855543543999886], [30.39057812200008, -18.840573399999982], [30.384915288000172, -18.848838035999904], [30.37385960300014, -18.852028286999825], [30.366189818000123, -18.847787965999885], [30.35533012600007, -18.847960985999975], [30.35341117300004, -18.837464181999962], [30.347307346000093, -18.83698714899998], [30.34249147900016, -18.830963689999976], [30.32349901000015, -18.819846848999873], [30.322757029000172, -18.81698162999993], [30.326847911000073, -18.81426941899997], [30.316579194000155, -18.800851395999928], [30.29602277300006, -18.79564600899988], [30.289199972000176, -18.80488072099996], [30.274414393000086, -18.809041047999926], [30.268236564000063, -18.802808573999926], [30.26022078000011, -18.784975210999903], [30.25454394200011, -18.78683335599993], [30.23946536400001, -18.780353867999906], [30.23485549700007, -18.782927067999935], [30.220838892000017, -18.780267871999968], [30.211531141000023, -18.758107176999943], [30.181675968000093, -18.730484072999957], [30.150781840000093, -18.725387699999885], [30.146642953000025, -18.71930423499998], [30.140200136000146, -18.721353396999973], [30.132264359000146, -18.718301166999936], [30.12039069900004, -18.72443364499992], [30.11321190000018, -18.72077136799993], [30.105190128000118, -18.72244950199996], [30.10047725800007, -18.71703808899997], [30.071837071999994, -18.722741543999973], [30.067040199000076, -18.70953253199997], [30.05428255900017, -18.70872347799991], [30.049738682000168, -18.699864799999943], [30.03971796400009, -18.698087668999904], [30.03085721800005, -18.702446009999903], [30.028558288000056, -18.708922508999933], [30.018028588000163, -18.712959824999928], [30.008503846000053, -18.695575494999957], [29.989230391000092, -18.69505446699992], [29.980937622000056, -18.689715061999948], [29.97668573600015, -18.68050835699995], [29.95408838300017, -18.692319278999946], [29.946628591000035, -18.68729489699996], [29.93663087800013, -18.693868408999947], [29.93141202200019, -18.68883002499996], [29.923632253000108, -18.703619165999896], [29.91500049600012, -18.70295311999996], [29.909953634000146, -18.694737491999888], [29.89124716800012, -18.7030931459999], [29.88950521300012, -18.695710579999968], [29.884002369000143, -18.69602960799989], [29.879606489000025, -18.6897501279999], [29.864797903000067, -18.683702671999924], [29.855704165000134, -18.690772220999918], [29.850442305000172, -18.677505204999875], [29.842271532000098, -18.671466745999965], [29.835315729000172, -18.672845855999924], [29.829808892000074, -18.681982561999973], [29.81454831800005, -18.6738339449999], [29.806072558000096, -18.67469801699997], [29.799881723000055, -18.661064972999952], [29.80013170900014, -18.651073203999943], [29.79359489100017, -18.646745875999954], [29.781083247000026, -18.649235074999922], [29.781438234000007, -18.64524276799989], [29.775920385000063, -18.63872226999996], [29.777079346000164, -18.630335622999894], [29.76269875500003, -18.633879905999947], [29.750709103000077, -18.645514808999962], [29.73603851600012, -18.642884615999947], [29.73548751400017, -18.61915978999997], [29.730543648000037, -18.611123174999932], [29.720098943000096, -18.61086916199997], [29.707675298000083, -18.61559953399984], [29.69613762000006, -18.610223127999973], [29.690621779000082, -18.613902414999927], [29.66545348300008, -18.60402867099998], [29.64829397700015, -18.616683656999896], [29.635772329000076, -18.61291437499989], [29.625667605000103, -18.60049642599995], [29.618152817000066, -18.599342341999943], [29.59694140199997, -18.579843853999932], [29.581364840000106, -18.57766769699998], [29.5681622190001, -18.5847782539999], [29.554366605000098, -18.57981888099988], [29.5449468380001, -18.535731489999932], [29.545036830000072, -18.52870794799992], [29.552104625000027, -18.521387378999975], [29.554111563000163, -18.51414381899997], [29.55140462900016, -18.500091736999934], [29.553691556000103, -18.488547844999914], [29.54730973200003, -18.482706397999948], [29.55153060900011, -18.476871944999914], [29.545501762000185, -18.45423920199994], [29.55003162800017, -18.44569753999997], [29.558950374000062, -18.443519364999872], [29.560426325000037, -18.432390504999944], [29.567437123000104, -18.42688007499993], [29.564418193000108, -18.40607346899992], [29.57602384600017, -18.37962141699984], [29.57726180300017, -18.368880584999943], [29.587341521000155, -18.373307920999878], [29.602404092000086, -18.367295445999957], [29.627254393000158, -18.370494676999897], [29.637989505000178, -18.3753511889999], [29.64202923500011, -18.387679117999937], [29.646412118000114, -18.382309155999906], [29.662069647000067, -18.383946644999924], [29.66331189699997, -18.393501481999976], [29.681822703000023, -18.395187601999908], [29.683118224000168, -18.402019634999874], [29.68874409299997, -18.406203482999956], [29.690248247000113, -18.402144043999954], [29.708786573000054, -18.40246625899988], [29.717162045000123, -18.412144666999893], [29.731500639000046, -18.40830632199993], [29.739954775000058, -18.41389945899988], [29.760285670000087, -18.41666915999997], [29.763654576000135, -18.418870326999922], [29.760424670000077, -18.422864637999965], [29.76391557500017, -18.42670593299988], [29.772361333000106, -18.422912633999942], [29.777604190000034, -18.430195192999918], [29.785599965000188, -18.430273193999938], [29.789570858000047, -18.438334813999916], [29.80021555400009, -18.433977470999878], [29.81426016200004, -18.44000692799989], [29.815201138000077, -18.442990156999883], [29.828923747000147, -18.43850980299993], [29.83357759900008, -18.41525900399995], [29.83417056600001, -18.3909331239999], [29.844518392000168, -18.381581414999914], [29.904089184000043, -18.417894799999942], [29.947242006000067, -18.409974431999956], [29.96303964800012, -18.387016869999968], [29.989387148000162, -18.397644495999884], [29.99995926400004, -18.37855193199988], [30.015356837000127, -18.379293958999938], [30.015015331000143, -18.366654567999944], [30.002661539000087, -18.3659067559999], [30.007463207, -18.34343113199992], [30.026924720000068, -18.30659252399994], [30.013925294000103, -18.3008726569999], [30.022718367000152, -18.289280556999927], [30.02198021700019, -18.284577248999938], [29.9995465290001, -18.25807593199994], [30.036362598000096, -18.227455268999904]]]}}, {"type": "Feature", "properties": {"DISTRICT": "Mount Darwin", "NAME": "Mount Darwin", "PROVINCE": "Mashonaland Central", "PCODE": "ZW1205", "AREA_SQKM": 4596.2, "MINING_CADASTRE": "Mount Darwin Cadastre Zone (Mashonaland Central)"}, "geometry": {"type": "Polygon", "coordinates": [[[31.470861424000077, -16.154426070999875], [31.490679870000065, -16.15490110299993], [31.499590626000156, -16.169077234999918], [31.51736512700012, -16.16246769899982], [31.522542985000086, -16.16862919099998], [31.53664959000008, -16.168734194999956], [31.537685563000082, -16.17368759099992], [31.557426011000075, -16.172577494999928], [31.56176489300009, -16.1825382909999], [31.576893469000026, -16.177641893999976], [31.596048933000077, -16.177935911999953], [31.612741469000127, -16.18454743599989], [31.62729006000012, -16.17677380899994], [31.633452889000125, -16.18072512299983], [31.636482806000117, -16.187227641999982], [31.64658852600013, -16.19248405999997], [31.666261974000065, -16.18828171699994], [31.681026564000092, -16.19463222099995], [31.704569907000007, -16.198802546999957], [31.706982839000034, -16.196261342999946], [31.708702791000007, -16.19940859399992], [31.715231608000124, -16.196780381999872], [31.729944201000023, -16.209695410999927], [31.73263212500001, -16.20565608699991], [31.736517017000097, -16.20895534999994], [31.73656901900017, -16.220101240999895], [31.75862440600008, -16.230112034999877], [31.767303163000065, -16.228678917999957], [31.773070004000033, -16.237245600999927], [31.77733288500019, -16.236324525999976], [31.782356748000154, -16.24973759699992], [31.797010340000043, -16.253417886999955], [31.795807377000074, -16.263103661999878], [31.8042151410001, -16.26222858899996], [31.804419136000035, -16.264845798999886], [31.815049840000142, -16.26750800799988], [31.81276890600003, -16.27376850899998], [31.822621632000107, -16.27975998499994], [31.81497584700014, -16.28269022199993], [31.81451386100008, -16.287391597999886], [31.823182618000146, -16.28540643599996], [31.828315476000114, -16.29108888899998], [31.827252507000026, -16.29456216699998], [31.831033402000116, -16.297376390999943], [31.82811848500006, -16.30102868299997], [31.82963744400007, -16.304858988999968], [31.8358032700001, -16.299754578999966], [31.838653190000173, -16.29941555099998], [31.839461168000014, -16.303399868999975], [31.84440302900009, -16.300942670999973], [31.849050902000158, -16.310223411999914], [31.853992763000065, -16.307768213999907], [31.86175254900013, -16.315735847999974], [31.86782838000005, -16.318913099999918], [31.87265824399998, -16.317700001999924], [31.872181259000058, -16.321713322999926], [31.879160062999972, -16.320729241999913], [31.876251146000072, -16.324658556999964], [31.877903101000072, -16.328071828999953], [31.88367493800007, -16.32435352999994], [31.89126172600004, -16.325011579999966], [31.895017624000104, -16.334587343999942], [31.89911450900007, -16.332563180999955], [31.901334447000067, -16.335812439999927], [31.899583498000084, -16.340267795999978], [31.90523034100005, -16.34345204899995], [31.90292840700016, -16.348748472999944], [31.906636305000177, -16.354461927999978], [31.90396438199997, -16.362249549999945], [31.90879024700007, -16.360899440999958], [31.91372811100007, -16.370172179999884], [31.91335812200009, -16.37266337899996], [31.909627227000044, -16.37205833099989], [31.91180717000003, -16.385533405999922], [31.905814339000187, -16.392016924999893], [31.90866926100017, -16.397886392999965], [31.911504182000158, -16.39685630999992], [31.915027086000123, -16.406712094999875], [32.03828764500008, -16.439972712999918], [32.058848070000124, -16.43928465299996], [32.0545341940001, -16.453222764999964], [32.047980380000126, -16.46116539999997], [32.014244327000085, -16.469961109999872], [31.99310991800013, -16.46716489299996], [31.986739098000044, -16.469795104999832], [31.988192059000085, -16.476661650999972], [31.978524332000177, -16.484887309999976], [31.974152459000038, -16.499118444999908], [31.948662176000084, -16.508313183999974], [31.9443283010001, -16.52127621799997], [31.93589653900017, -16.527094683999962], [31.940962399000114, -16.534791294999877], [31.957146947000012, -16.539477663999946], [31.95771193300004, -16.543141954999896], [31.952375082000174, -16.544067029999894], [31.950836127000116, -16.549385453999946], [31.92799676600015, -16.545191126999896], [31.920511979000025, -16.555927983999936], [31.91055225800011, -16.557645122999872], [31.907416347000037, -16.56104639499995], [31.913865170000122, -16.571802248999916], [31.944725312000173, -16.592469884999957], [31.94361334399997, -16.595827151999913], [31.94843520900008, -16.598244342999976], [31.944536321000044, -16.604534843999943], [31.94808022400008, -16.61318353099989], [31.95921691300009, -16.61568972699996], [31.973445518000062, -16.627886692999937], [31.96504375800015, -16.645077061999928], [31.96483176800001, -16.65609493799991], [31.960133900000187, -16.65884315799991], [31.965508753000165, -16.66940299499987], [31.976115456000173, -16.671000118999928], [31.978522390000023, -16.676918588999968], [32.011507712000025, -16.658570289999943], [32.01504559800003, -16.671908283999926], [32.02701395100007, -16.667877917999874], [32.03354494900009, -16.741457626999875], [32.03662078299999, -16.747306161999916], [32.033885861000044, -16.752230553999937], [32.03535782200004, -16.75977715199997], [32.044959556000094, -16.772237137999923], [32.043521598000154, -16.777781577999917], [32.0482394660001, -16.777672567999957], [32.051169386000026, -16.78628925099997], [32.05103939200012, -16.792770764999887], [32.04615353000014, -16.797707157999923], [32.05158937900006, -16.803508616999977], [32.03991270900008, -16.811632263999968], [32.04043169900001, -16.826920475999884], [32.00762562500012, -16.842970756999875], [32.000202831000024, -16.836794269999814], [31.97989240000004, -16.83396105099996], [31.971696631000043, -16.83861742299996], [31.962523887000145, -16.83307098599994], [31.94188746399999, -16.828240608999977], [31.928236848000154, -16.829488711999943], [31.91325126700019, -16.82594043499995], [31.905391488000134, -16.829293702999962], [31.901111607000132, -16.823859272999982], [31.894248801000174, -16.828130613999917], [31.884264079000047, -16.82423330799986], [31.881075170000088, -16.828893677999815], [31.88027419000008, -16.820792035999943], [31.873785372000157, -16.81858286299996], [31.871111446999976, -16.819113905999927], [31.87161443400015, -16.824984370999914], [31.85905378500013, -16.82055602399987], [31.858803794000153, -16.82554941999996], [31.83901135100001, -16.830575824999983], [31.83872936000006, -16.834110104999922], [31.822921801000177, -16.826692521999917], [31.808888200000126, -16.843000818999883], [31.804321327000025, -16.840982659999952], [31.801380411000025, -16.84587004799988], [31.795599573000118, -16.844112910999968], [31.795984564000094, -16.850223394999944], [31.789475746000107, -16.84871827799998], [31.780844993000187, -16.8611412649999], [31.775863131000108, -16.8570139389999], [31.77661810800015, -16.852643592999982], [31.770516280000095, -16.85289361499997], [31.768027351000114, -16.856240880999962], [31.757531643000164, -16.851291491999916], [31.750287850000063, -16.86039021499994], [31.755889694000132, -16.864973575999898], [31.751615816000026, -16.870360004999895], [31.75421674500018, -16.87724654899995], [31.742144084000017, -16.878038615999913], [31.73708022800008, -16.883486048999885], [31.730515411000056, -16.880105782999976], [31.72882546000011, -16.883549056999925], [31.71608981900016, -16.888817477999964], [31.707120070000087, -16.886965333999967], [31.70219221000019, -16.893316838999965], [31.70314518600003, -16.898975286999928], [31.68922557600007, -16.898816278999902], [31.692428488000076, -16.904880757999933], [31.68608266900003, -16.911148255999933], [31.681695791000095, -16.910105174999956], [31.68206977900013, -16.905782832999876], [31.672943037000152, -16.909041093999917], [31.66994712000013, -16.90694592899996], [31.667561188000093, -16.910971247999953], [31.661234364999984, -16.907584981999946], [31.66093337400008, -16.909975170999928], [31.643736857000135, -16.91101925999982], [31.620000653000147, -16.92290543199988], [31.593067293000104, -16.90870568699995], [31.613015699000073, -16.856038914999885], [31.567595985000082, -16.890005621999933], [31.551019459000088, -16.913967524999975], [31.53487190600009, -16.898174279999978], [31.527272115000187, -16.88493023299992], [31.522522247000154, -16.883436116999917], [31.50065884700018, -16.848351343999923], [31.498793616000114, -16.851062259999935], [31.385953518000065, -16.83844638799991], [31.35932519500011, -16.88284276199994], [31.35130932500016, -16.857500956999957], [31.371562184000027, -16.836350178999908], [31.252891447000025, -16.82018853099993], [31.324821739000072, -16.751702741999964], [31.31616297900007, -16.745118222999963], [31.31777093300002, -16.74045185199998], [31.311843094000096, -16.73003502699987], [31.298840457000097, -16.726410743999963], [31.29863446100012, -16.721200329999874], [31.28703078900014, -16.727112803999944], [31.282874902000117, -16.719944236999936], [31.289853704000052, -16.713247701999933], [31.29099366900016, -16.705404078999948], [31.27592309400012, -16.71176558999997], [31.271980199000097, -16.700247675999947], [31.266344359000072, -16.703925970999933], [31.262453466000125, -16.699843647999955], [31.262168246000158, -16.693008216999942], [31.254971223000155, -16.692253270999913], [31.25176447600012, -16.688407197999936], [31.253975852000167, -16.682870950999927], [31.246093797000185, -16.678290956999945], [31.242603390000113, -16.666110024999966], [31.278779469000085, -16.648012827999935], [31.280332504000057, -16.647715908999942], [31.300250607000066, -16.68043240299994], [31.311146576000056, -16.670105836999937], [31.296556184000053, -16.65019654999992], [31.316152925000097, -16.63299695799998], [31.323095734000162, -16.617455075999942], [31.31518195400014, -16.612578690999953], [31.301558335000095, -16.612445685999944], [31.297654443000056, -16.60768830899997], [31.291470616000083, -16.608962411999983], [31.289654663000192, -16.598564585999952], [31.28662081699997, -16.597075531999906], [31.324824479000142, -16.5621890299999], [31.31346453100008, -16.547646306999923], [31.349687324000172, -16.516143273999887], [31.345247071000074, -16.509881504999953], [31.33582833500003, -16.509478476999902], [31.32533862500003, -16.50088579599992], [31.31490791600004, -16.498495608999974], [31.31035904100014, -16.492956169999957], [31.299411347000103, -16.490590984999926], [31.29751139800004, -16.48451150099993], [31.28786387200006, -16.478017029999933], [31.352166059000183, -16.45223892699994], [31.373377582000103, -16.466462647999947], [31.39280903800011, -16.467737958999976], [31.402078165999967, -16.464834911999958], [31.425671499000146, -16.46897895899997], [31.461118603000102, -16.46825113499989], [31.471359837000193, -16.472291577999954], [31.49857788100013, -16.472492793999947], [31.511803398000097, -16.480221082999947], [31.499684728000148, -16.45603615899995], [31.501154685000188, -16.450414710999894], [31.431447577000085, -16.294146260999923], [31.46415364600017, -16.249819706999972], [31.4547259040001, -16.233362393999982], [31.45342493300018, -16.214908917999878], [31.445185159000005, -16.202860956999928], [31.432019513000114, -16.164558895999903], [31.426785657000153, -16.159131462999824], [31.443348191999974, -16.15360401499987], [31.450922981000133, -16.154332070999885], [31.45245994000004, -16.159213460999922], [31.456817817000058, -16.155849189999913], [31.461313692000033, -16.158779422999828], [31.470861424000077, -16.154426070999875]]]}}, {"type": "Feature", "properties": {"DISTRICT": "Mudzi", "NAME": "Mudzi", "PROVINCE": "Mashonaland East", "PCODE": "ZW1305", "AREA_SQKM": 4157.7, "MINING_CADASTRE": "Mudzi Cadastre Zone (Mashonaland East)"}, "geometry": {"type": "Polygon", "coordinates": [[[32.923680891000174, -16.693456693999963], [32.97951832700005, -16.704310546999977], [32.99099700300019, -16.69441575899998], [32.962764809000134, -16.78219773099994], [32.91141327000008, -16.896092764999878], [32.83319847100012, -16.92092974399992], [32.937508566000076, -17.065297139999927], [32.989780116000134, -17.184037499999874], [32.99432111500005, -17.24565936199997], [32.96277988800006, -17.259562452999944], [32.92482095700018, -17.26321574699989], [32.91969410200011, -17.26994527799991], [32.90754144599998, -17.276579801999958], [32.88488308300009, -17.275669733999962], [32.869555515, -17.27944403399988], [32.8548769300001, -17.29303910599998], [32.85405695500003, -17.302786872999945], [32.843483255000024, -17.316695968999966], [32.82480678100012, -17.3168389839999], [32.80128244600019, -17.3351854309999], [32.79296968000017, -17.33471639499993], [32.770921305000115, -17.35474697399991], [32.763216524000086, -17.369165108999937], [32.75859265500003, -17.372007332999942], [32.759382634000076, -17.37835383199996], [32.745475032000115, -17.406812069999944], [32.66210336800003, -17.355775075999873], [32.550922489000186, -17.32179442699993], [32.56005922200006, -17.282603341999902], [32.55884925500004, -17.27741293399987], [32.53924680800003, -17.284060460999854], [32.53191901399998, -17.282832365999923], [32.51263955900009, -17.295179341999926], [32.50548376100005, -17.295274350999875], [32.48900422300005, -17.288478819999966], [32.483263381000086, -17.27637486899988], [32.481798417000164, -17.255761245999963], [32.47424562800006, -17.249969791999945], [32.47002674400005, -17.23904893299988], [32.455688144000135, -17.222959668999863], [32.45208724000008, -17.204073180999956], [32.44644539900003, -17.202381048999882], [32.446017410000024, -17.19857074899994], [32.43482172500018, -17.201206959999922], [32.43275078400012, -17.20433520599994], [32.42515999800003, -17.2048822509999], [32.420140138000136, -17.201675999999907], [32.41074440400007, -17.207915493999963], [32.40023869900011, -17.207529465999983], [32.395386838000036, -17.215566099999876], [32.382753192999985, -17.214765039999975], [32.38059025300009, -17.211695798999926], [32.38803603800005, -17.191858233999938], [32.377828322000084, -17.180399332999855], [32.36551066200019, -17.156840477999936], [32.349680103000026, -17.138196010999877], [32.34110933800008, -17.116918334999923], [32.33418553500013, -17.126640102999943], [32.30171145200006, -17.141408275999936], [32.29258371700007, -17.17269474599982], [32.275734184999976, -17.153174210999907], [32.21290095300003, -17.162447957999916], [32.20837607900006, -17.157667582999977], [32.18758664400008, -17.088267111999926], [32.18498171700014, -17.086917005999965], [32.18569469400006, -17.07598514299997], [32.172580052000114, -17.04186545099998], [32.17289304100018, -17.033823815999938], [32.18907858400007, -17.02460508299987], [32.22213164700008, -16.990897409999945], [32.22376059900006, -16.985445977999973], [32.23805419600012, -16.977811370999973], [32.2391641640001, -16.973625039999888], [32.25426573800013, -16.968392621999953], [32.260052572000006, -16.95624565999998], [32.29599756000016, -16.945824825999978], [32.30067442700016, -16.936196062999898], [32.321104852000076, -16.930692622999914], [32.33114556600009, -16.91515038999995], [32.33466646300013, -16.902040350999926], [32.34216925300012, -16.90116827999998], [32.34418719399997, -16.895455827999967], [32.358953780000036, -16.89360367699993], [32.35830479600014, -16.887177168999926], [32.37086644100003, -16.878022440999928], [32.37534831300019, -16.869980802999976], [32.38322609200014, -16.870003802999975], [32.38886793300003, -16.86566745799996], [32.396427716000176, -16.845770879999918], [32.40373351100004, -16.8463739259999], [32.413773228000025, -16.839657390999832], [32.45252513700018, -16.825625269999932], [32.49078605600016, -16.793716731999893], [32.52214917100014, -16.77558028699997], [32.53929968200015, -16.739830445999928], [32.55006876000016, -16.727736550999964], [32.561886047000144, -16.729912653999975], [32.575095678000025, -16.739036375999945], [32.593734156000096, -16.741779589999965], [32.63013613300012, -16.731987804999903], [32.648999601000185, -16.721820994999973], [32.65645339200006, -16.723006086999874], [32.66219023300005, -16.730044644999964], [32.68335764200003, -16.741676563999874], [32.69673526600002, -16.73781225499988], [32.70906791800013, -16.729043555999908], [32.73283724999999, -16.72412216099997], [32.74815981800003, -16.712966272999893], [32.75716956300005, -16.702107408999836], [32.772989120000034, -16.705368664999924], [32.78248785300019, -16.702938469999935], [32.792947561000005, -16.70667176499984], [32.804890224000076, -16.700303256999973], [32.81686788900015, -16.705155639999873], [32.83862327700007, -16.695588876999977], [32.852698884000176, -16.703991541999926], [32.86790045800012, -16.70610870699994], [32.890543825000066, -16.71697656699996], [32.89763062500003, -16.713655301999893], [32.90366145500002, -16.705180627999937], [32.90881131000009, -16.705283634999887], [32.923680891000174, -16.693456693999963]]]}}, {"type": "Feature", "properties": {"DISTRICT": "Murehwa", "NAME": "Murehwa", "PROVINCE": "Mashonaland East", "PCODE": "ZW1306", "AREA_SQKM": 3556.2, "MINING_CADASTRE": "Murehwa Cadastre Zone (Mashonaland East)"}, "geometry": {"type": "Polygon", "coordinates": [[[31.67265721000018, -17.368792365999923], [31.6658804060001, -17.38334451199995], [31.701236422000193, -17.413596876999918], [31.70020045300015, -17.417673196999942], [31.71632500400017, -17.431537280999976], [31.733053545000075, -17.462592712999935], [31.737236426000038, -17.459375458999943], [31.74695815299998, -17.462295684999958], [31.75131203400008, -17.472445479999976], [31.759626800999968, -17.47408560599996], [31.79180290300019, -17.496087321999823], [31.799238693999996, -17.496016313999974], [31.80315258100012, -17.489965837999932], [31.829186848999996, -17.492455024999913], [31.824630973000183, -17.477822878999916], [31.852256180000154, -17.432473309999978], [31.947616558000107, -17.62163811099998], [31.952059433999978, -17.62540340499993], [32.00301100300004, -17.640806594999958], [32.01783758900018, -17.650535351999963], [32.01044879900007, -17.6573808899999], [32.010917788000086, -17.664898476999895], [32.00614992400011, -17.668087727999932], [32.00837786500017, -17.679765640999904], [32.00035209600003, -17.6944987949999], [32.00187405600019, -17.703140470999926], [32.12643955100009, -17.72516815599988], [32.105917140000145, -17.75714365999994], [32.122101688999976, -17.774417003999872], [32.13335137200005, -17.77728022399998], [32.13388136500015, -17.80353327399996], [32.16930736000006, -17.781768564999936], [32.214770086000044, -17.81195690899989], [32.20223944200012, -17.820365567999943], [32.190894762000084, -17.819949538999936], [32.18419595300014, -17.82765214099993], [32.16058362100006, -17.83348860299992], [32.1555787640001, -17.83986210199987], [32.14870095900011, -17.842507309999974], [32.151424887000076, -17.85795451399997], [32.14289913200014, -17.874421799999936], [32.14619504600017, -17.89560044899997], [32.140881199000034, -17.904926176999936], [32.14136218600015, -17.909506533999945], [32.14762201100018, -17.912577770999974], [32.145524071000125, -17.916843103999895], [32.147656015000166, -17.928300995999905], [32.138379277000126, -17.93189327799996], [32.100237364000066, -17.963766769999893], [32.080106939000075, -17.986109514999896], [32.052981712000076, -18.00920931899998], [32.04700088500016, -18.022127325999918], [32.01745672700014, -18.045257131999904], [32.013737835000086, -18.05345176999998], [32.00675303200012, -18.05468586799998], [31.97348598000002, -18.08034787199989], [31.994483396000078, -18.106266878999918], [32.000542238000094, -18.144401835999872], [31.868408970000132, -18.142035693999958], [31.874912797000093, -18.173273114999972], [31.865630064000072, -18.18622112199995], [31.86862998200013, -18.193101654999907], [31.864861091000137, -18.20145630399992], [31.86221617600006, -18.230641565999974], [31.854949379000175, -18.221963895999977], [31.832672006000166, -18.214959360999956], [31.826815169000042, -18.21010098599993], [31.81552349000009, -18.213397244999896], [31.800179921000165, -18.20694674999993], [31.79265113500003, -18.20906591699992], [31.77853953200014, -18.206442718999938], [31.768993804000104, -18.21245918799991], [31.77062775500019, -18.20391352499996], [31.69906776200014, -18.164111463999973], [31.729521897000097, -18.151579480999942], [31.773709639000117, -18.12419934099995], [31.76998173600009, -18.103412728999956], [31.775180587000136, -18.097353256999952], [31.782446756000127, -18.07704419399994], [31.774184020000177, -18.056444686999953], [31.748400794000077, -18.01660897299996], [31.747269339000184, -17.99800154499991], [31.750488247000078, -17.994312255999944], [31.69625077800015, -17.99487231899991], [31.68852397800009, -17.948484710999935], [31.69003893000007, -17.934855649999918], [31.64332123800017, -17.90669447199997], [31.625453739000136, -17.900445991999902], [31.58562786599998, -17.90823961299992], [31.556569693000085, -17.927059089999887], [31.557521657000166, -17.905148382999982], [31.54578597400001, -17.86992764199988], [31.544060014000024, -17.84813294299994], [31.547351920000096, -17.843373570999972], [31.53824516900005, -17.8252431599999], [31.540797095000187, -17.818896663999965], [31.53762717500007, -17.79654692099996], [31.530014388000154, -17.79181555399998], [31.532830303000026, -17.778120483999885], [31.51929568100013, -17.76944481099997], [31.516335762000097, -17.76293430399994], [31.520577640000056, -17.757486876999906], [31.516350752000108, -17.73916744699983], [31.524569510000163, -17.713085405999948], [31.520869609000158, -17.699411337999948], [31.522343563000106, -17.687506406999887], [31.525612466000098, -17.67703458699998], [31.52906536900008, -17.67689457499995], [31.53401822600017, -17.666788781999912], [31.541037026000026, -17.663355510999963], [31.537814111000102, -17.648135320999927], [31.54060002900019, -17.63903660799997], [31.539526054000078, -17.626124597999933], [31.548242801000185, -17.604810925999914], [31.545215882000093, -17.59581122299994], [31.548911776000182, -17.590494804999935], [31.546989829000097, -17.586649503999922], [31.570091168000033, -17.55982239399998], [31.57642898300014, -17.542346021999947], [31.58505773700017, -17.535164455999904], [31.580155873000137, -17.529592020999928], [31.58368777000004, -17.520075273999964], [31.60440317800004, -17.49700245699995], [31.60816006600004, -17.479799105999916], [31.60559513400011, -17.468518220999954], [31.613221915000054, -17.45807439899994], [31.611656950000167, -17.43486057699988], [31.613349902000095, -17.43235937999998], [31.623039630000164, -17.432956423999883], [31.613742885000192, -17.41677515599997], [31.633836314000177, -17.400515871999914], [31.635591261000116, -17.392067206999968], [31.640931109000178, -17.38654477199998], [31.649340872000096, -17.38597272399994], [31.656458668000028, -17.37442481399995], [31.67265721000018, -17.368792365999923]]]}}, {"type": "Feature", "properties": {"DISTRICT": "Mutare", "NAME": "Mutare", "PROVINCE": "Manicaland", "PCODE": "ZW1105", "AREA_SQKM": 5523.2, "MINING_CADASTRE": "Mutare Cadastre Zone (Manicaland)"}, "geometry": {"type": "Polygon", "coordinates": [[[32.36051423400016, -18.746510198999943], [32.36972597100004, -18.738790603999973], [32.38555352200018, -18.738784599999917], [32.395345243000065, -18.73304315699994], [32.39588322900016, -18.737556502999894], [32.400213106000024, -18.73886060199993], [32.404927975000135, -18.74624816799991], [32.407467905000146, -18.755886906999933], [32.4120077770001, -18.756376942999964], [32.41059181800006, -18.760295243999906], [32.41432671199999, -18.760576264999884], [32.41809560700017, -18.767408787999955], [32.44773875900006, -18.74057972199995], [32.46336732200007, -18.763976512999932], [32.46609824400008, -18.761619331999952], [32.52108253400007, -18.762489769999945], [32.48780446900008, -18.781969354999887], [32.486242687000185, -18.815141430999915], [32.481135834000156, -18.824929182999938], [32.48494272800019, -18.830746627999872], [32.484076755000046, -18.838388212999917], [32.47608098400008, -18.849660078999875], [32.460883418000094, -18.856999644999917], [32.45769451000001, -18.86262907699995], [32.45144668600017, -18.860404907999964], [32.435665137000115, -18.869381598999894], [32.43463216800018, -18.877267202999974], [32.42644940300005, -18.88748098699989], [32.42126555800019, -18.912940936999973], [32.41727967100019, -18.915733151999973], [32.41415876400015, -18.92939319699991], [32.408604924000144, -18.93763682899987], [32.40898591500013, -18.943954311999903], [32.39358635800011, -18.965594970999973], [32.447898813000165, -18.95588421499997], [32.466331287000116, -18.946854519999874], [32.50396221800003, -18.94175712099991], [32.51967777200019, -18.943130221999922], [32.531823429000156, -18.950161756999876], [32.558037685000045, -18.95283795499995], [32.565983463000066, -18.968586156999947], [32.562157573000036, -18.971037344999957], [32.55065990000003, -18.972393451999892], [32.53299840000011, -18.968342145999884], [32.52185271800005, -18.972694480999962], [32.532831492000184, -19.053369493999924], [32.5638596120001, -19.047267917999932], [32.593882176000136, -19.03033720999997], [32.62609805200009, -19.030097222999927], [32.63369305400016, -19.042675007999947], [32.635845681000035, -19.039763201999904], [32.64334847000009, -19.044006139999965], [32.641504412000074, -19.046043812999983], [32.644104746000096, -19.04881910499995], [32.66173314100001, -19.050018677999958], [32.667259355000056, -19.046529439999915], [32.673776968000084, -19.05724488099986], [32.68893372200006, -19.046372378999877], [32.68548812800009, -19.0389636619999], [32.687470561000055, -19.019431620999967], [32.699354148, -19.023152783999933], [32.698082005000174, -19.001277434999963], [32.70540137400013, -18.990045565999935], [32.71430997600004, -19.000556477999908], [32.716864600000065, -19.02379735099987], [32.77556289, -19.02570854699991], [32.775573103000056, -19.0180999829999], [32.80583844900008, -19.01875116399998], [32.840653635000024, -19.00932510799987], [32.84558372000015, -19.014417246999926], [32.847736473, -19.02415334199992], [32.85090239100015, -19.061258172999942], [32.8631510460001, -19.075705272999983], [32.86870888700014, -19.071895980999898], [32.87636867000003, -19.072483024999883], [32.87648366900004, -19.084826965999923], [32.88473443800012, -19.102158285999963], [32.86851090600004, -19.137870009999972], [32.859104192000075, -19.22226943699991], [32.85076942900014, -19.22519166099994], [32.85333635900008, -19.236205497999947], [32.848526497000194, -19.242807000999903], [32.856109288000084, -19.27809068099998], [32.836567851000154, -19.310863173999962], [32.822213261000115, -19.31757768599988], [32.81081558900013, -19.334153946999947], [32.78431534800018, -19.352295328999958], [32.77662856700016, -19.354483495999943], [32.78562331500012, -19.371440780999933], [32.75236026400012, -19.38247562399988], [32.75673214600016, -19.40961968099998], [32.75110930799997, -19.41919140799996], [32.72838196000015, -19.436057689999927], [32.697712835000175, -19.443805283999893], [32.69006805400011, -19.448375630999976], [32.688847090000024, -19.455561175999946], [32.68328624900005, -19.458369389999973], [32.68215328500014, -19.47389256499997], [32.663331351000124, -19.482027466999966], [32.658921619000125, -19.493015467999896], [32.650932781999984, -19.497958204999918], [32.62796060799997, -19.50570522699985], [32.60996510700005, -19.50268373299997], [32.60138913600002, -19.50747194799993], [32.58792737800019, -19.508767827999918], [32.58699800400018, -19.503958962999945], [32.58012870200008, -19.499136111999974], [32.563700745000176, -19.498765745999947], [32.556339441000034, -19.50637255999993], [32.55092942300007, -19.503375633999894], [32.549022466999986, -19.497735239999884], [32.533467220000034, -19.49786156899995], [32.526646270000185, -19.49950139999993], [32.52558023100016, -19.505465751999907], [32.51369168999997, -19.506594465999967], [32.50748551000004, -19.512845871999957], [32.50151112400005, -19.55062802199984], [32.491758735000076, -19.568402756999944], [32.48349297900006, -19.600191159999895], [32.47620718900009, -19.607695727999896], [32.47413297999998, -19.623828483999887], [32.464608475000034, -19.635784782999906], [32.46543050700018, -19.64459951599997], [32.45762973100011, -19.653529190999905], [32.45492181100002, -19.662810891999982], [32.458453712000164, -19.667156218999878], [32.457427743000096, -19.672737639999923], [32.43365142400006, -19.68472054899985], [32.43144249200009, -19.69993669699994], [32.41023410300005, -19.72355648199988], [32.41032910400003, -19.735982417999935], [32.40788017500017, -19.737880560999884], [32.415470961000096, -19.748487357999977], [32.40841016900015, -19.770954049999943], [32.390493681000066, -19.772682184999894], [32.38709077300007, -19.75457482299987], [32.381391932999975, -19.74729527699992], [32.32529453000018, -19.736249460999943], [32.29427840900013, -19.71721603599991], [32.28660262500006, -19.70741929999997], [32.26412025400015, -19.668993409999928], [32.26217830400003, -19.653800264999973], [32.249841647000096, -19.62581715799996], [32.234892068000136, -19.6096569419999], [32.23436607800011, -19.59356272699989], [32.22729727300015, -19.573797235999905], [32.22237340200013, -19.53890059999992], [32.20063701700013, -19.52493355099989], [32.19097528500009, -19.50476902899993], [32.17407275900007, -19.48182229699995], [32.16091612300005, -19.44805374499998], [32.14656152700019, -19.43430670799995], [32.14057269300008, -19.421970774999977], [32.130387981000126, -19.41559029499996], [32.12544011900019, -19.40755768699995], [32.111314519000075, -19.401129203999915], [32.10318974500018, -19.385627031999945], [32.10162578400019, -19.37092791699996], [32.093093022999994, -19.35845297399993], [32.08894213200006, -19.332897034999974], [32.08412196100011, -19.328930899999932], [32.079666226000086, -19.311732724999956], [32.059764581000024, -19.302101515999937], [32.04937680300014, -19.291711826999972], [32.04583779700005, -19.278174453999952], [32.03522335800011, -19.26917200699984], [32.02822362700016, -19.255584607999936], [32.01491619700005, -19.215004099999874], [32.01990204800006, -19.19511858499982], [32.02977076400015, -19.186059891999832], [32.03467961600006, -19.161577026999964], [32.039863466000156, -19.154322472999922], [32.052601105000065, -19.157057676999955], [32.066046718000166, -19.142191539999942], [32.07405749000003, -19.142275543999972], [32.08179026900007, -19.138048219999973], [32.0867791280001, -19.13966334099996], [32.09093400600017, -19.127314398999943], [32.08140127100006, -19.111673209999935], [32.088313067000115, -19.08962652699995], [32.110727425000164, -19.072140185999956], [32.11643426000012, -19.063712540999973], [32.11525928800006, -19.047659316999955], [32.13350476600016, -19.036781480999935], [32.13943959500011, -19.028904877999878], [32.14885831700013, -18.996493399999906], [32.16409388300008, -18.992609098999935], [32.16797677000011, -18.985011516999975], [32.17542655699998, -18.98122722599993], [32.179168447000166, -18.969183303999955], [32.17443858000007, -18.96305483699996], [32.180824394000126, -18.948847748999867], [32.18519226900014, -18.94593052499988], [32.183353320000094, -18.94286929099991], [32.18609624100014, -18.93944502799991], [32.18242634300009, -18.931687435999947], [32.18561125100018, -18.927302099999906], [32.182746329000054, -18.91658027999989], [32.16502782800018, -18.903247264999948], [32.202185773, -18.902066163999905], [32.207861610000066, -18.895744678999904], [32.20832359300016, -18.885281877999944], [32.22016508700011, -18.866021022999917], [32.22010549100014, -18.854342990999953], [32.21557517000019, -18.85172889799992], [32.216273581000166, -18.84805549899994], [32.21265645100004, -18.844472030999896], [32.21271845100017, -18.828837552999914], [32.195609928000124, -18.80332260199998], [32.206805601000156, -18.77356731699996], [32.249631391000094, -18.787841399999934], [32.27970953000005, -18.760280276999822], [32.324874246000036, -18.74925641899995], [32.345167664000144, -18.726774687999978], [32.355723364000085, -18.725908618999938], [32.36051423400016, -18.746510198999943]]]}}, {"type": "Feature", "properties": {"DISTRICT": "Mutare Urban", "NAME": "Mutare Urban", "PROVINCE": "Manicaland", "PCODE": "ZW1121", "AREA_SQKM": 191.2, "MINING_CADASTRE": "Mutare Urban Cadastre Zone (Manicaland)"}, "geometry": {"type": "Polygon", "coordinates": [[[32.69866968700012, -18.934771541999964], [32.71108599600012, -18.981889451999848], [32.700049098000136, -18.983475752999937], [32.70540137400013, -18.990045565999935], [32.698082005000174, -19.001277434999963], [32.699354148, -19.023152783999933], [32.687470561000055, -19.019431620999967], [32.68548812800009, -19.0389636619999], [32.68893372200006, -19.046372378999877], [32.673776968000084, -19.05724488099986], [32.667259355000056, -19.046529439999915], [32.66173314100001, -19.050018677999958], [32.644104746000096, -19.04881910499995], [32.641504412000074, -19.046043812999983], [32.64334847000009, -19.044006139999965], [32.635845681000035, -19.039763201999904], [32.63369305400016, -19.042675007999947], [32.62609805200009, -19.030097222999927], [32.593882176000136, -19.03033720999997], [32.5638596120001, -19.047267917999932], [32.532831492000184, -19.053369493999924], [32.52185271800005, -18.972694480999962], [32.53299840000011, -18.968342145999884], [32.55065990000003, -18.972393451999892], [32.562157573000036, -18.971037344999957], [32.565983463000066, -18.968586156999947], [32.558037685000045, -18.95283795499995], [32.627027740000074, -18.943684272999917], [32.66098975700015, -18.93468254399994], [32.691803882000045, -18.933045411999956], [32.69866968700012, -18.934771541999964]]]}}, {"type": "Feature", "properties": {"DISTRICT": "Mutasa", "NAME": "Mutasa", "PROVINCE": "Manicaland", "PCODE": "ZW1106", "AREA_SQKM": 2547.6, "MINING_CADASTRE": "Mutasa Cadastre Zone (Manicaland)"}, "geometry": {"type": "Polygon", "coordinates": [[[32.98921930400007, -18.19491752199997], [33.00910474200015, -18.195022526999878], [33.01811148900009, -18.20867658399993], [33.01642153900008, -18.21912339399995], [33.021304402000055, -18.2264179579999], [33.022002384000075, -18.23563467199989], [33.01608955200004, -18.238798917999873], [33.01533057400013, -18.244746378999935], [33.02299335800018, -18.24946174199988], [33.015818563000096, -18.257864393999967], [33.01673753900013, -18.26844921299994], [33.013697625000134, -18.269302279999977], [33.01970545600011, -18.276779857999884], [33.010989703000064, -18.27924004999994], [33.019450465000034, -18.28727466999993], [33.016219557000056, -18.28943783799997], [33.01604356300004, -18.295528308999906], [33.021647405000124, -18.29888756799994], [33.02511130800008, -18.30796526999984], [33.02863520900007, -18.306643166999947], [33.03544501800013, -18.31823506199993], [33.03690197600008, -18.31438976499993], [33.04427876800008, -18.32017721099993], [33.0545134780001, -18.31630690999998], [33.05211854800018, -18.331586091999952], [33.05636042900005, -18.338973662999877], [33.06549617100012, -18.342507934999844], [33.06717812400012, -18.346531244999937], [33.06279525000019, -18.35422784099984], [33.06418421100011, -18.358159143999956], [33.05822138100007, -18.365014674999884], [33.0571994120001, -18.37963380499997], [33.050733595999986, -18.38265103899994], [33.04697970100017, -18.375448482999957], [33.039541912000175, -18.38080889799994], [33.03158014000013, -18.390662660999965], [33.03025317900017, -18.40396968899995], [33.01892350300017, -18.419366878999824], [33.019141498000124, -18.42545534899989], [33.02994819200006, -18.428423576999933], [33.028876228, -18.458407889999876], [33.0257633170001, -18.466373504999922], [32.983047532000114, -18.492719543999954], [32.977111697000055, -18.478869476999932], [32.97983961900019, -18.471460904999958], [32.97130286100014, -18.47288701699989], [32.95111943500012, -18.48605303499994], [32.950055466000094, -18.491302439999913], [32.93975975800015, -18.49460569699994], [32.93597186500017, -18.49227151799994], [32.93510189100016, -18.497333907999916], [32.925924151000174, -18.499710092999976], [32.923906209000165, -18.50317435999989], [32.91578143900011, -18.50323136599991], [32.90931162100003, -18.49716589999997], [32.898611926000115, -18.504389457999878], [32.89653998600011, -18.51098896699989], [32.88835821700002, -18.511154981999937], [32.87591057100002, -18.517312457999935], [32.90052287900005, -18.543258452999908], [32.89125314800003, -18.574764880999965], [32.89649800000018, -18.58158240499995], [32.910280611000076, -18.587126828999885], [32.9104026120001, -18.611155677999932], [32.96185016700014, -18.683814254999845], [32.95903425100005, -18.70531390699989], [32.95343841000005, -18.70745907299994], [32.95195145600013, -18.724114351999958], [32.94532164499998, -18.732473994999964], [32.94173575000002, -18.750582384999973], [32.93672689400006, -18.7596330799999], [32.93693689000003, -18.768029724999906], [32.93182903500008, -18.76788171399994], [32.91935539100007, -18.783020877999945], [32.906915746000095, -18.79183155499993], [32.87980151700009, -18.798005033999857], [32.844806505000065, -18.77638538199983], [32.8145873630001, -18.778757569999982], [32.79204000600015, -18.794891811999946], [32.778295396000146, -18.79668995199995], [32.75718199900018, -18.81200913099991], [32.752387135000106, -18.81276818999993], [32.748706239, -18.808669876999943], [32.74272840900011, -18.810078985999837], [32.729750780000074, -18.823309002999963], [32.725028913000074, -18.82042378299991], [32.71236427399998, -18.828537406999942], [32.70278554900017, -18.841548405999845], [32.72503992400004, -18.871727712999927], [32.727500857000166, -18.884175664999873], [32.724147953000056, -18.8884289909999], [32.725142928000025, -18.899820862999945], [32.73356569300017, -18.91835027899998], [32.74169046400016, -18.92416672199994], [32.740229505000116, -18.92586385199985], [32.70515850300001, -18.935763616999964], [32.691803882000045, -18.933045411999956], [32.66098975700015, -18.93468254399994], [32.627027740000074, -18.943684272999917], [32.5591096550001, -18.95294996299998], [32.531823429000156, -18.950161756999876], [32.51967777200019, -18.943130221999922], [32.50396221800003, -18.94175712099991], [32.466331287000116, -18.946854519999874], [32.447898813000165, -18.95588421499997], [32.39358635800011, -18.965594970999973], [32.40898591500013, -18.943954311999903], [32.408604924000144, -18.93763682899987], [32.41415876400015, -18.92939319699991], [32.41727967100019, -18.915733151999973], [32.42126555800019, -18.912940936999973], [32.42644940300005, -18.88748098699989], [32.43463216800018, -18.877267202999974], [32.435665137000115, -18.869381598999894], [32.45144668600017, -18.860404907999964], [32.45769451000001, -18.86262907699995], [32.460883418000094, -18.856999644999917], [32.47608098400008, -18.849660078999875], [32.484076755000046, -18.838388212999917], [32.48494272800019, -18.830746627999872], [32.481135834000156, -18.824929182999938], [32.486242687000185, -18.815141430999915], [32.48780446900008, -18.781969354999887], [32.52108253400007, -18.762489769999945], [32.48754360600009, -18.76238460399992], [32.481730971000104, -18.758484351999982], [32.48613667000001, -18.740316691999965], [32.48536569000004, -18.732392083999912], [32.48106681100006, -18.728626795999958], [32.483194750000166, -18.72672364999994], [32.48032282700012, -18.71030138899988], [32.485312684000064, -18.70458494899998], [32.4859946630001, -18.698168455999905], [32.476462928000046, -18.676762813999915], [32.476347930000145, -18.672830510999916], [32.479933828000185, -18.67058033799998], [32.46760917200004, -18.650379787999952], [32.46750917200012, -18.641821129999983], [32.447860722000144, -18.617738281999948], [32.4484217050001, -18.612708894999855], [32.439475956000024, -18.601128006999886], [32.4500846520001, -18.590795208999907], [32.45450952700003, -18.591497261999905], [32.458099424000125, -18.586073842999895], [32.456725461000076, -18.578208237999945], [32.47471194700006, -18.561293931999955], [32.480696772000044, -18.541534407999904], [32.48628461300012, -18.5374370909999], [32.4840606730001, -18.529106449999972], [32.487673569000094, -18.522918971999957], [32.422364408000135, -18.481604802999925], [32.445712725000135, -18.399502460999884], [32.48249668000011, -18.386128418999817], [32.492132421000065, -18.436177281999903], [32.55532863200017, -18.43718234499994], [32.5825078580001, -18.418477894999967], [32.60198931300005, -18.444901929999958], [32.57704502500013, -18.47117396199991], [32.59038865300016, -18.493537683999875], [32.634375416000125, -18.532208654999863], [32.63887228800007, -18.52722626999997], [32.64466712400008, -18.528822390999892], [32.64318316500015, -18.525650146999965], [32.64869100800013, -18.520763769999974], [32.65122794299998, -18.548593912999934], [32.65901372200017, -18.548078871999962], [32.679860137000105, -18.56995255199996], [32.695988678000106, -18.562871002999884], [32.697021651, -18.57439688999989], [32.70464743600013, -18.57669706599995], [32.72993471100011, -18.537988079999934], [32.74485728000013, -18.50023516699997], [32.75063211500003, -18.49533878899996], [32.80188166700009, -18.511147996999966], [32.816369245000146, -18.456656792999922], [32.81118138400012, -18.415166591999935], [32.91141353800009, -18.37281830199987], [32.89724593200009, -18.33906869699996], [32.880881390000184, -18.31146956499998], [32.90402073400003, -18.303167918999918], [32.92460815700019, -18.33549041499998], [32.94228065600004, -18.329912980999893], [32.94938345100019, -18.304757033999977], [32.97221380000008, -18.276840869999944], [32.975868694000155, -18.263558841999952], [32.97385475000016, -18.25662630499994], [32.962796062000166, -18.25223396699994], [32.964238020000096, -18.24870269299987], [32.97729864800016, -18.231276341999887], [32.989509303000034, -18.234949623999967], [32.98921930400007, -18.19491752199997]]]}}, {"type": "Feature", "properties": {"DISTRICT": "Mutoko", "NAME": "Mutoko", "PROVINCE": "Mashonaland East", "PCODE": "ZW1307", "AREA_SQKM": 4050.1, "MINING_CADASTRE": "Mutoko Cadastre Zone (Mashonaland East)"}, "geometry": {"type": "Polygon", "coordinates": [[[32.17289304100018, -17.033823815999938], [32.18009084800019, -17.065825341999926], [32.18569469400006, -17.07598514299997], [32.18498171700014, -17.086917005999965], [32.18999057900015, -17.09583970899996], [32.19475045100012, -17.118039459999977], [32.206465132000176, -17.154513333999944], [32.21290095300003, -17.162447957999916], [32.275734184999976, -17.153174210999907], [32.29258371700007, -17.17269474599982], [32.30171145200006, -17.141408275999936], [32.33418553500013, -17.126640102999943], [32.34110933800008, -17.116918334999923], [32.349680103000026, -17.138196010999877], [32.36551066200019, -17.156840477999936], [32.377828322000084, -17.180399332999855], [32.38803603800005, -17.191858233999938], [32.38059025300009, -17.211695798999926], [32.382753192999985, -17.214765039999975], [32.395386838000036, -17.215566099999876], [32.40023869900011, -17.207529465999983], [32.41074440400007, -17.207915493999963], [32.420140138000136, -17.201675999999907], [32.42515999800003, -17.2048822509999], [32.43275078400012, -17.20433520599994], [32.43482172500018, -17.201206959999922], [32.446017410000024, -17.19857074899994], [32.44644539900003, -17.202381048999882], [32.45208724000008, -17.204073180999956], [32.455688144000135, -17.222959668999863], [32.47002674400005, -17.23904893299988], [32.47424562800006, -17.249969791999945], [32.481798417000164, -17.255761245999963], [32.483263381000086, -17.27637486899988], [32.48900422300005, -17.288478819999966], [32.50548376100005, -17.295274350999875], [32.51263955900009, -17.295179341999926], [32.53191901399998, -17.282832365999923], [32.53924680800003, -17.284060460999854], [32.55884925500004, -17.27741293399987], [32.56005922200006, -17.282603341999902], [32.550922489000186, -17.32179442699993], [32.66210336800003, -17.355775075999873], [32.745475032000115, -17.406812069999944], [32.732589399000005, -17.42921883199989], [32.73504933400005, -17.450335488999883], [32.732756400000085, -17.458808154999872], [32.71313795500015, -17.471987192999904], [32.674340050000126, -17.480891898999914], [32.6498754700001, -17.49063375099996], [32.63935021999998, -17.49857766199989], [32.64484673000004, -17.516636437999978], [32.64369575100011, -17.539460832999964], [32.63535936400001, -17.55802529099998], [32.62927048900008, -17.559075673999928], [32.62758875900005, -17.569689419999975], [32.61211242500008, -17.561166175999972], [32.602681227999994, -17.57229518899993], [32.5938200600001, -17.575462250999976], [32.58788250900011, -17.587494272999947], [32.58282865199999, -17.588562356999944], [32.57936253800011, -17.60591385999993], [32.57142997700004, -17.60469562299994], [32.56796607300015, -17.597230038999896], [32.56438417400017, -17.600701311999956], [32.56246222800013, -17.596323968999968], [32.55647339900008, -17.605882718999965], [32.55046856800004, -17.606496768999932], [32.551434543000084, -17.615288456999963], [32.54843962800004, -17.61938377799987], [32.54211080600004, -17.61545247099997], [32.53073612700007, -17.61758864099994], [32.51225464600009, -17.61011505999994], [32.50127595500004, -17.60948001299988], [32.49170122800018, -17.624215168999967], [32.47320875000008, -17.626721368999938], [32.466932931000144, -17.644375751999974], [32.44246662500012, -17.66027500099989], [32.44576653300015, -17.666000448999966], [32.43885772900012, -17.67164189099998], [32.43461584900018, -17.671824906999973], [32.42211619900013, -17.663218235999977], [32.412411475000056, -17.67157689299995], [32.382020332000025, -17.674644139999884], [32.36573279500004, -17.688750246999973], [32.331251773000076, -17.708944833999965], [32.324858956000185, -17.719757680999862], [32.30094163200016, -17.7251921109999], [32.291602897000075, -17.733919795999952], [32.29320185400013, -17.73907119799992], [32.290752924000174, -17.741824412999904], [32.27570034900003, -17.746380772999885], [32.26774357700003, -17.75998183699994], [32.26573663700003, -17.770619668999927], [32.260907772999985, -17.77164574999989], [32.24574820600009, -17.78759599899996], [32.226503750999996, -17.797839803999977], [32.214770086000044, -17.81195690899989], [32.16930736000006, -17.781768564999936], [32.13388136500015, -17.80353327399996], [32.13335137200005, -17.77728022399998], [32.122101688999976, -17.774417003999872], [32.105917140000145, -17.75714365999994], [32.12643955100009, -17.72516815599988], [32.00187405600019, -17.703140470999926], [32.00035209600003, -17.6944987949999], [32.00837786500017, -17.679765640999904], [32.00614992400011, -17.668087727999932], [32.010917788000086, -17.664898476999895], [32.01044879900007, -17.6573808899999], [32.01783758900018, -17.650535351999963], [32.00301100300004, -17.640806594999958], [31.952059433999978, -17.62540340499993], [31.947616558000107, -17.62163811099998], [31.856126072999984, -17.439542863999975], [31.87606651200008, -17.43964386599987], [31.894357994000075, -17.430339128999947], [31.90763861900018, -17.42746289999991], [31.90819860300013, -17.42485669499996], [31.940119706000132, -17.42872198899994], [31.94841047400007, -17.43350536199995], [31.959341166000115, -17.430940156999952], [31.968804900000123, -17.433784376999938], [31.98332748700011, -17.42096536699995], [31.995761136000112, -17.415298917999962], [32.00518487200003, -17.41924722499988], [32.01792551300019, -17.41945723799995], [32.041526846000124, -17.409581454999966], [32.04871264400015, -17.41095756099992], [32.057372399000144, -17.40550713099998], [32.05386248899998, -17.37889004099992], [32.04650869400007, -17.370045347999962], [32.04793065100017, -17.36175869599998], [32.06334621200017, -17.344065299999954], [32.07548787100018, -17.345596416999967], [32.08386863100009, -17.33318843899997], [32.059077317000174, -17.2949814399999], [32.03939786400019, -17.275156885999934], [32.039443858000084, -17.260289714999942], [32.03648394000015, -17.25512630999998], [32.041011807000075, -17.23494471899994], [32.02956012400017, -17.22124064299993], [32.028976139000065, -17.215970226999957], [32.036139930000104, -17.19047921599997], [32.06141920300013, -17.135363862999952], [32.075380804000076, -17.113856161999934], [32.08116363500011, -17.091971432999912], [32.087495456000056, -17.087697093999964], [32.08447053700013, -17.07533111799995], [32.090013377000105, -17.060076911999943], [32.091867319000016, -17.040766385999973], [32.10834985600019, -17.03901224299989], [32.11977853600007, -17.042031477999956], [32.1221664680001, -17.03938626899992], [32.13287816800016, -17.04259051899993], [32.15493754700009, -17.03986829799993], [32.17289304100018, -17.033823815999938]]]}}, {"type": "Feature", "properties": {"DISTRICT": "Mvurwi", "NAME": "Mvurwi", "PROVINCE": "Mashonaland Central", "PCODE": "ZW1209", "AREA_SQKM": 2.8, "MINING_CADASTRE": "Mvurwi Cadastre Zone (Mashonaland Central)"}, "geometry": {"type": "Polygon", "coordinates": [[[30.85653698900012, -17.02059723499997], [30.86343579600009, -17.022022343999936], [30.859630908000042, -17.032342161999907], [30.852322111000035, -17.028637871999933], [30.850211172000115, -17.033036220999975], [30.84389034800006, -17.030902054999956], [30.84059443800004, -17.024755569999968], [30.840550434000136, -17.014182734999963], [30.84523630300015, -17.01402371999984], [30.84521930500017, -17.018953109999927], [30.85528202500018, -17.02298342399996], [30.85653698900012, -17.02059723499997]]]}}, {"type": "Feature", "properties": {"DISTRICT": "Mwenezi", "NAME": "Mwenezi", "PROVINCE": "Masvingo", "PCODE": "ZW1806", "AREA_SQKM": 13209.7, "MINING_CADASTRE": "Mwenezi Cadastre Zone (Masvingo)"}, "geometry": {"type": "Polygon", "coordinates": [[[30.515797770000006, -20.741261155999894], [30.521778603000087, -20.748837710999965], [30.54183203299999, -20.756267246999982], [30.559464536999997, -20.770440281999925], [30.59051965000009, -20.776406703999953], [30.59343356900007, -20.779362919999926], [30.604879233000133, -20.767825062999975], [30.627457576000154, -20.753077962999896], [30.63468169000015, -20.771158876999948], [30.627816819000145, -20.7770105379999], [30.630828500000177, -20.784910306999905], [30.642667162000066, -20.78759049799993], [30.64842501000004, -20.807212939999886], [30.66852443500011, -20.81030115599998], [30.677955177000058, -20.830067605999943], [30.704026424999995, -20.82434416999996], [30.70854829700005, -20.825740269999926], [30.70009956600012, -20.867353336999884], [30.68976888100019, -20.896559490999948], [30.690846857000054, -20.908275350999872], [30.70995431200015, -20.91286067699997], [30.737609517000124, -20.91227461899996], [30.764451736000183, -20.89467430999997], [30.779450301999987, -20.88904188799995], [30.812587366000173, -20.914182716999903], [30.812702370000068, -20.9257535669999], [30.838759626000126, -20.932611056999917], [30.85633712599997, -20.94061063499987], [30.871105709000062, -20.951823449999893], [30.906687690000126, -20.957653858999947], [30.925642151000147, -20.966291482999907], [30.947198533000062, -20.968627642999934], [30.96451104199997, -20.97892638999997], [30.982434539000167, -20.998685829999886], [30.994835179000177, -20.99277638999996], [31.005065886000125, -20.99413448399997], [31.025329316000068, -21.014803988999915], [31.03937791400017, -21.018791273999966], [31.043213806000097, -21.022804566999923], [31.062430272000086, -21.05448587799998], [31.107998973000065, -21.073705261999976], [31.11026291900015, -21.09204660399996], [31.121189611000034, -21.103405428999963], [31.126389468000127, -21.114854263999916], [31.146359900000107, -21.126179081999908], [31.156304622000164, -21.1410041609999], [31.164802379000093, -21.143311325999946], [31.190216647, -21.140809129999923], [31.211561038000127, -21.149608762999947], [31.238654260000033, -21.152371951999896], [31.25908318000012, -21.14858849099994], [31.267853154000136, -21.13573787199988], [31.299706191000155, -21.139295970999967], [31.309049621000156, -21.151521582999976], [31.31314881700007, -21.17016492999994], [31.325109014000134, -21.179989474999957], [31.35444968400003, -21.177851248999957], [31.37779883800016, -21.17160638799993], [31.48142343300009, -21.15639187399995], [31.49788780000017, -21.149144596999918], [31.51471231800008, -21.153653918999908], [31.540159594999977, -21.173581363999972], [31.552169250000077, -21.17397438699993], [31.57057071700018, -21.16757291199997], [31.580971427999998, -21.188034401999914], [31.608369650000157, -21.20967296999993], [31.602655816000095, -21.21381027399991], [31.60045487800005, -21.21090706299998], [31.594317055000147, -21.212631190999957], [31.587986248000107, -21.233739733999982], [31.58279339800015, -21.235265846999937], [31.58400236500006, -21.238514083999974], [31.563330962000066, -21.24353845899992], [31.549648362000028, -21.25407923299997], [31.528547972000183, -21.260629719999883], [31.525466064000057, -21.26547707499998], [31.512238445000094, -21.266331142999945], [31.503449710000098, -21.29033689499994], [31.26745461600018, -21.491386614999897], [31.26697063400013, -21.498015095999904], [31.243215347000046, -21.548335752999947], [31.24695124600015, -21.56060463999995], [31.252002103000166, -21.56577101099998], [31.252757093000127, -21.587077552999915], [31.243863356000077, -21.59865939499997], [31.239015512000094, -21.627353471999925], [31.249133228000062, -21.64108245899996], [31.254611070000124, -21.641139460999966], [31.255189057000052, -21.64740291299995], [31.251992152000128, -21.65240127499993], [31.239716510000164, -21.65923177499991], [31.229237822000016, -21.675534956999968], [31.22975880900009, -21.679985277999947], [31.246505330000048, -21.68790084099993], [31.26188189800007, -21.70942338699996], [31.277697445000115, -21.71684191399993], [31.25699305100011, -21.72960284499993], [31.24880529400008, -21.742380769999954], [31.066117764000182, -22.06160478599992], [30.99930671500016, -22.08997485099991], [30.987817048000124, -22.089976856999897], [30.95928788100008, -22.101890723999873], [30.947876215000008, -22.107210110999972], [30.944007741000064, -22.112792621999972], [30.93118487800018, -22.105333688999906], [30.93528456600012, -22.086197615999936], [30.931300673000067, -22.073833733999948], [30.917083085, -22.073566722999885], [30.899738593000052, -22.08351244299996], [30.889501890000133, -22.084318506999978], [30.873400328000116, -22.04181447499991], [30.859518725000044, -22.03434994899993], [30.857413774000065, -22.016665683999918], [30.832958469000175, -21.99747532299989], [30.803689317000135, -21.99907345399987], [30.79660151000013, -21.980819149999945], [30.80106237700005, -21.975267749999887], [30.808716156000116, -21.974840714999914], [30.80684120600006, -21.969763351999916], [30.79806245700013, -21.964228959999957], [30.783314883000116, -21.96460899599998], [30.76155850200007, -21.9491849019999], [30.754169705000038, -21.932629718999976], [30.771257204000165, -21.922212960999957], [30.760246516000052, -21.913477339999872], [30.761371479000104, -21.907023875999982], [30.750274798000078, -21.90352963199996], [30.738103141000124, -21.89125675699995], [30.727629443000183, -21.89030469499994], [30.73047135100012, -21.875065598999925], [30.716654750000146, -21.875269620999916], [30.712760861000106, -21.87211839699995], [30.710145929000078, -21.861827658999914], [30.715075783000145, -21.855964234999817], [30.71081690200009, -21.850274827999897], [30.702882129000045, -21.84725061499995], [30.68520562900011, -21.831560496999828], [30.67022206100006, -21.829454353999893], [30.66978007, -21.823735942999974], [30.67418693800016, -21.81744448799998], [30.665074197000138, -21.811245046999886], [30.66902407300006, -21.797187032999943], [30.665223173000186, -21.78162191399997], [30.653205520000142, -21.781377903999953], [30.635351028000116, -21.77134819199989], [30.637557959000162, -21.76399466099997], [30.64983459600012, -21.751393744999973], [30.648499633000085, -21.74848753699996], [30.64448074900008, -21.748109511999928], [30.63157312900006, -21.759392332999937], [30.61952448000011, -21.76324961799986], [30.607149825000022, -21.74582236899988], [30.5995420430001, -21.743053173999897], [30.59646513700011, -21.751899813999955], [30.59018232000011, -21.754043971999977], [30.582105540999976, -21.735954672999924], [30.57121285600016, -21.73744478699996], [30.56219311100017, -21.72982824299993], [30.553957360000084, -21.7453323659999], [30.544264642000144, -21.747916557999872], [30.54083873800016, -21.745000349999884], [30.543108667000126, -21.73599669999993], [30.535276887000123, -21.728313149999963], [30.53410791500005, -21.71992854599995], [30.5243291970001, -21.71981754399991], [30.51847035999998, -21.71147994699993], [30.50376278400006, -21.71025786799987], [30.49822194000012, -21.704967488999955], [30.501912824000158, -21.691424508999887], [30.499234894000097, -21.681776814999978], [30.50764664600007, -21.673832235999953], [30.50814962400011, -21.663367479999977], [30.50351475400015, -21.65813910499992], [30.489893146000043, -21.65679601599993], [30.48252136300016, -21.663216484999907], [30.470394705000103, -21.651565649999952], [30.45021528800015, -21.65256773599998], [30.44609040300014, -21.647026337999876], [30.446364387000074, -21.63572852099992], [30.443351470000096, -21.63120519599994], [30.426927943000067, -21.630511155999955], [30.407532498000137, -21.62455573799997], [30.395231842000044, -21.60881760799998], [30.381185248000065, -21.61083776299995], [30.372220499000036, -21.60103105899998], [30.361091816000055, -21.594860619999963], [30.355920965000053, -21.59558467499994], [30.338270486000056, -21.611077807999948], [30.32815276900004, -21.60020102699997], [30.306049407000103, -21.601397127999974], [30.294980722000105, -21.595319695999933], [30.275704279000024, -21.596927824999966], [30.263905615000112, -21.59158744599995], [30.233402496000053, -21.59437766799988], [30.229787594000072, -21.585763046999944], [30.23967530100009, -21.575827320999963], [30.242854201, -21.563554430999943], [30.241802222000103, -21.55195859199995], [30.236141381000095, -21.545756145999917], [30.23075453400014, -21.544009022999944], [30.218284901000175, -21.553862744999833], [30.208550170000024, -21.538684651999972], [30.193030610000108, -21.528662935999876], [30.172515203000046, -21.53185818199995], [30.166110376000063, -21.516192049999916], [30.170146250000016, -21.504091169999924], [30.16577737300014, -21.50049091199992], [30.14617794200018, -21.5058073109999], [30.12687749100013, -21.496519649999982], [30.096138379000138, -21.500740977999953], [30.097030347000043, -21.49279239999987], [30.107029055000112, -21.487519010999904], [30.108663005000096, -21.483413711999958], [30.09354543500018, -21.476220200999933], [30.072741036000025, -21.47894041199993], [30.068879132000063, -21.459392995999963], [30.041535903000124, -21.43939856299994], [30.04021192900018, -21.42302637499995], [30.02471936200004, -21.407364247999908], [30.01881951700011, -21.387831831999904], [29.999079071000153, -21.37126063999989], [29.953815360000192, -21.353634389999968], [29.94812452000008, -21.348865045999958], [29.93642082399998, -21.308276098999897], [29.92140324800016, -21.29851539899994], [29.91902231199998, -21.29338002599991], [29.918847303000177, -21.276779815999816], [29.901248802000055, -21.268062192999878], [29.89142408600003, -21.26978132599993], [29.886469224000052, -21.26336786099995], [29.892383043000052, -21.250974952999968], [29.88742818200018, -21.245958590999976], [29.886188206000043, -21.231655547999935], [29.89466995800018, -21.226589171999876], [29.87909339200013, -21.21004397599995], [29.851046194000105, -21.204422584999975], [29.846864311000047, -21.200684314999933], [29.84568133500005, -21.18899646199992], [29.842212433999975, -21.18840542199996], [29.83846753400013, -21.178957733999937], [29.831134741000085, -21.17409938399993], [29.83142972500019, -21.164866708999966], [29.843440375000057, -21.158526236999933], [29.8411724340001, -21.15153372799989], [29.801323566000065, -21.13564659499997], [29.774056329000018, -21.11137583899989], [29.766002550000053, -21.099413968999954], [29.765964543000052, -21.08889919899991], [29.75674980900004, -21.090862349999895], [29.75212093900018, -21.08728009099997], [29.731033499000148, -21.033302151999976], [29.73070050000001, -21.022919390999903], [29.767367456000045, -21.032358055999907], [29.78283001200009, -21.032037020999894], [29.823563827000044, -21.01286858599991], [29.882299098000146, -20.95861056299998], [29.902949494999973, -20.945408578999945], [29.92744877399997, -20.922802900999955], [29.946786379000116, -20.911732200999836], [29.954338841000094, -20.915277646999982], [29.97110851200017, -20.9094198869999], [29.987586039999997, -20.91135601799988], [29.991050945999973, -20.918101510999975], [30.049197310000125, -20.959348501999955], [30.059486918999994, -20.96028015999991], [30.068819752000138, -20.966317999999887], [30.067281802000082, -20.974541604999956], [30.07357963400011, -20.99013374499998], [30.109021629000097, -21.00703996099992], [30.131292991000066, -21.008447049999916], [30.165945015000148, -21.034525938999934], [30.179440623000175, -21.027840439999977], [30.19329923200013, -21.037849163999965], [30.21706754500019, -21.031712698999968], [30.229411195000125, -21.037449111999877], [30.250111603000107, -21.041004358999885], [30.25329050400012, -21.0297915349999], [30.281686681000167, -21.0194477579999], [30.30092714100016, -21.036573000999965], [30.308903907000058, -21.030690564999873], [30.316332694000153, -21.03011951899998], [30.33719710400004, -21.043058453999947], [30.35683053700012, -21.039859206999893], [30.378334906000134, -21.020425768999928], [30.393381473000147, -21.019536694999886], [30.402668193000068, -20.99977223899998], [30.409282162000125, -20.999331959999893], [30.417522589000043, -20.986536715999932], [30.445177502000035, -20.962508860999947], [30.44340675400008, -20.92314072599993], [30.453440587999978, -20.882608810999955], [30.450822207000158, -20.869201136999948], [30.45430880400005, -20.831056797999906], [30.469147449000104, -20.769585776999918], [30.47342958500019, -20.7562798969999], [30.480057760000193, -20.74835585999989], [30.481419527000128, -20.715144162999877], [30.48686559300006, -20.704910478999864], [30.50980998, -20.691874677999976], [30.51991361200004, -20.68231980299987], [30.52335251599999, -20.685284019999926], [30.523693512000136, -20.693804648999958], [30.512733847000106, -20.72540998799991], [30.515797770000006, -20.741261155999894]]]}}, {"type": "Feature", "properties": {"DISTRICT": "Nkayi", "NAME": "Nkayi", "PROVINCE": "Matabeleland North", "PCODE": "ZW1505", "AREA_SQKM": 4830.6, "MINING_CADASTRE": "Nkayi Cadastre Zone (Matabeleland North)"}, "geometry": {"type": "Polygon", "coordinates": [[[28.682258003000186, -18.550935716999902], [28.75059236300001, -18.5706528529999], [28.941388914000015, -18.575410983999973], [29.008614021000028, -18.580470322999872], [29.09030671200003, -18.578616118999946], [29.129049646, -18.612923731999956], [29.125465764000126, -18.633378309999955], [28.922949548000076, -18.70885826999995], [28.866923418, -18.723330232999956], [28.937664392000045, -19.009895335999886], [28.951065021000147, -19.020109106999882], [28.977649270000143, -19.021008153999844], [28.97466836800004, -19.03657134599996], [28.986650034000036, -19.04329084999995], [28.992443883000078, -19.05833599499988], [29.001780624000162, -19.064762477999977], [29.011086917, -19.085204797999836], [29.009529461000113, -19.08982333299997], [29.014799619000087, -19.092066518999957], [29.01734465500016, -19.10239207099994], [29.010952339000085, -19.107447003999937], [29.00310808500012, -19.125938709999957], [29.00839791100009, -19.129715613999906], [29.000872763000075, -19.141301504999944], [28.999462496000035, -19.158189143999948], [29.00613533400002, -19.176138946999913], [29.00096435800009, -19.18233076899992], [29.004233975000034, -19.185746202999894], [29.00281370800019, -19.19561645799996], [28.83454456600009, -19.296248250999952], [28.648859765000054, -19.22760718099994], [28.52127532700007, -19.172608098999888], [28.436911701000156, -19.158193072999893], [28.435487665000096, -19.079134040999975], [28.421043068000188, -19.07285257399991], [28.402551588000165, -19.06958433999995], [28.382497146000105, -19.060342651999918], [28.366669594000086, -19.060434672999975], [28.325710741000137, -19.048321782999892], [28.31618201100008, -19.04953088399992], [28.314639052000075, -19.04645264999988], [28.309542979000184, -18.822804526999903], [28.29988222700007, -18.796456512999896], [28.318188703000033, -18.789237942999932], [28.323221546000184, -18.77367874399988], [28.322542546000136, -18.753852220999875], [28.326469432000124, -18.750328946999957], [28.32730740200003, -18.74383044699988], [28.32073257400009, -18.729419344999883], [28.323961468000107, -18.71413816699993], [28.306311938000135, -18.685147952999955], [28.305546955000125, -18.67980754299998], [28.314035711000145, -18.675115173999927], [28.31631863900003, -18.667513586999974], [28.305275943000083, -18.65900394199997], [28.28957946000014, -18.56662952599993], [28.314119602000062, -18.562975535999897], [28.329607172000067, -18.569787046999977], [28.33328006500011, -18.566311775999907], [28.342702801000087, -18.5678348859999], [28.35135055300009, -18.564312606999977], [28.368165079999983, -18.565012645999957], [28.3835476430001, -18.56149136199997], [28.38893549300019, -18.56427757199998], [28.395012318, -18.559858225999903], [28.406495995000114, -18.56068627999997], [28.40752596300007, -18.55835909999996], [28.42947635100012, -18.565717648999964], [28.438409098000136, -18.563942504999886], [28.442445985999996, -18.56642769299998], [28.451091739000105, -18.562730400999953], [28.45798754900011, -18.567735780999953], [28.46043747600004, -18.56320742999992], [28.472850127000072, -18.565466593999872], [28.47603403400018, -18.561111254999958], [28.484616795000022, -18.56478753099998], [28.48784370100003, -18.561128246999942], [28.5516341660001, -18.55974699099994], [28.57161893600005, -18.555337031999954], [28.57477255700013, -18.559555286999966], [28.581911563000176, -18.561617832999957], [28.588562535000165, -18.559015233999958], [28.594827484000064, -18.562782442999946], [28.608585716000164, -18.558845589999976], [28.61883571200019, -18.560455713999943], [28.62370215400017, -18.5574427709999], [28.64471285900015, -18.561863205999884], [28.662830326000062, -18.55186390699987], [28.682258003000186, -18.550935716999902]]]}}, {"type": "Feature", "properties": {"DISTRICT": "Norton", "NAME": "Norton", "PROVINCE": "Mashonaland West", "PCODE": "ZW1425", "AREA_SQKM": 62.0, "MINING_CADASTRE": "Norton Cadastre Zone (Mashonaland West)"}, "geometry": {"type": "Polygon", "coordinates": [[[30.70580965000005, -17.85244783199994], [30.71245147500008, -17.87499858699988], [30.716790342000138, -17.854707002999874], [30.73147092700009, -17.852360812999905], [30.736724785000092, -17.863433673999907], [30.741422648000025, -17.85511902299993], [30.747590518000038, -17.864270700999896], [30.716581051000162, -17.89395272999991], [30.69940795000008, -17.892744235999942], [30.65901941900006, -17.9288336219999], [30.636147646000097, -17.911979506999955], [30.62439565200009, -17.8967149369999], [30.646478377000165, -17.86043177199997], [30.66771323800009, -17.845880935999958], [30.665969774000075, -17.85338692499988], [30.67366255400009, -17.847891492999963], [30.677200458000073, -17.854533008999965], [30.68286529700009, -17.85349892499994], [30.685611222000034, -17.857924268999966], [30.689151118000154, -17.84961961999994], [30.69969281900012, -17.84582931899996], [30.70580965000005, -17.85244783199994]]]}}, {"type": "Feature", "properties": {"DISTRICT": "Nyanga", "NAME": "Nyanga", "PROVINCE": "Manicaland", "PCODE": "ZW1107", "AREA_SQKM": 5780.7, "MINING_CADASTRE": "Nyanga Cadastre Zone (Manicaland)"}, "geometry": {"type": "Polygon", "coordinates": [[[32.99432462500016, -17.24569648499994], [32.99888587999999, -17.304155956999978], [33.05306036200017, -17.342572969999935], [33.029765020000184, -17.36189249299997], [33.01629140300014, -17.384862299999952], [33.01668839300015, -17.391051785999878], [33.00588869800015, -17.395144108999887], [33.011107555000024, -17.417508864999945], [33.00851762900015, -17.427944683999897], [32.99964088100006, -17.44031665699987], [33.001887820000036, -17.450997494999967], [32.99213709500003, -17.451916568999877], [32.97486158500004, -17.476117470999952], [32.966758814000116, -17.477635590999967], [32.963829900000064, -17.497967185999926], [32.96968073900001, -17.523200163999945], [32.9818494000001, -17.542471671999863], [32.98381434700008, -17.55709581799988], [32.99602800400015, -17.56633753999995], [33.00645371000019, -17.56355631999992], [33.01984333300004, -17.56880972999994], [33.03996476900011, -17.58551403499996], [33.043157680000036, -17.59489476899995], [33.053644386000144, -17.603024403999882], [33.046525587000076, -17.605859626999973], [33.04363867200004, -17.62524114499996], [33.04675458500003, -17.63250471299989], [33.03114502700009, -17.646294793999914], [33.03155701800017, -17.656972628999938], [33.02162829800005, -17.661101953999946], [33.020579328999986, -17.667257434999954], [33.02374524000004, -17.67197280299996], [33.01828239500003, -17.67792826999994], [33.023604246000104, -17.683368694999956], [33.01683343700006, -17.685382852999965], [33.01549847900009, -17.70746057899987], [33.02297426800004, -17.708812683999952], [33.02790313100007, -17.720017557999938], [33.02188330100006, -17.72256175799987], [33.011389596000186, -17.71577322899998], [33.010996609000074, -17.72592102199991], [33.006785728000125, -17.73111142799985], [33.00965064800005, -17.73467270599997], [33.00564076200004, -17.74169225499992], [33.01031063099998, -17.74501551399993], [33.01522749200012, -17.743672407999952], [33.016207466000026, -17.75082896699996], [33.024214240000106, -17.74923684099997], [33.02672016800017, -17.744284453999967], [33.029131101000075, -17.74644962299982], [33.03036706800009, -17.75826654599996], [33.02134632200017, -17.75914561599984], [33.01722643900007, -17.763654967999912], [33.01924738400004, -17.776343958999973], [33.02299027900017, -17.776478968999868], [33.021941309000056, -17.78167137399987], [33.01724144200017, -17.784479593999947], [33.01162660100016, -17.783287501999837], [33.0148415110001, -17.787147802999925], [33.01398353600007, -17.79560946299989], [33.019122392000156, -17.79988079599991], [33.0132205590001, -17.803932112999917], [33.005297781000024, -17.79570647199995], [33.00453480400006, -17.80090287799993], [32.99582604900007, -17.801138897999977], [32.98473736100004, -17.794156353999938], [32.981140462999974, -17.79958477899993], [32.97413266100017, -17.79641453199997], [32.97096675100005, -17.803360074999944], [32.96065604400019, -17.811273693999965], [32.963104976000125, -17.819129305999923], [32.96056004800005, -17.821015453999962], [32.967239862000156, -17.83388745699989], [32.967914844000006, -17.842116097999963], [32.96230000300005, -17.84713148999998], [32.96537391700019, -17.85016372599995], [32.96101004200017, -17.861517611999943], [32.961445032000086, -17.87011628199997], [32.95338126000013, -17.871913423999956], [32.952664282000114, -17.88556948799993], [32.94952137100006, -17.88749563899995], [32.95485422200011, -17.8936091139999], [32.952595286000076, -17.894990221999933], [32.95509421600008, -17.90041364399997], [32.95377025500005, -17.910715446999973], [32.96981480300013, -17.91107047199995], [32.97739058800016, -17.90749719199988], [32.983398420000015, -17.916748911999946], [32.97373169299999, -17.916994932999955], [32.97209574100003, -17.925099563999936], [32.97506765800017, -17.930838009999945], [32.972476731000086, -17.93313818999991], [32.975448648000054, -17.93809557499992], [32.97191274800008, -17.938822632999972], [32.97323971100013, -17.943054961999962], [32.967689871000175, -17.961685412999884], [32.95201931400004, -17.959334231999946], [32.94595848600005, -17.96744086399997], [32.945076513000174, -17.977716663999956], [32.93730673300013, -17.983042078999915], [32.945458504000044, -17.990296641999862], [32.951523333000125, -17.98926456099997], [32.95595220900009, -17.997972237999875], [32.93837470800014, -18.012202346999914], [32.93775672700008, -18.015953638999974], [32.942029606000006, -18.018780857999957], [32.93651276300017, -18.02320420299992], [32.935719787000096, -18.02991472399998], [32.950428370000054, -18.025655390999873], [32.947785447000115, -18.037999350999826], [32.95229832000001, -18.03941845999998], [32.95936612200006, -18.049944276999952], [32.952996303000134, -18.053403546999903], [32.952935304000164, -18.04896920199991], [32.947552456000096, -18.05000628399995], [32.95655520300011, -18.059870048999926], [32.954861253000104, -18.066874592999966], [32.959462123000094, -18.067498640999872], [32.964080994000085, -18.078003455999976], [32.95902313800008, -18.082784827999888], [32.970737808000024, -18.088418263999927], [32.96759789700019, -18.093411651999872], [32.972057773000074, -18.101860306999924], [32.97090980600001, -18.105615598999975], [32.97546367800004, -18.110779998999874], [32.98197949400003, -18.10994993299994], [32.980762529000174, -18.114716303999955], [32.97582666900013, -18.114671300999873], [32.97811160600014, -18.125187116999882], [32.97208777800017, -18.133619771999975], [32.97602466699999, -18.136515995999957], [32.97494569800017, -18.139190203999874], [32.98243348700004, -18.14293449299987], [32.979587568, -18.14633875699991], [32.98264648300005, -18.153534314999945], [32.992530204000104, -18.157804644999942], [32.998172044000114, -18.155683478999947], [32.99776005700005, -18.161995968999975], [33.00970772100004, -18.174327922999908], [33.009303736000106, -18.195058529999926], [32.98916230599997, -18.194921522999948], [32.989509303000034, -18.234949623999967], [32.97729864800016, -18.231276341999887], [32.964238020000096, -18.24870269299987], [32.962796062000166, -18.25223396699994], [32.97385475000016, -18.25662630499994], [32.975868694000155, -18.263558841999952], [32.97221380000008, -18.276840869999944], [32.94938345100019, -18.304757033999977], [32.94228065600004, -18.329912980999893], [32.92460815700019, -18.33549041499998], [32.90402073400003, -18.303167918999918], [32.880881390000184, -18.31146956499998], [32.89724593200009, -18.33906869699996], [32.91141353800009, -18.37281830199987], [32.81118138400012, -18.415166591999935], [32.816369245000146, -18.456656792999922], [32.80188166700009, -18.511147996999966], [32.75063211500003, -18.49533878899996], [32.74485728000013, -18.50023516699997], [32.72993471100011, -18.537988079999934], [32.70464743600013, -18.57669706599995], [32.697021651, -18.57439688999989], [32.695988678000106, -18.562871002999884], [32.679860137000105, -18.56995255199996], [32.65901372200017, -18.548078871999962], [32.65122794299998, -18.548593912999934], [32.64869100800013, -18.520763769999974], [32.64318316500015, -18.525650146999965], [32.64466712400008, -18.528822390999892], [32.63887228800007, -18.52722626999997], [32.634375416000125, -18.532208654999863], [32.59038865300016, -18.493537683999875], [32.57704502500013, -18.47117396199991], [32.60198931300005, -18.444901929999958], [32.5825078580001, -18.418477894999967], [32.55532863200017, -18.43718234499994], [32.492132421000065, -18.436177281999903], [32.48249668000011, -18.386128418999817], [32.44602971600017, -18.399515461999897], [32.44076885800007, -18.37300741599995], [32.409638742000084, -18.38463732199989], [32.42467930300012, -18.33617757299993], [32.45388047300003, -18.31902123899988], [32.42073140300016, -18.292799218999903], [32.41838146500004, -18.276306942999895], [32.410561685000175, -18.268993378999824], [32.40247790500007, -18.239766117999977], [32.38706733599997, -18.22248878299996], [32.37980053800004, -18.209185753999975], [32.38907027199997, -18.19354453999989], [32.41931941200011, -18.175547136999967], [32.43650792100004, -18.157112702999882], [32.46020025000007, -18.15127024399993], [32.47595879900018, -18.129316536999966], [32.47745075500018, -18.122679021999943], [32.48148564100006, -18.12119090599998], [32.48612850600006, -18.10847891799989], [32.52172249600011, -18.09132657799995], [32.551682644000095, -18.066493641999955], [32.55508054700016, -18.06158125999991], [32.553627586999994, -18.058111990999862], [32.55766347300016, -18.057451938999975], [32.55754547400011, -18.04941331399982], [32.563797296000075, -18.044821955999964], [32.56483126400019, -18.030694857999947], [32.57487497700015, -18.01860791599995], [32.570484100000044, -18.012370431999955], [32.579474839000056, -17.983881213999894], [32.58604065300011, -17.979139843999917], [32.58597565100007, -17.966330846999938], [32.60642107000018, -17.950647621999963], [32.594966386000124, -17.918906152999966], [32.59975024900007, -17.910362486999873], [32.59641934200005, -17.906635196999957], [32.59418039899998, -17.88002812499991], [32.58921053600011, -17.865748012999916], [32.580237788000034, -17.859211504999905], [32.563625249000154, -17.826291941999898], [32.569035094000014, -17.818167306999953], [32.56488021200016, -17.818654345999903], [32.565060205000066, -17.811191762999897], [32.55812140000012, -17.809230611999908], [32.56003234400015, -17.80129199199996], [32.54727670100016, -17.78638283099997], [32.553772513000126, -17.768301417999965], [32.55131258100016, -17.761011849999875], [32.554539488000046, -17.755157391999887], [32.538292943000044, -17.73954817599997], [32.54156984800005, -17.7285113129999], [32.53966189900018, -17.719254589999878], [32.549767609000185, -17.697748906999948], [32.54416776500017, -17.68905922899995], [32.54002087200013, -17.646618910999848], [32.578071796000074, -17.633733893999818], [32.58282865199999, -17.588562356999944], [32.58788250900011, -17.587494272999947], [32.5938200600001, -17.575462250999976], [32.602681227999994, -17.57229518899993], [32.61211242500008, -17.561166175999972], [32.62758875900005, -17.569689419999975], [32.62927048900008, -17.559075673999928], [32.63535936400001, -17.55802529099998], [32.63924323900011, -17.55272394499991], [32.64538138700016, -17.52619266399995], [32.63935021999998, -17.49857766199989], [32.6498754700001, -17.49063375099996], [32.674340050000126, -17.480891898999914], [32.71313795500015, -17.471987192999904], [32.733798371000034, -17.457828077999977], [32.73319538100009, -17.42738468799996], [32.75354280100015, -17.392131915999983], [32.759382634000076, -17.37835383199996], [32.75859265500003, -17.372007332999942], [32.77877608200015, -17.346947359999945], [32.79296968000017, -17.33471639499993], [32.801121451000085, -17.335261436999872], [32.80709528200009, -17.32885793199995], [32.81382109200007, -17.32709179199992], [32.82524876800005, -17.316615965999915], [32.843483255000024, -17.316695968999966], [32.85405695500003, -17.302786872999945], [32.8548769300001, -17.29303910599998], [32.870040501000176, -17.2791350089999], [32.88488308300009, -17.275669733999962], [32.90754144599998, -17.276579801999958], [32.91969410200011, -17.26994527799991], [32.92482095700018, -17.26321574699989], [32.96277988800006, -17.259562452999944], [32.99432462500016, -17.24569648499994]]]}}, {"type": "Feature", "properties": {"DISTRICT": "Plumtree", "NAME": "Plumtree", "PROVINCE": "Matabeleland South", "PCODE": "ZW1623", "AREA_SQKM": 174.4, "MINING_CADASTRE": "Plumtree Cadastre Zone (Matabeleland South)"}, "geometry": {"type": "Polygon", "coordinates": [[[27.831866207000076, -20.422975750999967], [27.866844496000112, -20.45932046599995], [27.870052935000103, -20.47733820499991], [27.86479687900004, -20.49342468599997], [27.928546303000132, -20.488247697999896], [27.90519387400019, -20.515581434999945], [27.86768858900001, -20.525891171999888], [27.818989952000095, -20.59305577699996], [27.773057111000185, -20.554397421999965], [27.780950902000086, -20.52885432799991], [27.723793392000005, -20.512765533999925], [27.727505336000036, -20.512093188999927], [27.73117785000011, -20.46569707999987], [27.774826221000183, -20.471703255999955], [27.79150529300017, -20.451990735999914], [27.831866207000076, -20.422975750999967]]]}}, {"type": "Feature", "properties": {"DISTRICT": "Redcliff", "NAME": "Redcliff", "PROVINCE": "Midlands", "PCODE": "ZW1723", "AREA_SQKM": 112.8, "MINING_CADASTRE": "Redcliff Cadastre Zone (Midlands)"}, "geometry": {"type": "Polygon", "coordinates": [[[29.78062212400016, -18.978978268999924], [29.79129835600014, -18.996772712999928], [29.82837652900014, -18.99441369699997], [29.81946964800011, -19.014223121999976], [29.841922743999987, -19.024975363999886], [29.830336746000057, -19.06096435799992], [29.81602829700006, -19.06168787699994], [29.80375584600006, -19.05733544799989], [29.80066749400015, -19.06293067799993], [29.79103808900004, -19.058032801999957], [29.788866431000088, -19.055039298999873], [29.79079881500013, -19.051426843999934], [29.783454472000074, -19.048563920999925], [29.780516880000164, -19.06323574399994], [29.750481687000104, -19.07528772099988], [29.74589003700015, -19.054171061999966], [29.699314972000025, -19.060407373999965], [29.695203556000024, -19.035750657999927], [29.70313255800005, -19.034121425999842], [29.699074363000136, -19.00888453999994], [29.74133336700004, -18.99991446399997], [29.74093553900019, -18.994832888999895], [29.731997803000183, -18.986885010999913], [29.72869696800018, -18.977357224999935], [29.73185855700018, -18.95905536499987], [29.72900434100012, -18.957601113999885], [29.72883398000016, -18.947129288999975], [29.75220299400013, -18.953068155999915], [29.741599737000058, -18.977765030999933], [29.78062212400016, -18.978978268999924]]]}}, {"type": "Feature", "properties": {"DISTRICT": "Rusape", "NAME": "Rusape", "PROVINCE": "Manicaland", "PCODE": "ZW1122", "AREA_SQKM": 17.0, "MINING_CADASTRE": "Rusape Cadastre Zone (Manicaland)"}, "geometry": {"type": "Polygon", "coordinates": [[[32.131554048000055, -18.509076724999943], [32.15224755800017, -18.542896477999818], [32.16242550100003, -18.561880979999955], [32.13025502400001, -18.54927244299995], [32.12326552700017, -18.55636461599994], [32.10900492100012, -18.555633283999953], [32.10527229000007, -18.544137945999864], [32.112393960000134, -18.53972326199988], [32.113528775000134, -18.526238244999945], [32.125451854000175, -18.51797735499997], [32.126494417000174, -18.512218512999937], [32.131554048000055, -18.509076724999943]]]}}, {"type": "Feature", "properties": {"DISTRICT": "Rushinga", "NAME": "Rushinga", "PROVINCE": "Mashonaland Central", "PCODE": "ZW1206", "AREA_SQKM": 2327.7, "MINING_CADASTRE": "Rushinga Cadastre Zone (Mashonaland Central)"}, "geometry": {"type": "Polygon", "coordinates": [[[32.26440531200012, -16.430673913999897], [32.30744910900006, -16.439404598999943], [32.40480438900005, -16.466347724999878], [32.568824808000045, -16.528452636999816], [32.71272978900015, -16.596684038999967], [32.70232809600003, -16.675137276999976], [32.70633698500018, -16.679587629999958], [32.75679666700012, -16.702184909999914], [32.74815981800003, -16.712966272999893], [32.73283724999999, -16.72412216099997], [32.70906791800013, -16.729043555999908], [32.69259638200009, -16.739690404999976], [32.68009673300014, -16.74129853499994], [32.66219023300005, -16.730044644999964], [32.65645339200006, -16.723006086999874], [32.648999601000185, -16.721820994999973], [32.63013613300012, -16.731987804999903], [32.593734156000096, -16.741779589999965], [32.575095678000025, -16.739036375999945], [32.561886047000144, -16.729912653999975], [32.55006876000016, -16.727736550999964], [32.54515851400015, -16.722010030999968], [32.527467009000134, -16.71901579699994], [32.50998449700012, -16.70457565399994], [32.50111174500017, -16.702000450999947], [32.487284133, -16.70384359999997], [32.48194728100003, -16.698891207999907], [32.471144585000104, -16.70229648099985], [32.46017389200017, -16.69694405799993], [32.44131042300006, -16.705286724999894], [32.42639884100009, -16.70491669899991], [32.40796736000016, -16.71319936099991], [32.39687467100009, -16.712640318999945], [32.39004286400018, -16.718845812999916], [32.370885400000134, -16.71593658699993], [32.33935429100006, -16.74278472599991], [32.272332172000176, -16.747302099999956], [32.255558647999976, -16.767040670999847], [32.24789586400016, -16.772181079999882], [32.23435024400004, -16.773576193999872], [32.22806742400019, -16.783914015999926], [32.21610875600015, -16.772404105999954], [32.20049119200007, -16.766880671999843], [32.17711585100017, -16.777322505999962], [32.162948249000124, -16.77861361199996], [32.153499517000114, -16.788803422999877], [32.13769996000019, -16.79111360999991], [32.125023315000135, -16.789343472999974], [32.110123735000116, -16.794456882999953], [32.10433689900009, -16.799802307999926], [32.10369291900008, -16.806086806999872], [32.0984320660001, -16.805566766999902], [32.09261922999997, -16.80981610599997], [32.07711666300008, -16.80312657899998], [32.051772374000166, -16.8036836309999], [32.04616853000016, -16.79825920199994], [32.05103939200012, -16.792770764999887], [32.05035740799997, -16.78231193599987], [32.04721749400005, -16.776870504999977], [32.043521598000154, -16.777781577999917], [32.044959556000094, -16.772237137999923], [32.0362697970001, -16.76196132499996], [32.03389286100008, -16.752505575999976], [32.03662078299999, -16.747306161999916], [32.03354494900009, -16.741457626999875], [32.02701395100007, -16.667877917999874], [32.01504559800003, -16.671908283999926], [32.011507712000025, -16.658570289999943], [31.978522390000023, -16.676918588999968], [31.976115456000173, -16.671000118999928], [31.965508753000165, -16.66940299499987], [31.960133900000187, -16.65884315799991], [31.96483176800001, -16.65609493799991], [31.96504375800015, -16.645077061999928], [31.973445518000062, -16.627886692999937], [31.95921691300009, -16.61568972699996], [31.94808022400008, -16.61318353099989], [31.944536321000044, -16.604534843999943], [31.94843520900008, -16.598244342999976], [31.94361334399997, -16.595827151999913], [31.944725312000173, -16.592469884999957], [31.913865170000122, -16.571802248999916], [31.907416347000037, -16.56104639499995], [31.91055225800011, -16.557645122999872], [31.920511979000025, -16.555927983999936], [31.92799676600015, -16.545191126999896], [31.950836127000116, -16.549385453999946], [31.952375082000174, -16.544067029999894], [31.95771193300004, -16.543141954999896], [31.957146947000012, -16.539477663999946], [31.940962399000114, -16.534791294999877], [31.93589653900017, -16.527094683999962], [31.9443283010001, -16.52127621799997], [31.948662176000084, -16.508313183999974], [31.974152459000038, -16.499118444999908], [31.978524332000177, -16.484887309999976], [31.988192059000085, -16.476661650999972], [31.986739098000044, -16.469795104999832], [31.99310991800013, -16.46716489299996], [32.014244327000085, -16.469961109999872], [32.047980380000126, -16.46116539999997], [32.0545341940001, -16.453222764999964], [32.05888206899999, -16.43926565099997], [32.15785629700002, -16.43713445499992], [32.26440531200012, -16.430673913999897]]]}}, {"type": "Feature", "properties": {"DISTRICT": "Ruwa", "NAME": "Ruwa", "PROVINCE": "Mashonaland East", "PCODE": "ZW1326", "AREA_SQKM": 40.4, "MINING_CADASTRE": "Ruwa Cadastre Zone (Mashonaland East)"}, "geometry": {"type": "Polygon", "coordinates": [[[31.258820070000013, -17.879236477999882], [31.25198585700008, -17.891346750999958], [31.26258037600013, -17.8942266169999], [31.258622710000054, -17.899145672999964], [31.26758441600009, -17.909442451999894], [31.26355898899999, -17.91242450599998], [31.25197092200017, -17.897182414999975], [31.242919598000185, -17.899420749999877], [31.239363381000032, -17.916143221999903], [31.22384279800002, -17.923070085999882], [31.219122944000162, -17.920234500999925], [31.221522299000185, -17.91708265999995], [31.21179819100007, -17.913454264999928], [31.209837479000043, -17.91670639699987], [31.19119428500011, -17.910105121999834], [31.19203079500005, -17.903196514999934], [31.198209835000057, -17.896813762999955], [31.19786883400019, -17.88973706099989], [31.20430565800018, -17.885939667999935], [31.21181979500011, -17.88656058099997], [31.208626141000025, -17.879586605999975], [31.21535855600007, -17.879692379999938], [31.195094268000105, -17.861859496999955], [31.1962977390001, -17.859304171999952], [31.220316971000102, -17.85051640099988], [31.25578369300007, -17.854563682999924], [31.25501217200008, -17.86244836399993], [31.261586691000048, -17.862818337999897], [31.258820070000013, -17.879236477999882]]]}}, {"type": "Feature", "properties": {"DISTRICT": "Sanyati", "NAME": "Sanyati", "PROVINCE": "Mashonaland West", "PCODE": "ZW1428", "AREA_SQKM": 4833.0, "MINING_CADASTRE": "Sanyati Cadastre Zone (Mashonaland West)"}, "geometry": {"type": "Polygon", "coordinates": [[[29.387849509000034, -17.50495840399998], [29.40358508100013, -17.525224983999976], [29.400977158000046, -17.52943931599998], [29.4064780060001, -17.53332461699995], [29.412260842000023, -17.531167443999948], [29.419108653000023, -17.53619883499988], [29.424517499000103, -17.533349606999934], [29.427813408000077, -17.53528575699994], [29.431139318000078, -17.539545088999944], [29.43000135400007, -17.54501951899988], [29.44085204900017, -17.546053592999954], [29.452298725000162, -17.54196926499992], [29.457740578000028, -17.550386921999916], [29.45257972600001, -17.55370018499997], [29.45180475100011, -17.559052604999977], [29.472568170999978, -17.563222918999884], [29.478922995000175, -17.567562254999928], [29.49153265399997, -17.586219708999977], [29.48536383400011, -17.595587446999957], [29.488638749000074, -17.604726160999917], [29.484137880000105, -17.612098741999944], [29.485712841999998, -17.621025439999983], [29.494036613000105, -17.62731492699993], [29.497317528000053, -17.636800667999978], [29.516349994999985, -17.64089197599992], [29.52561774300017, -17.65233886599998], [29.52123487700004, -17.667185030999917], [29.541635308000025, -17.67356151699994], [29.545608200999993, -17.680173030999924], [29.545999197000015, -17.69033782599996], [29.556063924000114, -17.70406989399993], [29.572628458000054, -17.704594924999924], [29.582169194000016, -17.71108242599996], [29.588923016000024, -17.72747770399991], [29.598598747000096, -17.731295995999915], [29.599788718000013, -17.738538560999928], [29.606151543000067, -17.74413299399987], [29.61025942700013, -17.742866892999928], [29.62431101500016, -17.71924603699989], [29.628286903000117, -17.719376044999876], [29.631533816000115, -17.72509448999989], [29.647968356000092, -17.728407738999977], [29.671649717000093, -17.767732796999894], [29.69047319100008, -17.773383226999954], [29.698410962000025, -17.76392548299998], [29.717031445000146, -17.774989335999976], [29.71757743500018, -17.782754941999826], [29.73205803600007, -17.794254830999932], [29.738446867000164, -17.810690109999882], [29.738686872000187, -17.82793145599993], [29.751855508000176, -17.838163245999908], [29.766602077000186, -17.81485241799993], [29.77577282200002, -17.81863670699994], [29.787506490000112, -17.815544458999966], [29.790697401000102, -17.81725158999984], [29.785175567000067, -17.832907814999942], [29.791174403000127, -17.840134375999924], [29.785049585000138, -17.854459496999937], [29.787851509000177, -17.85864582199997], [29.812926800000184, -17.854934516999947], [29.820260587999996, -17.845371765999914], [29.83218824900007, -17.840942413999983], [29.83620314300009, -17.852361301999963], [29.834849187000145, -17.860385928999904], [29.838246094000112, -17.863806192999846], [29.851003737000042, -17.867762493999976], [29.870771190000028, -17.881797576999872], [29.890195641000048, -17.87962439599994], [29.90295528400003, -17.883195665999892], [29.903666272000066, -17.89392350199995], [29.892197599000156, -17.901013061999947], [29.893490567000185, -17.907079533999934], [29.896794475000036, -17.9085236439999], [29.894232557000123, -17.923428806999937], [29.89901843000007, -17.935552748999953], [29.894072576000156, -17.945935560999885], [29.906127244000118, -17.957050418999927], [29.910720132000165, -17.98342146899995], [29.91911589900019, -17.98880988399992], [29.915688001999968, -17.99829562399998], [29.927953661000117, -18.005823201999874], [29.922117836000155, -18.021452421999925], [29.918760931000122, -18.023066548999907], [29.922037847000183, -18.03592154699993], [29.91919593700004, -18.04993763899995], [29.924129801000106, -18.054865018999976], [29.923916813000062, -18.064268749999883], [29.928484686000104, -18.066324906999967], [29.935239503000048, -18.07825282999994], [29.93912540400015, -18.093859039999927], [29.940717366000058, -18.104764885999828], [29.934618544000102, -18.11270150599995], [29.93410557800013, -18.142445815999963], [29.94642224600011, -18.165369587999976], [29.952913064000143, -18.167303733999972], [29.961495833000185, -18.185196116999975], [30.00576957900006, -18.177386483999953], [30.007675532000064, -18.18654519399996], [29.99643059800013, -18.197576136999942], [30.027361999000107, -18.23494305399987], [29.9995465290001, -18.25807593199994], [29.968778205000035, -18.22489969399993], [29.951380912000047, -18.240282048999916], [29.982870638000122, -18.272404565999977], [29.95600156500018, -18.295776420999857], [29.922524164000038, -18.266180177999956], [29.883918531999996, -18.30581134499988], [29.815470066000103, -18.35008197699989], [29.80474636800011, -18.350123986999904], [29.780343064000192, -18.35940071999994], [29.83624050500015, -18.38705282299992], [29.828923747000147, -18.43850980299993], [29.815201138000077, -18.442990156999883], [29.81426016200004, -18.44000692799989], [29.80021555400009, -18.433977470999878], [29.789802852000037, -18.438442821999956], [29.785599965000188, -18.430273193999938], [29.777604190000034, -18.430195192999918], [29.772361333000106, -18.422912633999942], [29.76391557500017, -18.42670593299988], [29.760424670000077, -18.422864637999965], [29.763654576000135, -18.418870326999922], [29.760285670000087, -18.41666915999997], [29.739954775000058, -18.41389945899988], [29.731500639000046, -18.40830632199993], [29.717162045000123, -18.412144666999893], [29.708786573000054, -18.40246625899988], [29.690248247000113, -18.402144043999954], [29.68874409299997, -18.406203482999956], [29.683118224000168, -18.402019634999874], [29.681822703000023, -18.395187601999908], [29.66331189699997, -18.393501481999976], [29.662069647000067, -18.383946644999924], [29.646412118000114, -18.382309155999906], [29.64202923500011, -18.387679117999937], [29.637989505000178, -18.3753511889999], [29.627254393000158, -18.370494676999897], [29.602404092000086, -18.367295445999957], [29.5870595290001, -18.373214913999902], [29.57753879500018, -18.368792578999944], [29.575235852000162, -18.35864279499998], [29.57126296200005, -18.355272536999962], [29.547839624000176, -18.356394639999962], [29.533152024000117, -18.337018149999892], [29.49897297600012, -18.319647828999962], [29.485620342000175, -18.30509571199991], [29.460707039000056, -18.297708156999818], [29.441792563000035, -18.285197200999903], [29.428437939000105, -18.28406812299994], [29.41280336800014, -18.268736945999933], [29.392751924000038, -18.255454930999974], [29.376698380000107, -18.260437327999966], [29.3607948290001, -18.26041333699993], [29.347782169000084, -18.224996600999873], [29.347562169000128, -18.21713799199989], [29.31828198900007, -18.20982844499997], [29.303807385000084, -18.1948962969999], [29.27283824300008, -18.175744832999897], [29.25059783300003, -18.127500102999875], [29.252281778000167, -18.117980362999845], [29.244892979000156, -18.109009670999967], [29.244402985000136, -18.09925991399996], [29.227511452000044, -18.087600019999968], [29.213465811000106, -18.04031435299987], [29.213040815000113, -18.029832537999937], [29.204610041000137, -18.01492238399993], [29.20790293500005, -17.997575030999883], [29.217381663000083, -17.99161456099995], [29.212762778000126, -17.971572002999892], [29.228812318000053, -17.960110098999962], [29.22924730300008, -17.957002856999964], [29.22215950000009, -17.953767609999886], [29.22007444000002, -17.94918577599998], [29.236447081000165, -17.931617873999983], [29.247802736000153, -17.89918833899992], [29.26384926700007, -17.87526446199996], [29.266735180000012, -17.867405846999873], [29.265832196000133, -17.85485586799996], [29.283432690000097, -17.84110278299994], [29.291628426000045, -17.79583224299995], [29.29049545099997, -17.78669152899994], [29.297770240000148, -17.778573889999905], [29.31640071400011, -17.775580643999945], [29.32728540100004, -17.765592855999955], [29.326911403000167, -17.754770009999902], [29.319885599000088, -17.752203813999927], [29.30722495600014, -17.754036965999944], [29.300562139000135, -17.748217515999897], [29.29880018400013, -17.741652003999945], [29.30672895300006, -17.731645215999947], [29.304646001000037, -17.717257091999898], [29.333927169000162, -17.704048038999872], [29.34589482100006, -17.689548896999952], [29.346165811000105, -17.686105626999904], [29.338560020000045, -17.679519116999927], [29.335157107000157, -17.66712414899996], [29.344714832000193, -17.65850246799988], [29.347416751000026, -17.651659929999937], [29.34020394800018, -17.64463138499997], [29.342463881000185, -17.639390972999877], [29.340416929000128, -17.62576190699997], [29.34425081400019, -17.616457175999926], [29.329919204000078, -17.59930884199997], [29.320840459000067, -17.599346850999893], [29.31425262800002, -17.57665907699993], [29.333419083000024, -17.567554349999966], [29.344851750000146, -17.551982121999913], [29.36725510700012, -17.532237557999963], [29.369879029000117, -17.52705414999997], [29.36742209200014, -17.51809544899993], [29.387849509000034, -17.50495840399998]]]}}, {"type": "Feature", "properties": {"DISTRICT": "Seke", "NAME": "Seke", "PROVINCE": "Mashonaland East", "PCODE": "ZW1308", "AREA_SQKM": 2637.2, "MINING_CADASTRE": "Seke Cadastre Zone (Mashonaland East)"}, "geometry": {"type": "Polygon", "coordinates": [[[30.837447980000093, -17.929709790999937], [30.841065886000138, -17.94511198799995], [30.844160798000075, -17.944490938999934], [30.84391879900005, -17.932024967999894], [30.84723970400006, -17.929028732999882], [30.844715772000143, -17.924420374999897], [30.858006398999976, -17.926792553999974], [30.861822290000134, -17.923790317999874], [30.870713045000116, -17.93465515999992], [30.873306970000044, -17.931641923999905], [30.881992727000068, -17.93534620899993], [30.901735172000144, -17.957406953999907], [30.908238901999994, -17.95524483199989], [30.905542759000127, -17.96414507099996], [30.91155472200012, -17.959745212999962], [30.92217510000006, -17.960107266999955], [30.936581431000036, -17.969190453999943], [30.94718251600011, -17.971287277999977], [30.95099788800013, -17.977528676999896], [30.96032110700014, -17.97812307099997], [30.96054321500003, -17.981349967999904], [30.96778503900009, -17.982666244999905], [30.973955518000025, -17.97830546499989], [30.980324011000164, -17.988045687999943], [30.987357795000037, -17.98489426599997], [30.988064966000024, -17.99110276699986], [30.99498946900013, -17.99762377099995], [30.999654575000136, -17.997672004999913], [30.994457816000136, -18.000889567999934], [31.002630886000134, -18.005469915999925], [31.00275281000006, -18.01163792999995], [31.01177074400016, -18.015455258999964], [31.01837175600008, -18.01289749199998], [31.034038030000147, -18.02034302999988], [31.042224836000173, -18.031447173999936], [31.049802443000033, -18.03305361299988], [31.050115597000172, -18.03928129399992], [31.05949021900011, -18.045725707999964], [31.061445237000044, -18.05087760999993], [31.091183174000037, -18.033527527999922], [31.111753127000156, -18.033424185999877], [31.127109596000025, -18.019735744999934], [31.096539610000036, -18.00345413899987], [31.073585630000082, -17.999825059999978], [31.065852843000187, -17.98924585499998], [31.056825224000136, -17.98380510499993], [31.05640082399998, -17.978075261999948], [31.06800267300008, -17.983351008999932], [31.103217402000098, -17.98667552799992], [31.11352496000012, -17.99446603599995], [31.115621650000037, -17.99152159199997], [31.127233833000105, -17.991676289999873], [31.14048646100008, -17.99578860399987], [31.156658005000168, -17.995824599999935], [31.157041997000135, -18.002070085999947], [31.165021774000024, -18.00736149399995], [31.171742583000025, -18.004439263999927], [31.17797440900017, -18.00886060499994], [31.18227928700003, -18.007351485999948], [31.187438145000158, -18.015979154999968], [31.196680887000184, -18.021165554999982], [31.196478894999984, -18.02622694799993], [31.20647061200009, -18.02358673899994], [31.209125540000002, -18.03121633099994], [31.216940324000007, -18.039395963999937], [31.22009623400004, -18.038954927999953], [31.229253985000014, -18.05836443299995], [31.22489311400011, -18.071674468999902], [31.226997059000155, -18.08255331299995], [31.23193692300015, -18.08924683099997], [31.24562553800007, -18.09243907399997], [31.25822918500006, -18.099466613999937], [31.259936139000104, -18.103632936999873], [31.270033854000076, -18.10294787999993], [31.28039556500005, -18.112069583999983], [31.291210258000035, -18.108203278999838], [31.306632830000126, -18.124193513999955], [31.32678126400009, -18.131331059999923], [31.34216582900018, -18.131019029999948], [31.35745640500005, -18.148018342999876], [31.36367823000012, -18.15097856999995], [31.37211399199998, -18.149874480999927], [31.406956015000105, -18.16611472699998], [31.396084325999993, -18.177059579999877], [31.409221971000193, -18.212825347999853], [31.39679232200018, -18.213376395999944], [31.396651330000054, -18.223368169999958], [31.403573136000034, -18.225792354999896], [31.399619252000093, -18.23538109999987], [31.362896288000115, -18.232407883999883], [31.364748228000053, -18.214423489999945], [31.370540060000167, -18.20443071299991], [31.357122439000136, -18.20376466599987], [31.34638874400008, -18.209575120999943], [31.33043019400003, -18.207829991999972], [31.324641356000143, -18.202162554999916], [31.31956049400003, -18.189609583999925], [31.30657185800004, -18.18515924399992], [31.30036103000009, -18.175846524999884], [31.293018237000126, -18.176390569999967], [31.285820438000087, -18.170317101999956], [31.278055657000095, -18.169252021999966], [31.261264124000093, -18.153999845999977], [31.251096412000095, -18.155352954999955], [31.242936646000146, -18.162444508999897], [31.223091207000095, -18.16579977699996], [31.22125226200012, -18.17058414899998], [31.216076408000163, -18.170998182999938], [31.214508454000054, -18.17459346299995], [31.20643068200019, -18.17508950499996], [31.19812692000005, -18.182212060999973], [31.189034177000053, -18.1831751389999], [31.16823176100013, -18.174830500999917], [31.163651888000004, -18.16934407699995], [31.162799907000135, -18.159207290999916], [31.155428110999992, -18.150187594999977], [31.089608974000157, -18.15892730099995], [31.094562844000052, -18.180439967999973], [31.08372916100012, -18.203432754999938], [31.067537647000165, -18.26179128399997], [30.99956959600013, -18.320936892999953], [31.011364267000033, -18.330115597999963], [31.025684860000183, -18.324019119999946], [31.03459361299997, -18.334548929999983], [31.06498275500013, -18.336021029999927], [31.08752112300016, -18.347015870999883], [31.097203854999975, -18.35840574699995], [31.10163674200004, -18.38398172199993], [31.122417160999987, -18.396902710999882], [31.12796101000015, -18.408582610999872], [31.13979967800003, -18.416439212999876], [31.176722631000132, -18.408433577999972], [31.179635551000104, -18.41460605399982], [31.19511311300016, -18.41406800599998], [31.209728697000116, -18.40880759299995], [31.221620365000092, -18.4180743039999], [31.219105442000114, -18.42921516499996], [31.22279934000005, -18.43587067699997], [31.20067697500008, -18.455840227999943], [31.157385196000007, -18.446604533999903], [31.132759894000174, -18.450714861999927], [31.092165041000158, -18.44868172299988], [31.057216036000113, -18.46075066999998], [31.05462010800011, -18.459325560999957], [31.05787001200008, -18.450308863999965], [31.03823655700012, -18.43049334299991], [31.007639426000082, -18.437295881999944], [31.015248219, -18.45432619299993], [31.02528397700013, -18.537506603999873], [30.979810266000186, -18.54237399999994], [30.951954045000093, -18.524453631999904], [30.915992079000148, -18.556646128999887], [30.879401116000167, -18.55961637599995], [30.875599227000066, -18.565469827999948], [30.88856487000004, -18.584852314999978], [30.880554038000128, -18.59036762099987], [30.86969240100001, -18.578101803999914], [30.868943426000158, -18.58498733499988], [30.85929570000019, -18.588325595999947], [30.856526778000045, -18.5860524229999], [30.855734804000065, -18.594306058999962], [30.84592208300006, -18.5954861539999], [30.843963142000064, -18.602576700999975], [30.83733733100013, -18.60474187099993], [30.837957316000143, -18.609606244999895], [30.830333534000147, -18.614862652999875], [30.81086208200003, -18.608444168999938], [30.800311386000146, -18.61888997799997], [30.784832825000137, -18.620265090999965], [30.770849227000042, -18.631049927999925], [30.76648935000003, -18.630118858999936], [30.758073591000084, -18.635759296999936], [30.75436470000011, -18.643524895999974], [30.74766588900013, -18.64208078799993], [30.745998946000157, -18.660149178999973], [30.77229319900016, -18.655940841999893], [30.77429215400008, -18.676904452999906], [30.791514665000193, -18.67298414299995], [30.792757634000054, -18.682235853999885], [30.74347903200004, -18.686068172999967], [30.706651051000108, -18.64332090399995], [30.709052685000074, -18.634717852999927], [30.703912435000177, -18.634330134999914], [30.766240768000046, -18.570732057999976], [30.765018322000174, -18.503440100999967], [30.770887108000068, -18.4130691229999], [30.785763687000042, -18.403453559999946], [30.790532545000076, -18.39014052899995], [30.781527793000066, -18.377765577999924], [30.783301741000116, -18.37372926499995], [30.772739989000172, -18.3610826769999], [30.767016192000085, -18.360233289999883], [30.76388576800008, -18.3488527049999], [30.758541691999994, -18.35035455799988], [30.758217948000038, -18.34370092499995], [30.753743597000152, -18.341301234999833], [30.746347076000177, -18.343169715999977], [30.740341668000156, -18.332537199999877], [30.734204491000128, -18.33207318999996], [30.722856780000086, -18.322941314999866], [30.72336856700008, -18.31512423699985], [30.719693858000028, -18.314298031999954], [30.718132999000147, -18.308411990999957], [30.70915145300006, -18.306348602999947], [30.708886057000143, -18.295393023999907], [30.69916399500005, -18.28745302699997], [30.695686359000092, -18.271764918999963], [30.699022879000097, -18.267111238999973], [30.69534416400012, -18.26667577899991], [30.70115387600009, -18.2581301269999], [30.69696010800004, -18.240904029999967], [30.697904079000068, -18.23655169299991], [30.717484522000063, -18.228282041999933], [30.721835395000028, -18.220379427999944], [30.743633771000134, -18.205192239999974], [30.74886362000001, -18.19875573799993], [30.74936460200007, -18.19063410799987], [30.764579162000075, -18.172262675999946], [30.762647209000136, -18.167610125999886], [30.75741735700018, -18.167919151999968], [30.75735635500007, -18.161336640999878], [30.74655365600006, -18.154321101999926], [30.754760422000174, -18.148457642999915], [30.75366244900016, -18.142008142999885], [30.761713213000178, -18.126015897999878], [30.761405211000067, -18.105477302999873], [30.77518181700009, -18.09403840799996], [30.790221392000035, -18.093111328999896], [30.800129109000068, -18.08666382299998], [30.790413378000096, -18.077178090999894], [30.790667365000047, -18.066723277999927], [30.78327656600004, -18.050992058999952], [30.784262534000106, -18.044237533999933], [30.774657799000067, -18.032357614999853], [30.77231886000004, -18.022180823999975], [30.816553591000115, -17.981194613999946], [30.80851380000007, -17.94694495199991], [30.831079268000053, -17.920997089999958], [30.837447980000093, -17.929709790999937]]]}}, {"type": "Feature", "properties": {"DISTRICT": "Shamva", "NAME": "Shamva", "PROVINCE": "Mashonaland Central", "PCODE": "ZW1207", "AREA_SQKM": 2695.2, "MINING_CADASTRE": "Shamva Cadastre Zone (Mashonaland Central)"}, "geometry": {"type": "Polygon", "coordinates": [[[31.871349440000074, -16.818872886999884], [31.880402187000072, -16.82102505499995], [31.881075170000088, -16.828893677999815], [31.884264079000047, -16.82423330799986], [31.894248801000174, -16.828130613999917], [31.901111607000132, -16.823859272999982], [31.905391488000134, -16.829293702999962], [31.91325126700019, -16.82594043499995], [31.928236848000154, -16.829488711999943], [31.94188746399999, -16.828240608999977], [31.962523887000145, -16.83307098599994], [31.971696631000043, -16.83861742299996], [31.97989240000004, -16.83396105099996], [32.000610820000134, -16.836927279999884], [32.00762562500012, -16.842970756999875], [32.00069482300006, -16.85604279499995], [32.00414673300003, -16.879966689999947], [32.009826577000126, -16.888300347999973], [32.00375375100003, -16.901235373999953], [32.004783723000116, -16.905196687999876], [31.980801401000008, -16.921170958999824], [31.973412609000093, -16.922212043999878], [31.960690964000094, -16.916065560999982], [31.954286144000037, -16.917078642999968], [31.944153434999976, -16.938694356999918], [31.942472488000078, -16.956642776999956], [31.909623415000056, -16.97268805599998], [31.914901269000154, -16.97787646499995], [31.91286933300006, -17.00074927399993], [31.895076833000132, -17.0006062679999], [31.896127807000028, -17.01066506299992], [31.89157093600005, -17.016734543999974], [31.894267862000106, -17.02057784699997], [31.906350523000185, -17.02241298899986], [31.910710404000042, -17.03236077399987], [31.909396443000105, -17.039586344999975], [31.875263412000095, -17.069981755999947], [31.86856660000001, -17.069823745999827], [31.85612995200006, -17.079302497999947], [31.853210036000064, -17.084560913999894], [31.85514398300012, -17.089492302999872], [31.848479176000126, -17.104441484999825], [31.83341160500015, -17.123141965999878], [31.835067561000017, -17.13135061299988], [31.832536634000178, -17.136248999999907], [31.84805020300007, -17.15103016199987], [31.811293241999977, -17.167989510999973], [31.798515604000045, -17.177849291999962], [31.78818389500009, -17.178862374999937], [31.782636053000033, -17.185225878999972], [31.76484255300005, -17.186455980999938], [31.761943638000105, -17.19530467999988], [31.75779175600013, -17.198251913999854], [31.749810980000063, -17.198980973999937], [31.740240248000077, -17.19535269099987], [31.728031593000026, -17.202135228999907], [31.722603719000176, -17.21562049399995], [31.741373230000193, -17.23647092999994], [31.749411012000166, -17.258460659999912], [31.74816905099999, -17.269134500999883], [31.754254883000158, -17.279030277999937], [31.75135396799999, -17.28809499199997], [31.715866978000122, -17.32208267799996], [31.70346233000015, -17.330315329999905], [31.698383475000128, -17.33874899499989], [31.690931687000102, -17.34374638999992], [31.67765606800009, -17.36545910199993], [31.656458668000028, -17.37442481399995], [31.649340872000096, -17.38597272399994], [31.640931109000178, -17.38654477199998], [31.635591261000116, -17.392067206999968], [31.633836314000177, -17.400515871999914], [31.61386288200009, -17.41653713699992], [31.623039630000164, -17.432956423999883], [31.613349902000095, -17.43235937999998], [31.611343961000102, -17.440338006999923], [31.60578011900003, -17.443253237999897], [31.60485714700002, -17.44734255999998], [31.590477554000188, -17.45436011499993], [31.586260671000048, -17.451573897999936], [31.584261731000026, -17.459510521999903], [31.569612143000086, -17.458629457999905], [31.56399730100003, -17.460830632999887], [31.56335232100014, -17.46447591899988], [31.54044596700004, -17.46922129999996], [31.531489219000093, -17.46816721999994], [31.527661328000192, -17.47210252999986], [31.526438366000036, -17.481899299999895], [31.51311274400007, -17.489725917999976], [31.508736872000043, -17.50014073699998], [31.458518289000097, -17.5091404609999], [31.473222853000152, -17.453857117999974], [31.461178189000066, -17.446268526999916], [31.466040046000103, -17.432405435999954], [31.472520861000135, -17.424303797999926], [31.468725962999997, -17.413175924999905], [31.48033163500014, -17.407804498999894], [31.47817669200009, -17.39976386799998], [31.458359251000104, -17.40481127199996], [31.451758428000062, -17.381091409999897], [31.47352981300014, -17.375124932999938], [31.470064904000026, -17.358382617999894], [31.463013855999975, -17.360190529999898], [31.431419251000193, -17.352097482999966], [31.431398397000066, -17.35454970099994], [31.425258070000154, -17.355972859999895], [31.429418047000183, -17.358439637999936], [31.430727014000013, -17.367409342999906], [31.424545190000117, -17.37337181399994], [31.42486718500004, -17.38340160199988], [31.42220526000017, -17.38524974799998], [31.415969435000136, -17.38225551499994], [31.41260353000007, -17.384767713999963], [31.412634528000183, -17.381558460999884], [31.40874163700005, -17.3809884179999], [31.43207895900008, -17.32704216799982], [31.46063915500008, -17.323940912999888], [31.470575855000163, -17.272295844999974], [31.483367556000076, -17.274203152999974], [31.494142568000086, -17.26741737499998], [31.495067167000116, -17.271829798999875], [31.495374132000165, -17.204670508999982], [31.47347708700005, -17.203732182999943], [31.474479899000016, -17.17669823799997], [31.421825439000088, -17.17744356099996], [31.439314590000038, -17.136934718999896], [31.409513864000076, -17.12443242699993], [31.434395801000107, -17.093097728999965], [31.43014091900011, -17.08780631299993], [31.427263000000153, -17.08870038499998], [31.424053087000175, -17.081180791999884], [31.40664657200017, -17.072225090999893], [31.405485602, -17.064986519999877], [31.39918577900005, -17.066508641999974], [31.393364940000083, -17.06080719399995], [31.390336026000114, -17.06327738999994], [31.385720155, -17.0600841399999], [31.381850265000082, -17.064782511999965], [31.374818461000018, -17.061435250999978], [31.365243731000078, -17.06253334099995], [31.354101041000035, -17.056125838999947], [31.34438730800008, -17.043420838999964], [31.345823265000092, -17.036217268999906], [31.351700100000073, -17.03587423999994], [31.37947742200015, -17.00681162999996], [31.370362554000053, -16.98124691399994], [31.403053245000137, -16.840362247999963], [31.498793616000114, -16.851062259999935], [31.50065884700018, -16.848351343999923], [31.522522247000154, -16.883436116999917], [31.527272115000187, -16.88493023299992], [31.53487190600009, -16.898174279999978], [31.551019459000088, -16.913967524999975], [31.567595985000082, -16.890005621999933], [31.613015699000073, -16.856038914999885], [31.593067293000104, -16.90870568699995], [31.620000653000147, -16.92290543199988], [31.643736857000135, -16.91101925999982], [31.66093337400008, -16.909975170999928], [31.661234364999984, -16.907584981999946], [31.667561188000093, -16.910971247999953], [31.66994712000013, -16.90694592899996], [31.672943037000152, -16.909041093999917], [31.68206977900013, -16.905782832999876], [31.681695791000095, -16.910105174999956], [31.68608266900003, -16.911148255999933], [31.692428488000076, -16.904880757999933], [31.68922557600007, -16.898816278999902], [31.70314518600003, -16.898975286999928], [31.70219221000019, -16.893316838999965], [31.707120070000087, -16.886965333999967], [31.71608981900016, -16.888817477999964], [31.72882546000011, -16.883549056999925], [31.730515411000056, -16.880105782999976], [31.73708022800008, -16.883486048999885], [31.742144084000017, -16.878038615999913], [31.75421674500018, -16.87724654899995], [31.751615816000026, -16.870360004999895], [31.755889694000132, -16.864973575999898], [31.750287850000063, -16.86039021499994], [31.757772637000073, -16.851169481999932], [31.768027351000114, -16.856240880999962], [31.770516280000095, -16.85289361499997], [31.77661810800015, -16.852643592999982], [31.775863131000108, -16.8570139389999], [31.780844993000187, -16.8611412649999], [31.789475746000107, -16.84871827799998], [31.795984564000094, -16.850223394999944], [31.795599573000118, -16.844112910999968], [31.801380411000025, -16.84587004799988], [31.804321327000025, -16.840982659999952], [31.808888200000126, -16.843000818999883], [31.82255781100008, -16.826817531999893], [31.83872936000006, -16.834110104999922], [31.83901135100001, -16.830575824999983], [31.858803794000153, -16.82554941999996], [31.85905378500013, -16.82055602399987], [31.87161443400015, -16.824984370999914], [31.871349440000074, -16.818872886999884]]]}}, {"type": "Feature", "properties": {"DISTRICT": "Shurugwi", "NAME": "Shurugwi", "PROVINCE": "Midlands", "PCODE": "ZW1707", "AREA_SQKM": 3464.4, "MINING_CADASTRE": "Shurugwi Cadastre Zone (Midlands)"}, "geometry": {"type": "Polygon", "coordinates": [[[30.44007440200005, -19.50084746499988], [30.43878614300013, -19.5088232789999], [30.444533424000042, -19.51303947399998], [30.44503235400009, -19.518284024999957], [30.433985317000065, -19.522948334999967], [30.43579926700005, -19.525388518999875], [30.42817548700009, -19.529605841999967], [30.429813443000057, -19.534252191999883], [30.426104557000144, -19.54750419699991], [30.435896287000105, -19.56119022599995], [30.43445433500017, -19.571299989999943], [30.438629218000187, -19.57361216299995], [30.432531401000062, -19.589232345999903], [30.44029619700018, -19.61509029499996], [30.437817283000072, -19.640528216999883], [30.440950196000188, -19.643847464999908], [30.443565133000106, -19.661211773999923], [30.443701136000072, -19.671593556999937], [30.438597285000128, -19.67835206899997], [30.443197157000043, -19.68201634299993], [30.446960059000162, -19.696704447999934], [30.456744781999987, -19.69972366999997], [30.45349288900013, -19.721507313999894], [30.46649552600013, -19.73288316299994], [30.46651553100014, -19.74209085699988], [30.478728185000193, -19.745009069999867], [30.475753275999978, -19.7542897699999], [30.48852992000019, -19.767261739999867], [30.47816222500012, -19.78254889599998], [30.47661727800005, -19.79729400599996], [30.479964189000157, -19.806743714999982], [30.47751926400008, -19.81527535799995], [30.467298562000167, -19.825544135999962], [30.471162456000116, -19.8321966339999], [30.46758956000008, -19.835208862999934], [30.456756867000024, -19.831863616999897], [30.455037917000084, -19.834686830999885], [30.459916776000114, -19.84016107599996], [30.45897480600013, -19.845673490999957], [30.453851955000005, -19.849915812999882], [30.45904381600019, -19.863147803999937], [30.448215989000175, -19.86943576999994], [30.454408957000112, -19.87728786899993], [30.451151055000025, -19.884912443999895], [30.45945381900009, -19.886138530999972], [30.454471967000188, -19.89516921199987], [30.45767387500007, -19.89489618999994], [30.46449468500009, -19.902194733999977], [30.46957753900017, -19.900813626999877], [30.470334520000165, -19.904185879999943], [30.45700791200011, -19.92186621499991], [30.45492397800018, -19.932363003999967], [30.450392105000105, -19.92976681199997], [30.44288332600013, -19.939832571999887], [30.430737671000145, -19.937490402999913], [30.425417826000057, -19.943342844999904], [30.426313807000042, -19.952073499999926], [30.422747914000126, -19.96118918499991], [30.433310614000106, -19.962152250999964], [30.42794061700016, -19.984961455999894], [30.43139001300011, -19.98610443399997], [30.431003989000146, -19.990106283999978], [30.354811875999985, -19.997408940999946], [30.334174462000078, -19.99281360899988], [30.322097811000162, -19.99955112099991], [30.24051914400019, -20.008054807999883], [30.223801624000032, -20.012546154999825], [30.21981674, -20.016817476999904], [30.145150888000103, -20.024083908999955], [30.14663983400004, -20.015991621999888], [30.139049046000082, -20.010368204999907], [30.14248794500014, -20.005895867999982], [30.13909503200017, -19.992176841999935], [30.144381878000104, -19.986967448999962], [30.138008051000043, -19.974553521999894], [30.144221867000113, -19.96473978199998], [30.143340887000193, -19.958595321999894], [30.04744760500006, -19.93483760099997], [30.033333010000092, -19.939403952999953], [29.98586838800003, -19.973544543999935], [29.97713165700003, -20.000592576999964], [29.938443766000034, -20.007732137999938], [29.901890857000183, -20.071814960999916], [29.87314566200007, -20.061316033999958], [29.87559855000012, -20.00569886699992], [29.80944343200008, -20.000087490999874], [29.800425691000157, -20.003238733999865], [29.80141262500007, -19.95408804699997], [29.798161717000028, -19.952601937999873], [29.797665732000098, -19.944947525999964], [29.786802024999986, -19.92343491899993], [29.84803425900003, -19.89573979799991], [29.84124545300017, -19.896006822999937], [29.84395237100017, -19.889876359999903], [29.83704256600015, -19.887478184999907], [29.83621457600003, -19.86985286099997], [29.840698447000022, -19.86808072499997], [29.835167602000126, -19.864296444999866], [29.843864342000074, -19.84804321699994], [29.84045643600018, -19.8432358579999], [29.841801394000072, -19.83873251899996], [29.83771950800002, -19.835936310999898], [29.845375272000013, -19.812454539999976], [29.845833246000097, -19.79495222299994], [29.842010354000138, -19.79327909899996], [29.85383200300015, -19.774201655999946], [29.851768055000036, -19.764811949999853], [29.855239954000183, -19.762629782999966], [29.854115981000177, -19.7561262939999], [29.85952582200008, -19.74952079299993], [29.85173004100011, -19.745831520999957], [29.847002169000064, -19.737099865999937], [29.83729044500018, -19.73624280799993], [29.833143552000138, -19.721700714999827], [29.81352111000018, -19.720340625999825], [29.819002943000157, -19.70531448899993], [29.808106243000054, -19.692258511999967], [29.82151085700019, -19.68589302299995], [29.816856979000022, -19.672344003999967], [29.83240551000017, -19.63671230499989], [29.82855660000007, -19.61073734599995], [29.85595277599998, -19.550348763999978], [29.937928443000146, -19.547477492999917], [29.953710979000164, -19.526363885999956], [29.9941348160001, -19.506664368999964], [30.017817148000063, -19.514353935999907], [30.033645678000028, -19.485764761999917], [30.043373381000094, -19.45795064999993], [30.080283336000036, -19.46371406299994], [30.105770624000172, -19.481546397999978], [30.144387527000106, -19.483088489999943], [30.15777214100018, -19.474688845999935], [30.246375641000043, -19.50417502499988], [30.290595374000134, -19.471999009999934], [30.318190717000164, -19.503448549999916], [30.338093573000094, -19.49849659199998], [30.37312101900011, -19.476954888999956], [30.40810700800006, -19.45117691699994], [30.444112961000144, -19.415330179999955], [30.453766393000024, -19.424408648999872], [30.45053983000014, -19.44503635799998], [30.443776278000087, -19.450178644999937], [30.44158337600004, -19.47881618799994], [30.436465972000065, -19.490045735999956], [30.44007440200005, -19.50084746499988]], [[29.92768528800019, -19.682609081999942], [29.92772358500008, -19.691519463999896], [29.95209309100005, -19.692758905999938], [29.952234583000063, -19.72149921999994], [29.964504505000093, -19.722234533999938], [29.96669258300011, -19.733453967999935], [29.976316443000087, -19.73833578599988], [29.975273105000042, -19.7821918919999], [29.994133508000118, -19.784104424999953], [30.001244853000117, -19.773667691999833], [30.008120365000025, -19.770503786999882], [30.010147347000043, -19.772931752999966], [30.001838153000165, -19.785499278999907], [30.01446210800009, -19.78505219899995], [30.03530380100017, -19.726659955999878], [30.03973267400005, -19.72444678599993], [30.046798463000187, -19.711149779999914], [30.052465300000165, -19.708509576999973], [30.057226379000042, -19.694611310999846], [30.048097190000078, -19.701617098999975], [30.034395404000065, -19.693954292999933], [30.02999203400003, -19.683594251999978], [30.016038193000043, -19.68089873199989], [30.03099485200005, -19.671977726999955], [30.03157054899998, -19.648684066999976], [30.039487294000025, -19.6485503049999], [30.039372463000177, -19.64245570399993], [30.031226241000127, -19.64353123299992], [30.03173018400014, -19.601315178999982], [29.99837708300015, -19.607032970999967], [29.999961206000023, -19.61239983799993], [29.966397409000024, -19.644066985999928], [29.969753288000163, -19.651592495999978], [29.96207087900018, -19.656453373999852], [29.947580926000057, -19.680875708999963], [29.92768528800019, -19.682609081999942]]]}}, {"type": "Feature", "properties": {"DISTRICT": "Shurugwi Town", "NAME": "Shurugwi Town", "PROVINCE": "Midlands", "PCODE": "ZW1728", "AREA_SQKM": 133.7, "MINING_CADASTRE": "Shurugwi Town Cadastre Zone (Midlands)"}, "geometry": {"type": "Polygon", "coordinates": [[[30.03173018400014, -19.601315178999982], [30.031226241000127, -19.64353123299992], [30.039372463000177, -19.64245570399993], [30.039487294000025, -19.6485503049999], [30.03157054899998, -19.648684066999976], [30.03099485200005, -19.671977726999955], [30.016038193000043, -19.68089873199989], [30.02999203400003, -19.683594251999978], [30.034395404000065, -19.693954292999933], [30.048097190000078, -19.701617098999975], [30.057226379000042, -19.694611310999846], [30.055734201000178, -19.70047896999995], [30.052465300000165, -19.708509576999973], [30.046798463000187, -19.711149779999914], [30.03973267400005, -19.72444678599993], [30.03530380100017, -19.726659955999878], [30.01446210800009, -19.78505219899995], [30.001838153000165, -19.785499278999907], [30.010147347000043, -19.772931752999966], [30.008120365000025, -19.770503786999882], [30.001244853000117, -19.773667691999833], [29.994133508000118, -19.784104424999953], [29.975273105000042, -19.7821918919999], [29.976316443000087, -19.73833578599988], [29.96669258300011, -19.733453967999935], [29.964504505000093, -19.722234533999938], [29.952234583000063, -19.72149921999994], [29.95209309100005, -19.692758905999938], [29.92772358500008, -19.691519463999896], [29.92768528800019, -19.682609081999942], [29.947580926000057, -19.680875708999963], [29.96207087900018, -19.656453373999852], [29.969753288000163, -19.651592495999978], [29.966397409000024, -19.644066985999928], [29.999961206000023, -19.61239983799993], [29.99837708300015, -19.607032970999967], [30.03173018400014, -19.601315178999982]]]}}, {"type": "Feature", "properties": {"DISTRICT": "Tsholotsho", "NAME": "Tsholotsho", "PROVINCE": "Matabeleland North", "PCODE": "ZW1506", "AREA_SQKM": 7745.4, "MINING_CADASTRE": "Tsholotsho Cadastre Zone (Matabeleland North)"}, "geometry": {"type": "Polygon", "coordinates": [[[27.703009868000095, -19.0932865019999], [27.703336010000044, -19.098490581999897], [27.69877051600014, -19.097784997999952], [27.69621718400009, -19.105458066999972], [27.694092769000065, -19.106622826999967], [27.69224303500016, -19.100701498999967], [27.68615429600004, -19.09942295099995], [27.683284299000036, -19.10420518199993], [27.696419511000045, -19.117458460999956], [27.696304955000187, -19.126423605999946], [27.704077929000107, -19.13005068399997], [27.704777789000104, -19.1515921539999], [27.69660340500019, -19.16131096099997], [27.702241749000052, -19.163458359999936], [27.699230011000054, -19.17084400999994], [27.703220214000055, -19.178925871999922], [27.70605516400019, -19.201471152999886], [27.713419091000105, -19.20638321499996], [27.71408960800005, -19.220695037999917], [27.72308166900001, -19.223551561999955], [27.724798309000107, -19.233232289999876], [27.732439313000157, -19.24014217299998], [27.73461143500009, -19.24938717899994], [27.741623913000183, -19.25167231099988], [27.741038401000026, -19.256879884999933], [27.738466737000067, -19.260505008999928], [27.722303796000062, -19.254496812999946], [27.710286758000166, -19.25656812699998], [27.70767410000019, -19.250794663999955], [27.697798639000098, -19.25531488799993], [27.701380997000058, -19.274387032999925], [27.69526624000008, -19.28594262899992], [27.688617184000123, -19.284040774999937], [27.686434203000033, -19.291406783999946], [27.689041827000153, -19.297353265999902], [27.682783134000033, -19.300705302999972], [27.684873767000056, -19.3154130289999], [27.68248755400009, -19.318400118999875], [27.674903267000047, -19.31369833399998], [27.66924659000017, -19.318560998999942], [27.671127542000193, -19.323101342999962], [27.676248394000083, -19.31993609699998], [27.677789356000176, -19.32480046499984], [27.674803444000077, -19.328531751999947], [27.668997607999984, -19.327722695999967], [27.667036671000005, -19.334452209999938], [27.675062442000183, -19.333558133999873], [27.677799372000152, -19.340203636999945], [27.67225153100003, -19.341828765999935], [27.661144837000165, -19.33405018499991], [27.6588429090001, -19.340212655999892], [27.670635589000085, -19.35269359299997], [27.66602772500005, -19.35796599799994], [27.656887982000114, -19.356752914999845], [27.65492504200006, -19.360078169999895], [27.65800396000003, -19.364770522999947], [27.66492176500003, -19.365498571999865], [27.662021855000035, -19.37303914799992], [27.66432979500007, -19.377416477999873], [27.675604474000068, -19.37570733699988], [27.68193030400016, -19.384216976999937], [27.68680216700011, -19.38543206399993], [27.69370396400018, -19.377643465999938], [27.69976779100017, -19.37642436699997], [27.70284770800015, -19.38088070299989], [27.69397297200004, -19.392400586999884], [27.69918582700012, -19.39417971599994], [27.70644361800015, -19.391175480999948], [27.72789502100005, -19.40072618499994], [27.727984024000023, -19.40551054799994], [27.717475320000062, -19.404140454999947], [27.714925406000077, -19.41711344199996], [27.7157833870001, -19.42140876699989], [27.727237068000193, -19.42642813699996], [27.726556089999974, -19.42925835199992], [27.717927334000137, -19.429022342999872], [27.715708401000143, -19.43210257899989], [27.715461417000142, -19.440860243999964], [27.724618174000057, -19.454878297999926], [27.721299284000054, -19.470122456999945], [27.7317299930001, -19.473599710999963], [27.73943378700011, -19.484943562999945], [27.749403507000068, -19.48736873699994], [27.756077328000117, -19.496497421999948], [27.769995932000143, -19.494525258999943], [27.779700671000114, -19.507471230999954], [27.759155275000126, -19.52709173699992], [27.759811271000046, -19.540709767999942], [27.77205594000003, -19.55525385699997], [27.782864636000113, -19.557170990999964], [27.78058571400004, -19.569302911999955], [27.784022627000127, -19.579072647999965], [27.774714913000025, -19.599138174999894], [27.777730834000067, -19.60439656899996], [27.792506424000123, -19.612641177999933], [27.779761797000162, -19.622937968999906], [27.77212905900012, -19.66456912299998], [27.76195736700015, -19.681843436999827], [27.778283919000103, -19.695824475999927], [27.77713196400009, -19.70672830099994], [27.787768668000183, -19.71176166999993], [27.785151751000114, -19.720038296999917], [27.792489554000156, -19.729490002999853], [27.798113396000076, -19.730736090999926], [27.800788325000156, -19.735746465999966], [27.807461133000174, -19.732975250999914], [27.814273953000054, -19.745378178999943], [27.828022570000144, -19.751237607999883], [27.82631563700005, -19.768540913999914], [27.84043524200007, -19.773238253999978], [27.841390226000044, -19.78363603599996], [27.84863401800004, -19.781537870999955], [27.85394087200001, -19.786045205999983], [27.855677826000033, -19.788492387999952], [27.852158933000112, -19.795094888999927], [27.858058767000102, -19.796375979999937], [27.857691787000135, -19.80542966199988], [27.869681443000047, -19.80216540399988], [27.87864419500005, -19.80794583099987], [27.887216950000152, -19.806480711999882], [27.902088532000107, -19.809678937999934], [27.907070418000046, -19.835279860999947], [27.913961228000176, -19.839871199999948], [27.908515394000062, -19.850088973999902], [27.921285045000104, -19.863281953999945], [27.92370900000003, -19.88423552799992], [27.931754780000176, -19.892285124999887], [27.945900379000193, -19.8929581619999], [27.95221020500003, -19.89778251799993], [27.954831145000185, -19.911174521999897], [27.959139029000085, -19.91732997999992], [27.95827706400013, -19.92638366199992], [27.968730779000055, -19.937439481999945], [27.96786681500015, -19.94782926299996], [27.975192606999997, -19.9479212629999], [27.98199842000014, -19.954554753999957], [27.993732086000023, -19.953879691999873], [27.992368137000028, -19.96474250899996], [28.004250810000087, -19.97486225699987], [28.008253691999982, -19.97129498499993], [28.023478265000165, -19.976027325999894], [28.025145222000162, -19.980683672999874], [28.035005943000044, -19.981585731999928], [28.08637654800009, -20.04187220299997], [28.103880059000176, -20.05014280599994], [28.12787739600003, -20.068455154999924], [28.134666609000192, -20.08617094699997], [28.09194140300019, -20.097351595999953], [28.033440982000172, -20.10262380299997], [27.992643847000124, -20.12250622499988], [27.94419305000008, -20.05888225299998], [27.8971677400001, -20.184150616999943], [27.89027327700012, -20.18820318799993], [27.880124561000116, -20.183611854999924], [27.86832990000005, -20.18659708999985], [27.86107009500006, -20.176997378999943], [27.857082213000126, -20.18026462699993], [27.8486174520001, -20.17859151099998], [27.83722676700006, -20.171073959999944], [27.830364967000037, -20.175244278999912], [27.818684299000097, -20.174889263999944], [27.812510471000166, -20.17141401099991], [27.80507165900019, -20.151377519999983], [27.780136361000075, -20.144331017999946], [27.766641729000128, -20.130408989999978], [27.758819956000025, -20.134504303999904], [27.7522041200001, -20.113422732999823], [27.74601629100016, -20.109727462999956], [27.740744429000017, -20.09878664899992], [27.731736683000122, -20.097040526999876], [27.726163829000143, -20.08665075499988], [27.709434291000093, -20.074637871999983], [27.69948657000009, -20.071205624999948], [27.68909485400019, -20.06168792199992], [27.68281102000003, -20.05063710099995], [27.661691611000094, -20.042322498999965], [27.65212787100012, -20.03203773799987], [27.644279074000053, -20.014980465999884], [27.60987603200016, -19.998063231999936], [27.590283567000085, -19.979508859999953], [27.575856947000148, -19.95413196899989], [27.5730270090001, -19.938411790999965], [27.566065193000156, -19.92677892399996], [27.564354206000075, -19.896363638999958], [27.55853836400007, -19.889903158999914], [27.548559645000182, -19.888135036999813], [27.54085385600007, -19.8818705729999], [27.538540908000186, -19.870192696999936], [27.517083498999966, -19.854745556999944], [27.503161896000165, -19.856010666999964], [27.461076077000087, -19.845480917999964], [27.44797845000005, -19.845984969999904], [27.423168125000075, -19.82228621099989], [27.385036179000167, -19.799148507999917], [27.37010560900012, -19.803992888999915], [27.362840813000105, -19.802575789999935], [27.356637982000166, -19.797172388999968], [27.33830750600015, -19.80051065999993], [27.30582241800016, -19.793016129999955], [27.297334662000026, -19.795596333999924], [27.28945389600011, -19.80487304199994], [27.271361418000026, -19.812193612999977], [27.265162607000093, -19.8229464289999], [27.22047686000019, -19.811659626999926], [27.194296609000162, -19.816745038999898], [27.1835989060001, -19.812342718999957], [27.181271964000132, -19.805680219999942], [27.176450098000146, -19.803671072999975], [27.159412582000186, -19.804489153999953], [27.1364009080001, -19.795750363999957], [27.10808103800008, -19.805441281999947], [27.075336970000137, -19.808279531999972], [27.06469827900014, -19.81427499599988], [27.049084714000116, -19.808485576999942], [26.99586623300013, -19.817499314999964], [26.982188617000133, -19.814367094999966], [26.975682794000193, -19.808098628999915], [26.95316143400015, -19.810202812999933], [26.947100611000053, -19.813867095999967], [26.92474424000011, -19.810835892999933], [26.90439382000011, -19.81320309499995], [26.884083403000147, -19.819375582999953], [26.861094055000137, -19.820033658999932], [26.840209662000063, -19.8316585579999], [26.805727651000097, -19.84157134499992], [26.78149135600006, -19.85546041899994], [26.749863259000165, -19.861350898999945], [26.73342075400012, -19.883303570999885], [26.70302162400003, -19.890064114999973], [26.698032775000172, -19.8874740899999], [26.718675150000024, -19.856743752999876], [26.74350432900013, -19.766454918999898], [26.75832789100008, -19.752459845999965], [26.785571016000063, -19.67151070199992], [26.806173373000036, -19.624814147999928], [26.808661279000034, -19.606127730999958], [26.848191031000113, -19.503376903999936], [26.86377352700015, -19.452636036999934], [26.87212628400016, -19.44719561499994], [26.86890236000005, -19.43487868299991], [26.872440248000032, -19.425648977999913], [26.88367491600019, -19.413618051999947], [26.887132796000117, -19.39550467199996], [26.89503055500012, -19.381716615999892], [26.928898547000188, -19.340339431999894], [26.93445639100014, -19.34061044699996], [26.93909225500005, -19.33665814099993], [26.959748672000046, -19.33721115999998], [26.96531051100004, -19.333874899999955], [26.977351173000102, -19.33635107599997], [26.993288718000144, -19.332320751999873], [26.991255770000123, -19.327481385999874], [27.008863278000035, -19.332625757999892], [27.061021792000133, -19.322463927999934], [27.06551767000019, -19.326121200999978], [27.067670604000114, -19.32240691599992], [27.088337023000065, -19.324961087999895], [27.112134342000047, -19.31723947499995], [27.12653393800008, -19.319599638999932], [27.134553705000087, -19.31471225899992], [27.18005642200012, -19.317327408999972], [27.204496739000035, -19.323396844999877], [27.211666531000105, -19.319313526999963], [27.225877128000036, -19.317703388999973], [27.23461287600003, -19.313369049999892], [27.231285964000108, -19.30891371499996], [27.23362887999997, -19.293382529999917], [27.24281060600015, -19.281185591999872], [27.267665883000063, -19.263521220999905], [27.278848566000136, -19.262662143999876], [27.28007451700006, -19.250595222999948], [27.29995893800009, -19.235480050999968], [27.306240758000115, -19.23343188799987], [27.309143679000044, -19.236411111999928], [27.32383025300004, -19.2269273739999], [27.349494529000026, -19.228045432999977], [27.357030313000053, -19.224795176999976], [27.35838226500016, -19.216306528999894], [27.374891808000086, -19.224978172999954], [27.39063136800013, -19.228750443999957], [27.398413146000053, -19.2274093339999], [27.418355567000106, -19.213479251999956], [27.44023394600015, -19.21149007799994], [27.45371457100009, -19.216937478999967], [27.453526560000057, -19.20235836799992], [27.459919374000037, -19.197314976999905], [27.459511377000126, -19.190040422999914], [27.455593483000143, -19.185393072999886], [27.456545441000173, -19.172602095999935], [27.452593539000077, -19.16018815299998], [27.44387877500003, -19.150896452999973], [27.442848797000067, -19.145044006999967], [27.44756764800013, -19.131044933999874], [27.446528668000155, -19.122682296999926], [27.46653607500008, -19.0981214009999], [27.708710787000086, -19.091983196999877], [27.703009868000095, -19.0932865019999]]]}}, {"type": "Feature", "properties": {"DISTRICT": "Umguza", "NAME": "Umguza", "PROVINCE": "Matabeleland North", "PCODE": "ZW1507", "AREA_SQKM": 6042.7, "MINING_CADASTRE": "Umguza Cadastre Zone (Matabeleland North)"}, "geometry": {"type": "Polygon", "coordinates": [[[28.071934234000082, -19.357936604999907], [28.401645104000124, -19.508692737999922], [28.536194305000038, -19.590726829999937], [28.492937596000104, -19.65485671399989], [28.49314160100016, -19.666574597999897], [28.500103415000126, -19.678487490999885], [28.537306395000087, -19.71515622499993], [28.5349161420001, -19.715221584999938], [28.551330221000057, -19.723026585999946], [28.526486844000033, -19.803957693999962], [28.549739905000138, -19.832614701999944], [28.567327501000136, -19.8337100629999], [28.56835164200004, -19.847620174999918], [28.574159479000173, -19.850096355999938], [28.57850635400007, -19.847906187999968], [28.58925805500013, -19.85553675199992], [28.585073178000187, -19.859491052999886], [28.592835967000042, -19.869096768999952], [28.598214814000016, -19.868814742999973], [28.59880980100013, -19.873053060999894], [28.594626921999975, -19.87474519199992], [28.59701486000006, -19.881524698999897], [28.600003772000093, -19.87813644199997], [28.60956250200013, -19.88039860399988], [28.611056464000114, -19.88463492099993], [28.60657260000005, -19.89282654099992], [28.61194945200009, -19.898475959999928], [28.617625290000035, -19.897346870999968], [28.617924285000186, -19.901583188999894], [28.621510183000055, -19.901021142999923], [28.611647469000104, -19.90723161799997], [28.61254444700006, -19.910903893999887], [28.621209200000123, -19.909775800999967], [28.626288066000086, -19.920509602999914], [28.62359714600018, -19.9244639019999], [28.626586063000104, -19.926722068999936], [28.63495282200006, -19.92305178599986], [28.642728602000034, -19.92458989499994], [28.63623279700016, -19.934794666999892], [28.647033501000124, -19.94695657099993], [28.650014415000044, -19.945724475999953], [28.655784268000048, -19.963345792999917], [28.671812805000116, -19.95559819799996], [28.70292696100006, -19.998770409999963], [28.717653537000103, -19.994013039999913], [28.728462218000118, -19.98185611899993], [28.75454646600008, -19.972030359999962], [28.776809858000092, -19.999460397999883], [28.780538105000062, -19.99964518199988], [28.788034654000114, -19.972573787999977], [28.81466528599998, -19.96782670999994], [28.8212749920001, -19.927196456999866], [28.871593881000024, -19.915566807999937], [28.870543350000048, -19.910354220999977], [28.95247942200018, -19.90222622499988], [28.983322058, -19.956796937999968], [28.961836566000102, -19.972818245999974], [28.89562051300004, -20.039868325999976], [28.81600678500007, -20.04466275199991], [28.860191556000075, -20.07599806199994], [28.793309534000116, -20.13094621299996], [28.791705551000007, -20.121936556999913], [28.778674926000008, -20.125491833999945], [28.773320086000183, -20.13336842699988], [28.77671699000001, -20.134652519999918], [28.774489058000086, -20.138813832999972], [28.770783162000043, -20.137001700999974], [28.767830249000042, -20.14036895499993], [28.78121787000009, -20.142877130999977], [28.752798633000168, -20.21487542899996], [28.742420051000124, -20.22077298299996], [28.713876895999988, -20.25273539299991], [28.722425664000184, -20.26528432099991], [28.669050219000155, -20.29826482599998], [28.605319598000108, -20.22744280799992], [28.608349433000058, -20.230731891999937], [28.627040049000186, -20.232057019999957], [28.63801507300019, -20.229884349999963], [28.640910312000017, -20.22642094799994], [28.65055446500014, -20.22660487099995], [28.662493518000076, -20.23640338299998], [28.66507005699998, -20.23330754799997], [28.66315308100019, -20.22187338699996], [28.67233897600005, -20.219861841999887], [28.67358620900012, -20.215218573999948], [28.68456732400017, -20.220809061999944], [28.69317000300009, -20.202053002999946], [28.69678314600003, -20.202476506999915], [28.69649612700016, -20.19098995199994], [28.675629749999985, -20.181977942999936], [28.676954253000076, -20.176339476999942], [28.670326512000145, -20.17234014899998], [28.67517563900003, -20.168228305999946], [28.664464649000024, -20.166353312999888], [28.651256268000054, -20.15295051699991], [28.6765418870001, -20.11433427399993], [28.651199973000075, -20.113270635999925], [28.65747975200003, -20.100104904999966], [28.656631151000056, -20.089304324999887], [28.660446643000057, -20.088980277999894], [28.667915226000105, -20.06760616799994], [28.643576014000132, -20.06865166999995], [28.661784572000045, -20.02796455899994], [28.66799239000011, -20.024039309999978], [28.671169237000186, -20.016309117999867], [28.64359755200013, -20.004159333999894], [28.607239842000183, -19.96147483799996], [28.573762010000053, -20.028093939999906], [28.55415947400013, -20.044337305999875], [28.553712887000074, -20.056503774999953], [28.54693143000003, -20.04932215599996], [28.54770115900004, -20.044434727999942], [28.530764834000138, -20.03047142299988], [28.51264661500005, -20.042969947999893], [28.513024179000183, -20.059239342999945], [28.46870236000018, -20.070582100999957], [28.44583766700009, -20.040628305999974], [28.408708132000072, -20.018030029999977], [28.415139616000033, -20.11845049799996], [28.404116012000088, -20.118744735999883], [28.39667326200015, -20.13458913799991], [28.41537510900008, -20.132490813999937], [28.42813947600007, -20.153620942999964], [28.387414620000015, -20.153894543999968], [28.39775564399997, -20.170218006999903], [28.44254678900012, -20.177742346999935], [28.436913151000113, -20.167127178999976], [28.43781478799997, -20.162525289999962], [28.432514479000133, -20.161393819999944], [28.43149702200003, -20.15773621799991], [28.491440223000097, -20.17073930499987], [28.480981730999986, -20.19079524999995], [28.49994182100005, -20.18929207799988], [28.513109996000082, -20.200937734999968], [28.49656915300011, -20.235452042999952], [28.48105350700007, -20.236655242999916], [28.458771171000137, -20.265376405999916], [28.42969602800008, -20.293147503999876], [28.413104503000113, -20.295331681999983], [28.389597167000034, -20.28968128199989], [28.380379435000123, -20.29446964799996], [28.36609386400005, -20.31492718599992], [28.343429559000185, -20.3619397089999], [28.331586889000164, -20.354618174999928], [28.314414358000136, -20.272569058999977], [28.306613643000105, -20.28236405699994], [28.29067468900007, -20.253992769999854], [28.276211536000062, -20.247739141999944], [28.27102719500016, -20.237112673999945], [28.25104528100013, -20.226367852999886], [28.249726003000035, -20.21461276499997], [28.23710468300004, -20.204501718999893], [28.235270585000023, -20.194030950999945], [28.222403701000133, -20.187642567999944], [28.19920543900008, -20.145715709999934], [28.190068693000114, -20.139911284999982], [28.191070645000025, -20.12254198399995], [28.166186343999982, -20.113290314999972], [28.161329484000134, -20.11487743899994], [28.154553672000134, -20.11035910699991], [28.14886583500015, -20.111537200999976], [28.14101504600012, -20.10059238899987], [28.12787739600003, -20.068455154999924], [28.103880059000176, -20.05014280599994], [28.08637654800009, -20.04187220299997], [28.035005943000044, -19.981585731999928], [28.025145222000162, -19.980683672999874], [28.023478265000165, -19.976027325999894], [28.008253691999982, -19.97129498499993], [28.004250810000087, -19.97486225699987], [27.992368137000028, -19.96474250899996], [27.993732086000023, -19.953879691999873], [27.98199842000014, -19.954554753999957], [27.975192606999997, -19.9479212629999], [27.96786681500015, -19.94782926299996], [27.968730779000055, -19.937439481999945], [27.95827706400013, -19.92638366199992], [27.959139029000085, -19.91732997999992], [27.954831145000185, -19.911174521999897], [27.95221020500003, -19.89778251799993], [27.945900379000193, -19.8929581619999], [27.931754780000176, -19.892285124999887], [27.92370900000003, -19.88423552799992], [27.921285045000104, -19.863281953999945], [27.908515394000062, -19.850088973999902], [27.913961228000176, -19.839871199999948], [27.907070418000046, -19.835279860999947], [27.902088532000107, -19.809678937999934], [27.887216950000152, -19.806480711999882], [27.87864419500005, -19.80794583099987], [27.869681443000047, -19.80216540399988], [27.857691787000135, -19.80542966199988], [27.858058767000102, -19.796375979999937], [27.852158933000112, -19.795094888999927], [27.855677826000033, -19.788492387999952], [27.85394087200001, -19.786045205999983], [27.84863401800004, -19.781537870999955], [27.841390226000044, -19.78363603599996], [27.84043524200007, -19.773238253999978], [27.82631563700005, -19.768540913999914], [27.827505584000164, -19.75057955899996], [27.818164846000002, -19.74866842399996], [27.807461133000174, -19.732975250999914], [27.800440335000133, -19.735580453999887], [27.786097727000026, -19.72217345699994], [27.787768668000183, -19.71176166999993], [27.777390957000136, -19.70714033099989], [27.778283919000103, -19.695824475999927], [27.761699373000113, -19.681104381999944], [27.77212905900012, -19.66456912299998], [27.779761797000162, -19.622937968999906], [27.792506424000123, -19.612641177999933], [27.777730834000067, -19.60439656899996], [27.774714913000025, -19.599138174999894], [27.784022627000127, -19.579072647999965], [27.78058571400004, -19.569302911999955], [27.782864636000113, -19.557170990999964], [27.77205594000003, -19.55525385699997], [27.759811271000046, -19.540709767999942], [27.759155275000126, -19.52709173699992], [27.77961267400019, -19.50812727999994], [27.77306085100014, -19.50007067599995], [27.780234650000125, -19.501567782999928], [27.78972337099998, -19.49303712699998], [27.79543221099999, -19.494279214999835], [27.80871782800017, -19.488386755999898], [27.81640261600006, -19.493491134999886], [27.939866026000175, -19.407369483999958], [28.066340506000188, -19.46673686799994], [28.071934234000082, -19.357936604999907]]]}}, {"type": "Feature", "properties": {"DISTRICT": "Umzingwane", "NAME": "Umzingwane", "PROVINCE": "Matabeleland South", "PCODE": "ZW1607", "AREA_SQKM": 2780.2, "MINING_CADASTRE": "Umzingwane Cadastre Zone (Matabeleland South)"}, "geometry": {"type": "Polygon", "coordinates": [[[28.983322058, -19.956796937999968], [29.01474105200009, -19.974409159999936], [29.01992293400008, -20.00630254799995], [29.040167354000175, -20.003015284999947], [29.05659697499999, -20.10103361399996], [29.08923605100017, -20.10814111899998], [29.088704103000055, -20.148473135999893], [29.157960167000113, -20.191214273999947], [29.210170678000054, -20.19144924999995], [29.193832174000192, -20.2248877589999], [29.187101402000167, -20.26618084499995], [29.199535066000067, -20.28714939799994], [29.193636264000133, -20.320135859999937], [29.231707065000023, -20.378031517999943], [29.17698934800012, -20.405686083999967], [29.121752305000086, -20.41099398699987], [29.122377045999997, -20.424024251999924], [29.129965339000023, -20.424352141999975], [29.12794925899999, -20.439938070999915], [29.134800067000185, -20.45597000999993], [29.128176260000032, -20.46018732799996], [29.127937277000058, -20.471081136999942], [29.12363840500018, -20.476702557999886], [29.127464301000032, -20.482881013999872], [29.12487438000005, -20.488680445999933], [29.129845261000014, -20.51361329199989], [29.126995353000154, -20.525027140999896], [29.13668608400019, -20.533168736999926], [29.15296663900017, -20.555711393999957], [29.158744474999992, -20.55736251199994], [29.133720218999997, -20.588090808999937], [29.04811168200007, -20.604940126999963], [28.976236743000072, -20.61110464299992], [28.956987280000135, -20.597172627999953], [28.92320134400012, -20.699200202999975], [28.825387101000103, -20.659044318999975], [28.81513039500004, -20.65929334699996], [28.784403726000107, -20.62261752699993], [28.7376685590001, -20.60832764299994], [28.739311506000035, -20.602298194999946], [28.724527904000013, -20.578624454999954], [28.699698582000167, -20.54707213799992], [28.692225791000112, -20.542511806999983], [28.68053609800006, -20.515196790999937], [28.679250115000173, -20.495831355999883], [28.657897702000128, -20.47306568399989], [28.733964351000168, -20.481471386999942], [28.735608875000025, -20.505317115999958], [28.772848993000025, -20.488341154999944], [28.782162141000185, -20.459497567999904], [28.766026586000123, -20.443511393999927], [28.78523298000016, -20.384709005999923], [28.77076635500015, -20.345601107999926], [28.71782187900004, -20.35976220799995], [28.71334497900017, -20.331282090999935], [28.678090964999967, -20.31172066499994], [28.669050219000155, -20.29826482599998], [28.722425664000184, -20.26528432099991], [28.713876895999988, -20.25273539299991], [28.742420051000124, -20.22077298299996], [28.752798633000168, -20.21487542899996], [28.78121787000009, -20.142877130999977], [28.767830249000042, -20.14036895499993], [28.770783162000043, -20.137001700999974], [28.774489058000086, -20.138813832999972], [28.77671699000001, -20.134652519999918], [28.773320086000183, -20.13336842699988], [28.778674926000008, -20.125491833999945], [28.791705551000007, -20.121936556999913], [28.793309534000116, -20.13094621299996], [28.860191556000075, -20.07599806199994], [28.81600678500007, -20.04466275199991], [28.89562051300004, -20.039868325999976], [28.961836566000102, -19.972818245999974], [28.983322058, -19.956796937999968]]]}}, {"type": "Feature", "properties": {"DISTRICT": "Uzumba Maramba Pfungwe", "NAME": "Uzumba Maramba Pfungwe", "PROVINCE": "Mashonaland East", "PCODE": "ZW1309", "AREA_SQKM": 2673.1, "MINING_CADASTRE": "Uzumba Maramba Pfungwe Cadastre Zone (Mashonaland East)"}, "geometry": {"type": "Polygon", "coordinates": [[[32.462145836000104, -16.696967059999963], [32.471144585000104, -16.70229648099985], [32.48194728100003, -16.698891207999907], [32.487284133, -16.70384359999997], [32.50297769300016, -16.702284472999906], [32.51562633900011, -16.70773790399994], [32.527467009000134, -16.71901579699994], [32.54790543700011, -16.72379917199987], [32.5498963820001, -16.72814651699997], [32.53929968200015, -16.739830445999928], [32.52214917100014, -16.77558028699997], [32.49078605600016, -16.793716731999893], [32.45252513700018, -16.825625269999932], [32.413773228000025, -16.839657390999832], [32.40373351100004, -16.8463739259999], [32.396427716000176, -16.845770879999918], [32.38886793300003, -16.86566745799996], [32.38322609200014, -16.870003802999975], [32.37534831300019, -16.869980802999976], [32.37086644100003, -16.878022440999928], [32.35830479600014, -16.887177168999926], [32.358953780000036, -16.89360367699993], [32.34418719399997, -16.895455827999967], [32.34216925300012, -16.90116827999998], [32.33466646300013, -16.902040350999926], [32.33114556600009, -16.91515038999995], [32.321104852000076, -16.930692622999914], [32.30067442700016, -16.936196062999898], [32.29599756000016, -16.945824825999978], [32.260052572000006, -16.95624565999998], [32.25426573800013, -16.968392621999953], [32.2391641640001, -16.973625039999888], [32.23805419600012, -16.977811370999973], [32.22376059900006, -16.985445977999973], [32.22213164700008, -16.990897409999945], [32.188456602000144, -17.0251371249999], [32.17251505200005, -17.03400882999989], [32.15116165400002, -17.040627358999927], [32.091867319000016, -17.040766385999973], [32.090013377000105, -17.060076911999943], [32.08447053700013, -17.07533111799995], [32.087495456000056, -17.087697093999964], [32.08116363500011, -17.091971432999912], [32.075380804000076, -17.113856161999934], [32.06866299500018, -17.121696782999948], [32.04906755800005, -17.161358916999973], [32.036139930000104, -17.19047921599997], [32.028976139000065, -17.215970226999957], [32.02956012400017, -17.22124064299993], [32.041011807000075, -17.23494471899994], [32.03648394000015, -17.25512630999998], [32.039443858000084, -17.260289714999942], [32.03939786400019, -17.275156885999934], [32.059077317000174, -17.2949814399999], [32.08386863100009, -17.33318843899997], [32.07548787100018, -17.345596416999967], [32.06334621200017, -17.344065299999954], [32.04793065100017, -17.36175869599998], [32.04650869400007, -17.370045347999962], [32.05386248899998, -17.37889004099992], [32.057372399000144, -17.40550713099998], [32.04871264400015, -17.41095756099992], [32.041526846000124, -17.409581454999966], [32.01792551300019, -17.41945723799995], [32.00518487200003, -17.41924722499988], [31.995761136000112, -17.415298917999962], [31.98332748700011, -17.42096536699995], [31.968804900000123, -17.433784376999938], [31.959341166000115, -17.430940156999952], [31.94841047400007, -17.43350536199995], [31.943035624000174, -17.42944804499996], [31.92896901900008, -17.42686584599994], [31.925694112000087, -17.42883600199997], [31.915011411000023, -17.42485469199994], [31.90819860300013, -17.42485669499996], [31.90763861900018, -17.42746289999991], [31.86837072900005, -17.440908966999928], [31.856126072999984, -17.439542863999975], [31.852256180000154, -17.432473309999978], [31.824630973000183, -17.477822878999916], [31.828885858000092, -17.492541031999963], [31.80315258100012, -17.489965837999932], [31.799238693999996, -17.496016313999974], [31.794350832000077, -17.49695138899989], [31.759626800999968, -17.47408560599996], [31.75131203400008, -17.472445479999976], [31.74695815299998, -17.462295684999958], [31.737236426000038, -17.459375458999943], [31.733053545000075, -17.462592712999935], [31.71632500400017, -17.431537280999976], [31.70020045300015, -17.417673196999942], [31.701236422000193, -17.413596876999918], [31.6658804060001, -17.38334451199995], [31.67265721000018, -17.368792365999923], [31.680917975000057, -17.362185842999963], [31.692552641000134, -17.34184623999994], [31.737358367000127, -17.302544133999845], [31.75135396799999, -17.28809499199997], [31.754172885999992, -17.280543396999974], [31.74816905099999, -17.269134500999883], [31.749411012000166, -17.258460659999912], [31.741373230000193, -17.23647092999994], [31.722851744000025, -17.21625734399987], [31.723272731000122, -17.21268406199988], [31.733366442000147, -17.19736685199996], [31.74450712800018, -17.195419694999885], [31.749810980000063, -17.198980973999937], [31.75779175600013, -17.198251913999854], [31.761943638000105, -17.19530467999988], [31.76484255300005, -17.186455980999938], [31.782636053000033, -17.185225878999972], [31.78818389500009, -17.178862374999937], [31.798515604000045, -17.177849291999962], [31.811293241999977, -17.167989510999973], [31.84805020300007, -17.15103016199987], [31.832536634000178, -17.136248999999907], [31.835067561000017, -17.13135061299988], [31.83341160500015, -17.123141965999878], [31.849118157000134, -17.103174384999875], [31.85514398300012, -17.089492302999872], [31.8538120180001, -17.08222872999994], [31.86687764800007, -17.070725817999858], [31.875263412000095, -17.069981755999947], [31.886524093000162, -17.06139607499989], [31.909919428000137, -17.038256239999953], [31.910710404000042, -17.03236077399987], [31.906350523000185, -17.02241298899986], [31.891940927000178, -17.01847768199997], [31.896127807000028, -17.01066506299992], [31.894816840000033, -17.00086228899994], [31.912742336999997, -17.001001293999877], [31.914901269000154, -16.97787646499995], [31.909623415000056, -16.97268805599998], [31.942472488000078, -16.956642776999956], [31.944153434999976, -16.938694356999918], [31.954286144000037, -16.917078642999968], [31.960690964000094, -16.916065560999982], [31.973412609000093, -16.922212043999878], [31.980801401000008, -16.921170958999824], [32.004783723000116, -16.905196687999876], [32.00375375100003, -16.901235373999953], [32.009826577000126, -16.888300347999973], [32.00414673300003, -16.879966689999947], [32.00069482300006, -16.85604279499995], [32.00762562500012, -16.842970756999875], [32.04043169900001, -16.826920475999884], [32.03991270900008, -16.811632263999968], [32.05158937900006, -16.803508616999977], [32.07711666300008, -16.80312657899998], [32.09261922999997, -16.80981610599997], [32.0984320660001, -16.805566766999902], [32.10369291900008, -16.806086806999872], [32.10433689900009, -16.799802307999926], [32.110123735000116, -16.794456882999953], [32.125023315000135, -16.789343472999974], [32.13769996000019, -16.79111360999991], [32.153499517000114, -16.788803422999877], [32.162948249000124, -16.77861361199996], [32.17711585100017, -16.777322505999962], [32.20049119200007, -16.766880671999843], [32.21610875600015, -16.772404105999954], [32.22806742400019, -16.783914015999926], [32.23435024400004, -16.773576193999872], [32.24789586400016, -16.772181079999882], [32.255558647999976, -16.767040670999847], [32.272332172000176, -16.747302099999956], [32.33935429100006, -16.74278472599991], [32.370885400000134, -16.71593658699993], [32.39004286400018, -16.718845812999916], [32.39687467100009, -16.712640318999945], [32.40796736000016, -16.71319936099991], [32.42639884100009, -16.70491669899991], [32.44131042300006, -16.705286724999894], [32.462145836000104, -16.696967059999963]]]}}, {"type": "Feature", "properties": {"DISTRICT": "Victoria Falls", "NAME": "Victoria Falls", "PROVINCE": "Matabeleland North", "PCODE": "ZW1522", "AREA_SQKM": 27.5, "MINING_CADASTRE": "Victoria Falls Cadastre Zone (Matabeleland North)"}, "geometry": {"type": "Polygon", "coordinates": [[[25.810275256000068, -17.97329835799991], [25.80953921500003, -17.925242606999973], [25.817261978000147, -17.90923234699983], [25.82024287100012, -17.890788902999873], [25.84122928800008, -17.89385111699994], [25.85122902400002, -17.905851042999927], [25.84922809400007, -17.916850904999933], [25.85321299600008, -17.926850680999962], [25.852722021000034, -17.936115405999942], [25.836758483000096, -17.948233370999958], [25.83021968100013, -17.95960426599993], [25.810275256000068, -17.97329835799991]]]}}, {"type": "Feature", "properties": {"DISTRICT": "Zaka", "NAME": "Zaka", "PROVINCE": "Masvingo", "PCODE": "ZW1807", "AREA_SQKM": 3125.9, "MINING_CADASTRE": "Zaka Cadastre Zone (Masvingo)"}, "geometry": {"type": "Polygon", "coordinates": [[[31.403170181000178, -20.00250326099996], [31.421973338000157, -20.036413046999883], [31.43829769900003, -20.022322715999962], [31.456544454000095, -20.050800376999973], [31.467927476000114, -20.060825879999925], [31.470687333000114, -20.07763470999987], [31.480371728000193, -20.076018569999917], [31.49421824400008, -20.085910743999932], [31.512081881000142, -20.081894679999948], [31.517686722000178, -20.083681811999895], [31.521554615000184, -20.090076287999977], [31.527683438000054, -20.087266075999935], [31.538835126000095, -20.101402127999904], [31.540203090000148, -20.108736675999978], [31.533962272000167, -20.116676270999903], [31.5380151600001, -20.125440924999964], [31.55936755600004, -20.13832987899997], [31.57138921800015, -20.150388774999954], [31.576888060000044, -20.14926768899994], [31.59311460100014, -20.159603453999978], [31.595621532000166, -20.16708101099988], [31.59107566600011, -20.174392558999898], [31.593774593000035, -20.184929343999954], [31.59061469100004, -20.201177557999927], [31.59176266600008, -20.21884687499994], [31.60309934500009, -20.225553369999886], [31.606216261000043, -20.23723523999996], [31.619326889000035, -20.242928658999915], [31.610341166000183, -20.287369972999954], [31.635807437999972, -20.288709062999942], [31.63816937400003, -20.298850816999902], [31.65234997100015, -20.30375517599998], [31.656129865000082, -20.308159502999956], [31.653114954000102, -20.315186026999925], [31.66038375000005, -20.323325629999886], [31.66362765500014, -20.319255325999904], [31.667173554000158, -20.319644352999944], [31.67213841299997, -20.32332162499995], [31.67332038300009, -20.330851184999972], [31.676629286000036, -20.327334921999977], [31.679643203000126, -20.33391440999992], [31.697315700000104, -20.340984928999887], [31.715761178000093, -20.353633861999924], [31.723085969000124, -20.354800945999955], [31.72196400500019, -20.365452738999977], [31.73163173100005, -20.37068312399998], [31.715410196000164, -20.372253246999946], [31.703501541000094, -20.38282003699993], [31.699444661000143, -20.3906396189999], [31.701672601000098, -20.399480274999974], [31.694325814000024, -20.404945683999927], [31.691614897000136, -20.41723959799998], [31.67835728300014, -20.4311066329999], [31.68318114599998, -20.43509292699997], [31.69690076700016, -20.465571182999952], [31.694926827000074, -20.473044737999942], [31.697893743000066, -20.477165042999957], [31.69434084599999, -20.48028027499987], [31.69173192600016, -20.491698122999935], [31.702801610000165, -20.493739269999878], [31.70120866200017, -20.507091259999925], [31.708794454000042, -20.528794864999952], [31.71564925800004, -20.531452058999946], [31.72216608100001, -20.5537807099999], [31.743859464000025, -20.56438648699998], [31.73990957900014, -20.567701733999968], [31.74009257600011, -20.57238708099993], [31.752614215999984, -20.57068494999993], [31.78229937100008, -20.586187084999892], [31.780823414999986, -20.58928731499998], [31.783407342000032, -20.592251533999956], [31.77899047600016, -20.60810970799986], [31.783194358000173, -20.614904208999974], [31.778486493000116, -20.615217233999942], [31.780089451000038, -20.623234825999873], [31.724636050000015, -20.643236325999965], [31.717776250000156, -20.65207798199998], [31.68788708600016, -20.602616336999972], [31.633194654000192, -20.60274236899994], [31.61420220800011, -20.624529986999903], [31.611593282000058, -20.621365753999953], [31.60205655700014, -20.625503063999872], [31.60420649600013, -20.627238191999822], [31.514933069000165, -20.65343016399987], [31.458093711000117, -20.67911508599991], [31.406791167000108, -20.647907802999953], [31.38283185300014, -20.644442557999923], [31.32796343600006, -20.663425984999947], [31.28839258400012, -20.68959793599987], [31.249689727000145, -20.751559525999937], [31.243444907000026, -20.75349767199998], [31.238347046, -20.740602722999938], [31.237754052000184, -20.71886111999993], [31.231910203000098, -20.688125853999964], [31.22602237100017, -20.68650673699989], [31.19137836800013, -20.693354258999932], [31.169171000000176, -20.682996504999892], [31.172491899000192, -20.67358480799993], [31.16552509500019, -20.666022252999937], [31.180429661000062, -20.653869347999887], [31.176960756000028, -20.645321717999934], [31.181065636000028, -20.642100477999918], [31.237517006000076, -20.619749798999976], [31.260612337999987, -20.608956989999967], [31.268824099000085, -20.601377425999885], [31.26559117500011, -20.569781088999946], [31.247957653000185, -20.51719920299996], [31.243986756000027, -20.496600677999936], [31.22190438300015, -20.487302998999894], [31.213832603000185, -20.465762404999964], [31.215074565000123, -20.460593020999966], [31.19692406100006, -20.416352745999973], [31.199126993000107, -20.4069670479999], [31.196287071000143, -20.40100060599991], [31.191256214000134, -20.39867043499993], [31.19072122400013, -20.387694619999934], [31.184439395000027, -20.372804515999917], [31.149005414000158, -20.38081612799988], [31.13920569600009, -20.384279389999904], [31.13673177000004, -20.389130751999915], [31.131259925000165, -20.386376549999966], [31.119564260000118, -20.387356627999964], [31.120152237000184, -20.376804843999878], [31.105396646000088, -20.35161197799988], [31.100174789000164, -20.33914905399996], [31.102709712000035, -20.33224153799989], [31.097633855000026, -20.327375178999944], [31.101412741000104, -20.315886321999983], [31.109353545000033, -20.31455312099996], [31.107627339000032, -20.30815193099994], [31.113092608000045, -20.303743200999975], [31.11374956000003, -20.286730163999948], [31.123781299000086, -20.277476846999946], [31.127262226000028, -20.269216727999947], [31.133606794000116, -20.266518634999898], [31.133427185000073, -20.262687148999873], [31.13839870600009, -20.261676262999913], [31.14231658400007, -20.25448416899991], [31.170698623000135, -20.230357977999972], [31.256936730000177, -20.177405941999893], [31.256605199000035, -20.117030417999956], [31.323204304000114, -20.134447689999945], [31.32296672200016, -20.11007787699998], [31.309929174000047, -20.065696507999974], [31.312817355000163, -20.048276605999945], [31.32265466600012, -20.054753473999938], [31.368341739000073, -20.03475432299996], [31.366606881000052, -20.028354926999896], [31.3946137370001, -20.019248839999932], [31.403170181000178, -20.00250326099996]]]}}, {"type": "Feature", "properties": {"DISTRICT": "Zvimba", "NAME": "Zvimba", "PROVINCE": "Mashonaland West", "PCODE": "ZW1406", "AREA_SQKM": 6071.7, "MINING_CADASTRE": "Zvimba Cadastre Zone (Mashonaland West)"}, "geometry": {"type": "Polygon", "coordinates": [[[30.496407839000028, -16.81346845999991], [30.503744773999983, -16.81711440099997], [30.505721010000116, -16.8312489409999], [30.503117148000115, -16.833694367999897], [30.510139613000035, -16.83448887299994], [30.509771627000134, -16.8415164299999], [30.521334305000096, -16.847066864999874], [30.52410123100003, -16.85326035399993], [30.520307341000034, -16.860113898999884], [30.523084266000183, -16.865434318999917], [30.517969412000127, -16.870412715999976], [30.525274215000138, -16.88453583199987], [30.523445283000115, -16.91809448999993], [30.51876641700005, -16.922855869999978], [30.52211032800011, -16.93169656799995], [30.520830367000144, -16.937085994999904], [30.526951193000116, -16.942743227999927], [30.527387189000137, -16.95919853099997], [30.533884008000086, -16.96136969899993], [30.529510133000144, -16.966348095999876], [30.548684599000183, -16.97266958599988], [30.55236150100012, -16.98150928399997], [30.550748548000115, -16.986266660999945], [30.542046792999997, -16.98822181999998], [30.53689894300004, -16.998005596999917], [30.540358848000096, -17.001768892999905], [30.536839952000037, -17.013016783999944], [30.54216180800006, -17.02164046299987], [30.546256709000033, -17.052421893999906], [30.576917847999994, -17.051811830999952], [30.58081873399999, -17.042496092999954], [30.598360236000133, -17.03126619699998], [30.619010656000057, -17.029797070999905], [30.633450249000134, -17.02509369199987], [30.636534164000125, -17.02743187599998], [30.64059106000002, -17.048090506999927], [30.663021425000068, -17.036174553999956], [30.66930526300007, -17.06316368399996], [30.692113616000142, -17.05081269799996], [30.738874990000113, -17.061296005999964], [30.718308675999992, -17.15579893499995], [30.68195698600016, -17.21772187499994], [30.655140749000168, -17.236198343999945], [30.671445293000033, -17.240974712999957], [30.668480382000155, -17.251236522999932], [30.617734871000096, -17.362844535999955], [30.632350483000096, -17.406341947999977], [30.619523869000147, -17.454957771999887], [30.621295830000122, -17.47627044399991], [30.612364104000108, -17.518321746999902], [30.61149239200006, -17.551942410999914], [30.64476120500001, -17.55193116499987], [30.691245901000002, -17.559635746999902], [30.728485850000084, -17.55261217799989], [30.78542425100005, -17.55769554999995], [30.760071988000163, -17.604298212999936], [30.789851168000098, -17.639969992999852], [30.837489839000114, -17.662731751999956], [30.844607632000077, -17.65049579099997], [30.912714628000174, -17.687182313999926], [30.92852577499997, -17.700605843999938], [30.93048687800018, -17.66211411699993], [30.955354523999972, -17.660521724999967], [30.96254571600008, -17.71391251999995], [30.950817213000164, -17.709400221999886], [30.948627175000183, -17.757097408999925], [30.908586425000067, -17.764287717999935], [30.918504354000106, -17.779435950999925], [30.905214808000096, -17.77722006399989], [30.89024945500006, -17.78050568599997], [30.889347957000098, -17.796004433999883], [30.895943335000084, -17.801072681999926], [30.88323453600009, -17.811102129999938], [30.890120719000095, -17.82641396599996], [30.89914269800005, -17.865683687999933], [30.896806192000156, -17.869120598999928], [30.885803778000025, -17.867726560999927], [30.87743495100011, -17.875475884999958], [30.936574268000072, -17.911892305999913], [30.88686959300003, -17.936407075999853], [30.894511714000032, -17.94903024399997], [30.881992727000068, -17.93534620899993], [30.873306970000044, -17.931641923999905], [30.870713045000116, -17.93465515999992], [30.861822290000134, -17.923790317999874], [30.858006398999976, -17.926792553999974], [30.844715772000143, -17.924420374999897], [30.84723970400006, -17.929028732999882], [30.84391879900005, -17.932024967999894], [30.844160798000075, -17.944490938999934], [30.841065886000138, -17.94511198799995], [30.837447980000093, -17.929709790999937], [30.8309091590001, -17.920149048999974], [30.822469397000077, -17.91939399399996], [30.8177605300001, -17.919672017999858], [30.801413003000107, -17.943444876999934], [30.751251407000154, -17.92368936299988], [30.737402788000168, -17.904676887999926], [30.76783891600013, -17.878292816999874], [30.760408118999976, -17.865413816999876], [30.7546062830001, -17.86819303599998], [30.750747391000004, -17.866443901999958], [30.741422648000025, -17.85511902299993], [30.736724785000092, -17.863433673999907], [30.73147092700009, -17.852360812999905], [30.716790342000138, -17.854707002999874], [30.71245147500008, -17.87499858699988], [30.706072643000027, -17.852939869999943], [30.70059879400003, -17.846191346999888], [30.689151118000154, -17.84961961999994], [30.68586921500014, -17.85792226899997], [30.68286529700009, -17.85349892499994], [30.677200458000073, -17.854533008999965], [30.67366255400009, -17.847891492999963], [30.665969774000075, -17.85338692499988], [30.665878770000177, -17.842272057999878], [30.659420951000072, -17.841086968999946], [30.65537306200008, -17.8349524919999], [30.64804527000007, -17.837603702999957], [30.63328068200019, -17.82993811199998], [30.630780758000128, -17.83946785699993], [30.633025698000097, -17.845997364999903], [30.632167725000045, -17.851425788999904], [30.624398933000123, -17.831731255999898], [30.6125712650001, -17.82972010499998], [30.607511406000015, -17.825805801999934], [30.603260526000042, -17.82621083599986], [30.597778685000037, -17.83428146899996], [30.604023520999988, -17.857320261999917], [30.590889884000035, -17.843584197999974], [30.587698976000127, -17.84780752899985], [30.58419307300005, -17.844869300999903], [30.585965021000106, -17.840531961999943], [30.570588452000152, -17.836467652999943], [30.571177431000137, -17.829423102999897], [30.559031772000026, -17.826175855999963], [30.549944033000088, -17.83519456399995], [30.553250945000173, -17.845917398999973], [30.563260669000044, -17.856097186999875], [30.569533498000112, -17.86679801899993], [30.569949488000077, -17.87037729799988], [30.559411779000072, -17.85884440399991], [30.545090182000024, -17.85820736099987], [30.53852635900006, -17.843061182999975], [30.531248579000078, -17.86979927199991], [30.524454773000173, -17.875406712999904], [30.51691298100019, -17.867308084999934], [30.512999078999997, -17.844356296999933], [30.48528685800011, -17.841356077999933], [30.488284770000178, -17.835414612999955], [30.484738869000125, -17.833651476999876], [30.46404645199999, -17.83511260199998], [30.45693664900017, -17.828957124999874], [30.44280004700005, -17.827925051999955], [30.42775447300005, -17.832164390999935], [30.419898703, -17.84728257399985], [30.408950997000147, -17.822407638999948], [30.391312504000098, -17.84038305099989], [30.35170863200011, -17.86178974199987], [30.34383985800008, -17.869171321999943], [30.318190578000042, -17.86425595199995], [30.30352099600009, -17.872806626999875], [30.28749644500016, -17.868956334999893], [30.280534642000134, -17.870220437999876], [30.270875910000143, -17.863789941999983], [30.265209073000108, -17.868053276999888], [30.2595032320001, -17.866020121999952], [30.25373539700007, -17.869814420999944], [30.24221671700002, -17.862838882999938], [30.228030118000163, -17.86529908299991], [30.202316836000136, -17.854844281999874], [30.169810753000093, -17.856915461999904], [30.162321961000032, -17.852319106999914], [30.155778148000138, -17.856858464999902], [30.14867034700012, -17.85528134599997], [30.14206353900005, -17.864839094999866], [30.138440643000138, -17.86817435699993], [30.13461675000019, -17.86666324199996], [30.129855888000066, -17.872980736999978], [30.115052297000148, -17.860217749999947], [30.106636536000053, -17.86366302399989], [30.102604645000156, -17.85654046999997], [30.08328019300012, -17.861993906999885], [30.07285849300007, -17.872673745999975], [30.067901631000097, -17.869383491999884], [30.05725893200014, -17.87164567499991], [30.055278984000097, -17.866127244999973], [30.04898116200019, -17.86743335099993], [30.045416261000184, -17.86430410899993], [30.040986387000146, -17.86636527199994], [30.04225235399997, -17.870951628999876], [30.036578515000087, -17.872509753999907], [30.030945668000072, -17.86479815599995], [29.981604057000027, -17.863480081999967], [29.978211151000153, -17.860904882999932], [29.971461343000158, -17.863361078999958], [29.967473453000082, -17.85981680499998], [29.957816729000058, -17.86674134999987], [29.94858298600019, -17.861842973999956], [29.945064090000187, -17.86914254499993], [29.93778229300011, -17.865854292999927], [29.911023051000086, -17.874304967999876], [29.90215730699998, -17.88319966699987], [29.890195641000048, -17.87962439599994], [29.870771190000028, -17.881797576999872], [29.851003737000042, -17.867762493999976], [29.838246094000112, -17.863806192999846], [29.83404020800009, -17.85714467599996], [29.83601514900016, -17.852370302999873], [29.863266379000038, -17.849151034999977], [29.884089773000085, -17.818430624999962], [29.899831325000093, -17.811065040999893], [29.93133342400006, -17.78844225599994], [29.937412245000075, -17.77575026099987], [29.948405928000113, -17.765462450999962], [29.947131957000124, -17.753968552999936], [29.956301672000052, -17.711458224999888], [29.988647726000124, -17.655670841999893], [30.010435103000077, -17.639737581999896], [30.010414101000094, -17.63511021999983], [30.170571580000058, -17.608211022999967], [30.213090379999983, -17.600227373999928], [30.215060322000113, -17.597223137999947], [30.220969150000144, -17.587523374999932], [30.220199166000043, -17.57732657599996], [30.22806693700005, -17.563947522999968], [30.22649496500003, -17.536349360999907], [30.223182052000084, -17.527113637999946], [30.228802889000065, -17.51796491799996], [30.225928966000026, -17.511040375999983], [30.216529225000045, -17.50374280899996], [30.21535624800009, -17.485404369999912], [30.210634372000186, -17.47087223199992], [30.20091664100005, -17.465123785999936], [30.197006571000145, -17.446593716999928], [30.20594416900019, -17.44347928699989], [30.204938160000154, -17.433102373999873], [30.20993629900005, -17.424547703999963], [30.205013494000184, -17.40976743599998], [30.206964433000053, -17.39949362799996], [30.210408334000135, -17.396421384999883], [30.20766582100015, -17.390615392999905], [30.21638182300012, -17.373973679999835], [30.222489978000056, -17.36874720299994], [30.21369321400016, -17.34967970799994], [30.220176019000178, -17.327172933999975], [30.226504839000143, -17.323802665999835], [30.239943451000045, -17.305687232999958], [30.23883647500014, -17.29238018599989], [30.245991269000058, -17.283735501999956], [30.25411203700014, -17.277742024999952], [30.261727825000037, -17.27957316499993], [30.267263668000055, -17.27705696399994], [30.264995726000166, -17.266879163999874], [30.257720928000083, -17.263624911999898], [30.25496900200011, -17.258306493999953], [30.25511799500009, -17.252798059999918], [30.259025885000142, -17.25332609999998], [30.263150767000184, -17.248021679999965], [30.2544579960001, -17.22236166299996], [30.255391967000037, -17.21738326999997], [30.26627765400019, -17.205646338999884], [30.26706662700019, -17.19616059099991], [30.274339416000032, -17.184093634999897], [30.272872442000107, -17.157966574999875], [30.294226838000043, -17.148485815999948], [30.296988747000057, -17.12593203499989], [30.30909740400017, -17.119619529999966], [30.30964538300009, -17.110019771999873], [30.315622212000164, -17.104089300999817], [30.3304917910001, -17.09741676599998], [30.329246822000016, -17.089790164999954], [30.333703691000096, -17.079705365999928], [30.330287782000028, -17.07093667499987], [30.336474602000123, -17.05968678299996], [30.337916550000102, -17.03864311899997], [30.33287367500003, -17.00814171099995], [30.338353517000087, -16.999901055999885], [30.34498733000015, -16.998962978999884], [30.338185517000056, -16.991485390999912], [30.33887249200012, -16.98150360099993], [30.3435933560001, -16.976054166999972], [30.3417674050001, -16.971994846999905], [30.346131280000122, -16.967214466999906], [30.35748396000014, -16.963068132999922], [30.37577244800002, -16.964715253999884], [30.37392249300018, -16.951689223999892], [30.364145766000092, -16.95001809699994], [30.370449583000095, -16.9378501299999], [30.36163382700005, -16.933380780999926], [30.36370776400014, -16.924425070999973], [30.371460544000115, -16.918556601999967], [30.37566441900009, -16.906254625999964], [30.381199261000063, -16.900587174999885], [30.39595184400008, -16.893890636999856], [30.404077609000183, -16.879719509999973], [30.417378235, -16.87817038099996], [30.423644061000118, -16.88103760499996], [30.42215109500006, -16.86699449299988], [30.425239005000094, -16.860965012999884], [30.42490100800012, -16.847951981999927], [30.428675899999973, -16.843276609999975], [30.43911960900016, -16.847531941999875], [30.461760973000025, -16.84393864599997], [30.464772882999966, -16.833643827999936], [30.46344591600007, -16.826334248999956], [30.472251665999977, -16.819236681999882], [30.479472464000082, -16.81953170199995], [30.48914755400017, -16.80227383299996], [30.49712424200004, -16.805771058999937], [30.496407839000028, -16.81346845999991]]]}}, {"type": "Feature", "properties": {"DISTRICT": "Zvishavane", "NAME": "Zvishavane", "PROVINCE": "Midlands", "PCODE": "ZW1708", "AREA_SQKM": 2475.5, "MINING_CADASTRE": "Zvishavane Cadastre Zone (Midlands)"}, "geometry": {"type": "Polygon", "coordinates": [[[30.144555856000125, -19.962835638999934], [30.138015049000103, -19.972586374999935], [30.144381878000104, -19.986967448999962], [30.139030034000143, -19.99248386499994], [30.14248794500014, -20.005641848999915], [30.139049046000082, -20.010368204999907], [30.14663983400004, -20.015991621999888], [30.142599951000193, -20.028323387999876], [30.144024172000172, -20.033325138999942], [30.16042445400018, -20.044027551999932], [30.16681927100018, -20.043579514999976], [30.17070616799998, -20.054462326999897], [30.191673579000167, -20.0672912739999], [30.18531776900005, -20.08064227699998], [30.187454721000165, -20.09804657799998], [30.176747028000136, -20.10014074099996], [30.16829528200003, -20.118794140999967], [30.158165577000034, -20.126688737999928], [30.166708353000047, -20.15503985099997], [30.16003856700013, -20.187748297999974], [30.152693778000184, -20.19027549099991], [30.147921921000147, -20.198769127999924], [30.153551761000017, -20.200383244999898], [30.15645478000016, -20.20725698399997], [30.158545623000066, -20.206538700999943], [30.197767478000173, -20.171677073999945], [30.277780233000044, -20.22904530599982], [30.279542192000065, -20.242548311999883], [30.27479533700017, -20.256938386999934], [30.26811353200003, -20.262717821999956], [30.26714156700018, -20.271982512999898], [30.26133873499998, -20.27636584299995], [30.24360927400005, -20.32195524999986], [30.243559284000185, -20.334781203999967], [30.258035883000105, -20.352263495999978], [30.286800064000033, -20.356568798999945], [30.313843296000073, -20.364932403999887], [30.320143120000125, -20.37134787699995], [30.318323184000178, -20.38761508799996], [30.339072611000063, -20.418119341999954], [30.345203438999988, -20.42305170399993], [30.36015200700018, -20.41611217999997], [30.371742691000122, -20.438944868999897], [30.413482523000084, -20.477745722999884], [30.412324565000063, -20.49121372299993], [30.44375469100015, -20.52803043299997], [30.46095821700004, -20.55664454299989], [30.46025824100019, -20.56289900699994], [30.45253946200006, -20.562882009999953], [30.44503068400013, -20.57193568499997], [30.45055653700001, -20.58953998499993], [30.449469582000063, -20.60920944099996], [30.45380046300005, -20.61732203799994], [30.44969458600019, -20.62483159599998], [30.445112721999976, -20.622743594999974], [30.447443651000015, -20.616550135999944], [30.440880832000175, -20.605850347999876], [30.441004821000035, -20.59583260699992], [30.428702159000125, -20.574621044999844], [30.415055554000162, -20.580978523999875], [30.415315552000152, -20.588975114999982], [30.39758305300012, -20.578600357999846], [30.38919329400011, -20.57962043899994], [30.36742891000017, -20.568898658999956], [30.336255807000043, -20.575182142999893], [30.31066254000018, -20.575533184999927], [30.30732663100008, -20.56853666899991], [30.297672902999977, -20.562501227999974], [30.279376423000144, -20.556848820999903], [30.275190547000193, -20.56335930599994], [30.271743645000072, -20.56278326499995], [30.25531010600008, -20.5483802089999], [30.25037424800007, -20.54987932299997], [30.23041681400008, -20.541911744999936], [30.210670380000124, -20.54311184699992], [30.20562552200016, -20.53989761199989], [30.203378576999967, -20.527303679999875], [30.1866460600001, -20.532117047999975], [30.1770483250001, -20.518890073999955], [30.16325872900012, -20.532664102999945], [30.152826031000018, -20.53725344999998], [30.139100424000105, -20.53743247199992], [30.132587607000062, -20.532111081999915], [30.137348454000062, -20.50953240599995], [29.995338431000107, -20.394658972999935], [29.99763641300018, -20.458266694999963], [29.975381042000038, -20.449008022999863], [29.963605369000106, -20.43586705499996], [29.94798281800007, -20.438339248999966], [29.934992184000123, -20.43120272799996], [29.92852437000016, -20.43279585099998], [29.92346451200018, -20.429428603999952], [29.92000960300004, -20.418546797999966], [29.90292109100011, -20.418876834999935], [29.87897077000008, -20.410928260999924], [29.87348291900014, -20.400215467999942], [29.857450367000183, -20.38719151099997], [29.84521571200014, -20.380874049999875], [29.82603525800016, -20.37890591699994], [29.819724428000086, -20.365356913999847], [29.801934937000112, -20.365928968999924], [29.79678507699998, -20.357440340999858], [29.7889232980001, -20.351820928999928], [29.78363444900009, -20.351826932999927], [29.768400870000107, -20.3337435979999], [29.756368214000133, -20.334920693999948], [29.77817555200005, -20.284640934999857], [29.79219011600003, -20.239172536999945], [29.792143099000157, -20.215530772999898], [29.815963375000024, -20.159152547999952], [29.84081362500018, -20.105977556999846], [29.873444660000075, -20.06143220299998], [29.901890857000183, -20.071814960999916], [29.938443766000034, -20.007732137999938], [29.97713165700003, -20.000592576999964], [29.98586838800003, -19.973544543999935], [30.033333010000092, -19.939403952999953], [30.04744760500006, -19.93483760099997], [30.078001740000104, -19.943209209999964], [30.091897344000188, -19.94391925399998], [30.143340887000193, -19.958595321999894], [30.144555856000125, -19.962835638999934]], [[30.039479081000138, -20.27616012599998], [29.995397355000193, -20.296160644999873], [29.991106485000046, -20.306149391999895], [30.004966100000104, -20.320982486999924], [30.01667876500011, -20.319693382999958], [30.01810373000012, -20.327349951999906], [30.026345492000132, -20.32437372499993], [30.032162330000006, -20.330316162999907], [30.036564204000058, -20.330007137999928], [30.03321130300003, -20.333819422999966], [30.040560097000025, -20.339807863999965], [30.048027885000124, -20.34093294299987], [30.052681755000037, -20.345671291999963], [30.05152379300017, -20.352265783999883], [30.062738475000117, -20.355455013999972], [30.063953445000095, -20.361962496999922], [30.079752994000046, -20.362600533999967], [30.085019847000183, -20.367332881999914], [30.087353777000033, -20.363465592999944], [30.098395471000003, -20.3765665599999], [30.101874334000172, -20.325817782999877], [30.08346485000004, -20.31133671699996], [30.08598977400004, -20.306127327999945], [30.068529264000063, -20.294325459999925], [30.06599833000007, -20.284572735999973], [30.058570544000133, -20.28741095199996], [30.039479081000138, -20.27616012599998]]]}}, {"type": "Feature", "properties": {"DISTRICT": "Zvishavane Urban", "NAME": "Zvishavane Urban", "PROVINCE": "Midlands", "PCODE": "ZW1725", "AREA_SQKM": 62.4, "MINING_CADASTRE": "Zvishavane Urban Cadastre Zone (Midlands)"}, "geometry": {"type": "Polygon", "coordinates": [[[30.039479081000138, -20.27616012599998], [30.058570544000133, -20.28741095199996], [30.06599833000007, -20.284572735999973], [30.068529264000063, -20.294325459999925], [30.08598977400004, -20.306127327999945], [30.08346485000004, -20.31133671699996], [30.101874334000172, -20.325817782999877], [30.098395471000003, -20.3765665599999], [30.087353777000033, -20.363465592999944], [30.085019847000183, -20.367332881999914], [30.079752994000046, -20.362600533999967], [30.063953445000095, -20.361962496999922], [30.062738475000117, -20.355455013999972], [30.05152379300017, -20.352265783999883], [30.052681755000037, -20.345671291999963], [30.048027885000124, -20.34093294299987], [30.040560097000025, -20.339807863999965], [30.03321130300003, -20.333819422999966], [30.036564204000058, -20.330007137999928], [30.032162330000006, -20.330316162999907], [30.026345492000132, -20.32437372499993], [30.01810373000012, -20.327349951999906], [30.01667876500011, -20.319693382999958], [30.005308091000074, -20.321234504999893], [29.991106485000046, -20.306149391999895], [29.99625732999999, -20.295366584999897], [30.039479081000138, -20.27616012599998]]]}}]}