{"type": "FeatureCollection", "features": [{"type": "Feature", "properties": {"PROVINCE": "Bulawayo", "NAME": "Bulawayo", "PCODE": "ZW10", "AREA_SQKM": 545.8, "CAPITAL": "Bulawayo (Metro)", "PRIMARY_MINERALS": "Metallurgical Refining, Foundry Engineering, Gold Processing", "JURISDICTION": "Bulawayo Provincial Mining Directorate"}, "geometry": {"type": "Polygon", "coordinates": [[[28.661784572000045, -20.02796455899994], [28.643576014000132, -20.06865166999995], [28.667915226000105, -20.06760616799994], [28.660446643000057, -20.088980277999894], [28.656631151000056, -20.089304324999887], [28.65747975200003, -20.100104904999966], [28.651199973000075, -20.113270635999925], [28.6765418870001, -20.11433427399993], [28.651256268000054, -20.15295051699991], [28.664464649000024, -20.166353312999888], [28.67517563900003, -20.168228305999946], [28.670326512000145, -20.17234014899998], [28.676954253000076, -20.176339476999942], [28.675629749999985, -20.181977942999936], [28.69649612700016, -20.19098995199994], [28.69678314600003, -20.202476506999915], [28.69317000300009, -20.202053002999946], [28.68456732400017, -20.220809061999944], [28.67358620900012, -20.215218573999948], [28.67233897600005, -20.219861841999887], [28.66315308100019, -20.22187338699996], [28.66507005699998, -20.23330754799997], [28.662493518000076, -20.23640338299998], [28.65055446500014, -20.22660487099995], [28.616156203000116, -20.23175494199984], [28.605319598000108, -20.22744280799992], [28.57730169500013, -20.227625336999836], [28.552622543000098, -20.221999899999958], [28.53878151100008, -20.25867166699993], [28.496475150000038, -20.23561591999993], [28.513109996000082, -20.200937734999968], [28.49994182100005, -20.18929207799988], [28.480981730999986, -20.19079524999995], [28.491440223000097, -20.17073930499987], [28.43149702200003, -20.15773621799991], [28.432514479000133, -20.161393819999944], [28.43781478799997, -20.162525289999962], [28.436913151000113, -20.167127178999976], [28.44254678900012, -20.177742346999935], [28.39775564399997, -20.170218006999903], [28.387414620000015, -20.153894543999968], [28.42813947600007, -20.153620942999964], [28.41537510900008, -20.132490813999937], [28.39667326200015, -20.13458913799991], [28.404116012000088, -20.118744735999883], [28.415139616000033, -20.11845049799996], [28.408708132000072, -20.018030029999977], [28.44583766700009, -20.040628305999974], [28.46870236000018, -20.070582100999957], [28.513024179000183, -20.059239342999945], [28.51264661500005, -20.042969947999893], [28.530764834000138, -20.03047142299988], [28.54770115900004, -20.044434727999942], [28.54693143000003, -20.04932215599996], [28.553712887000074, -20.056503774999953], [28.55415947400013, -20.044337305999875], [28.573762010000053, -20.028093939999906], [28.607239842000183, -19.96147483799996], [28.64359755200013, -20.004159333999894], [28.671169237000186, -20.016309117999867], [28.66799239000011, -20.024039309999978], [28.661784572000045, -20.02796455899994]]]}}, {"type": "Feature", "properties": {"PROVINCE": "Harare", "NAME": "Harare", "PCODE": "ZW19", "AREA_SQKM": 940.0, "CAPITAL": "Harare (Metro)", "PRIMARY_MINERALS": "Industrial Minerals, Quarrying, Metallurgical Processing Centers", "JURISDICTION": "Harare Provincial Mining Directorate"}, "geometry": {"type": "Polygon", "coordinates": [[[31.118855925000048, -17.680893047999916], [31.116154194000046, -17.693863782999927], [31.122113119000062, -17.691335729999935], [31.13881996500004, -17.69252863099996], [31.13786787300012, -17.697689785999955], [31.14826424100005, -17.700717784999938], [31.143886888000168, -17.68930208199987], [31.146974570000168, -17.6862290869999], [31.151575923000166, -17.693338337999876], [31.159094338000045, -17.696511018999956], [31.154369357000178, -17.7014645779999], [31.157222822999984, -17.70373178299991], [31.159915908000187, -17.70410170299988], [31.16377351700004, -17.696037763999982], [31.172547203000192, -17.699566362999974], [31.181210914000133, -17.696199883999952], [31.197285870000087, -17.71858027999997], [31.20040765200008, -17.712059858999964], [31.205443371000115, -17.711933588999955], [31.2098126570001, -17.726472127999955], [31.20149088200003, -17.729648829999974], [31.202080901000045, -17.74246567199998], [31.196041681000054, -17.752424414999894], [31.201218399000084, -17.774920320999968], [31.21183441900007, -17.79259658299992], [31.192102325000064, -17.804996176999964], [31.209656485000153, -17.812568444999954], [31.203241718000072, -17.81995040199996], [31.215054577000046, -17.82047483199989], [31.22165910500013, -17.84934616299995], [31.1962977390001, -17.859304171999952], [31.195094268000105, -17.861859496999955], [31.21535855600007, -17.879692379999938], [31.208626141000025, -17.879586605999975], [31.21181979500011, -17.88656058099997], [31.20430565800018, -17.885939667999935], [31.19786883400019, -17.88973706099989], [31.198209835000057, -17.896813762999955], [31.19203079500005, -17.903196514999934], [31.18957767400019, -17.914888709999957], [31.17360620100004, -17.90752498699993], [31.17072753600013, -17.920604164999872], [31.16355828700017, -17.921906753999906], [31.165834327000027, -17.928132391999895], [31.13612396000019, -17.92888375399997], [31.13501910500014, -17.94704579599994], [31.137322620000077, -17.94979662199995], [31.133946202999994, -17.950508393999883], [31.141631845000177, -17.95901633799997], [31.127337497000156, -17.96284794799982], [31.11179511100005, -17.986511226999937], [31.116156320000073, -17.99077071699992], [31.11352496000012, -17.99446603599995], [31.103217402000098, -17.98667552799992], [31.06800267300008, -17.983351008999932], [31.05640082399998, -17.978075261999948], [31.056825224000136, -17.98380510499993], [31.065852843000187, -17.98924585499998], [31.073585630000082, -17.999825059999978], [31.096539610000036, -18.00345413899987], [31.127109596000025, -18.019735744999934], [31.111753127000156, -18.033424185999877], [31.091183174000037, -18.033527527999922], [31.061445237000044, -18.05087760999993], [31.05949021900011, -18.045725707999964], [31.050115597000172, -18.03928129399992], [31.049802443000033, -18.03305361299988], [31.042224836000173, -18.031447173999936], [31.034038030000147, -18.02034302999988], [31.01837175600008, -18.01289749199998], [31.01177074400016, -18.015455258999964], [31.00275281000006, -18.01163792999995], [31.002630886000134, -18.005469915999925], [30.994457816000136, -18.000889567999934], [30.999654575000136, -17.997672004999913], [30.99498946900013, -17.99762377099995], [30.988064966000024, -17.99110276699986], [30.987357795000037, -17.98489426599997], [30.980324011000164, -17.988045687999943], [30.973955518000025, -17.97830546499989], [30.96778503900009, -17.982666244999905], [30.96054321500003, -17.981349967999904], [30.96032110700014, -17.97812307099997], [30.95099788800013, -17.977528676999896], [30.94718251600011, -17.971287277999977], [30.936581431000036, -17.969190453999943], [30.92217510000006, -17.960107266999955], [30.904261837000035, -17.962891056999922], [30.909004526000103, -17.95624522999998], [30.901735172000144, -17.957406953999907], [30.88686959300003, -17.936407075999853], [30.936574268000072, -17.911892305999913], [30.87743495100011, -17.875475884999958], [30.885803778000025, -17.867726560999927], [30.896806192000156, -17.869120598999928], [30.89914269800005, -17.865683687999933], [30.890120719000095, -17.82641396599996], [30.88323453600009, -17.811102129999938], [30.895943335000084, -17.801072681999926], [30.889347957000098, -17.796004433999883], [30.89024945500006, -17.78050568599997], [30.905214808000096, -17.77722006399989], [30.918504354000106, -17.779435950999925], [30.908586425000067, -17.764287717999935], [30.948627175000183, -17.757097408999925], [30.950817213000164, -17.709400221999886], [30.97547833500016, -17.718829735999975], [30.995628228000157, -17.737134641999944], [31.026176501000066, -17.739179313999898], [31.025913890000083, -17.727099838999948], [31.037544408000144, -17.737383670999918], [31.041554192000092, -17.73242616199991], [31.04632444200007, -17.74022860699995], [31.08167344900005, -17.73040984299996], [31.073746198000038, -17.687281566999957], [31.07883805200015, -17.68033202199996], [31.084409895000135, -17.680147004999924], [31.088807764000137, -17.665558861999955], [31.115384016999997, -17.66781202699991], [31.118855925000048, -17.680893047999916]]]}}, {"type": "Feature", "properties": {"PROVINCE": "Manicaland", "NAME": "Manicaland", "PCODE": "ZW11", "AREA_SQKM": 35844.6, "CAPITAL": "Mutare", "PRIMARY_MINERALS": "Diamonds (Chiadzwa/Marange), Gold (Penhalonga), Phosphate (Dorowa)", "JURISDICTION": "Manicaland Provincial Mining Directorate"}, "geometry": {"type": "Polygon", "coordinates": [[[32.99432462500016, -17.24569648499994], [32.99888587999999, -17.304155956999978], [33.05306036200017, -17.342572969999935], [33.029765020000184, -17.36189249299997], [33.01629140300014, -17.384862299999952], [33.01668839300015, -17.391051785999878], [33.00588869800015, -17.395144108999887], [33.011107555000024, -17.417508864999945], [33.00851762900015, -17.427944683999897], [32.99964088100006, -17.44031665699987], [33.001887820000036, -17.450997494999967], [32.99213709500003, -17.451916568999877], [32.97486158500004, -17.476117470999952], [32.966758814000116, -17.477635590999967], [32.963829900000064, -17.497967185999926], [32.96968073900001, -17.523200163999945], [32.9818494000001, -17.542471671999863], [32.98381434700008, -17.55709581799988], [32.99602800400015, -17.56633753999995], [33.00645371000019, -17.56355631999992], [33.01984333300004, -17.56880972999994], [33.03996476900011, -17.58551403499996], [33.043157680000036, -17.59489476899995], [33.053644386000144, -17.603024403999882], [33.046525587000076, -17.605859626999973], [33.04363867200004, -17.62524114499996], [33.04675458500003, -17.63250471299989], [33.03114502700009, -17.646294793999914], [33.03155701800017, -17.656972628999938], [33.02162829800005, -17.661101953999946], [33.020579328999986, -17.667257434999954], [33.02374524000004, -17.67197280299996], [33.01828239500003, -17.67792826999994], [33.023604246000104, -17.683368694999956], [33.01683343700006, -17.685382852999965], [33.01549847900009, -17.70746057899987], [33.02297426800004, -17.708812683999952], [33.02790313100007, -17.720017557999938], [33.02188330100006, -17.72256175799987], [33.011389596000186, -17.71577322899998], [33.010996609000074, -17.72592102199991], [33.006785728000125, -17.73111142799985], [33.00965064800005, -17.73467270599997], [33.00564076200004, -17.74169225499992], [33.01031063099998, -17.74501551399993], [33.01522749200012, -17.743672407999952], [33.016207466000026, -17.75082896699996], [33.024214240000106, -17.74923684099997], [33.02672016800017, -17.744284453999967], [33.029131101000075, -17.74644962299982], [33.03036706800009, -17.75826654599996], [33.02134632200017, -17.75914561599984], [33.01722643900007, -17.763654967999912], [33.01924738400004, -17.776343958999973], [33.02299027900017, -17.776478968999868], [33.021941309000056, -17.78167137399987], [33.01724144200017, -17.784479593999947], [33.01162660100016, -17.783287501999837], [33.0148415110001, -17.787147802999925], [33.01398353600007, -17.79560946299989], [33.019122392000156, -17.79988079599991], [33.0132205590001, -17.803932112999917], [33.005297781000024, -17.79570647199995], [33.00453480400006, -17.80090287799993], [32.99582604900007, -17.801138897999977], [32.98473736100004, -17.794156353999938], [32.981140462999974, -17.79958477899993], [32.97413266100017, -17.79641453199997], [32.97096675100005, -17.803360074999944], [32.96065604400019, -17.811273693999965], [32.963104976000125, -17.819129305999923], [32.96056004800005, -17.821015453999962], [32.967239862000156, -17.83388745699989], [32.967914844000006, -17.842116097999963], [32.96230000300005, -17.84713148999998], [32.96537391700019, -17.85016372599995], [32.96101004200017, -17.861517611999943], [32.961445032000086, -17.87011628199997], [32.95338126000013, -17.871913423999956], [32.952664282000114, -17.88556948799993], [32.94952137100006, -17.88749563899995], [32.95485422200011, -17.8936091139999], [32.952595286000076, -17.894990221999933], [32.95509421600008, -17.90041364399997], [32.95377025500005, -17.910715446999973], [32.96981480300013, -17.91107047199995], [32.97739058800016, -17.90749719199988], [32.983398420000015, -17.916748911999946], [32.97373169299999, -17.916994932999955], [32.97209574100003, -17.925099563999936], [32.97506765800017, -17.930838009999945], [32.972476731000086, -17.93313818999991], [32.975448648000054, -17.93809557499992], [32.97191274800008, -17.938822632999972], [32.97323971100013, -17.943054961999962], [32.967689871000175, -17.961685412999884], [32.95201931400004, -17.959334231999946], [32.94595848600005, -17.96744086399997], [32.945076513000174, -17.977716663999956], [32.93730673300013, -17.983042078999915], [32.945458504000044, -17.990296641999862], [32.951523333000125, -17.98926456099997], [32.95595220900009, -17.997972237999875], [32.93837470800014, -18.012202346999914], [32.93775672700008, -18.015953638999974], [32.942029606000006, -18.018780857999957], [32.93651276300017, -18.02320420299992], [32.935719787000096, -18.02991472399998], [32.950428370000054, -18.025655390999873], [32.947785447000115, -18.037999350999826], [32.95229832000001, -18.03941845999998], [32.95936612200006, -18.049944276999952], [32.952996303000134, -18.053403546999903], [32.952935304000164, -18.04896920199991], [32.947552456000096, -18.05000628399995], [32.95655520300011, -18.059870048999926], [32.954861253000104, -18.066874592999966], [32.959462123000094, -18.067498640999872], [32.964080994000085, -18.078003455999976], [32.95902313800008, -18.082784827999888], [32.970737808000024, -18.088418263999927], [32.96759789700019, -18.093411651999872], [32.972057773000074, -18.101860306999924], [32.97090980600001, -18.105615598999975], [32.97546367800004, -18.110779998999874], [32.98197949400003, -18.10994993299994], [32.980762529000174, -18.114716303999955], [32.97582666900013, -18.114671300999873], [32.97811160600014, -18.125187116999882], [32.97208777800017, -18.133619771999975], [32.97602466699999, -18.136515995999957], [32.97494569800017, -18.139190203999874], [32.98243348700004, -18.14293449299987], [32.979587568, -18.14633875699991], [32.98264648300005, -18.153534314999945], [32.992530204000104, -18.157804644999942], [32.998172044000114, -18.155683478999947], [32.99776005700005, -18.161995968999975], [33.00997871400017, -18.174901967999972], [33.00910474200015, -18.195022526999878], [33.01811148900009, -18.20867658399993], [33.01642153900008, -18.21912339399995], [33.02139540000013, -18.22677998599994], [33.022002384000075, -18.23563467199989], [33.01608955200004, -18.238798917999873], [33.01533057400013, -18.244746378999935], [33.02299335800018, -18.24946174199988], [33.015818563000096, -18.257864393999967], [33.01673753900013, -18.26844921299994], [33.013697625000134, -18.269302279999977], [33.01970545600011, -18.276779857999884], [33.010989703000064, -18.27924004999994], [33.019450465000034, -18.28727466999993], [33.016219557000056, -18.28943783799997], [33.01584556800009, -18.29506127299993], [33.021647405000124, -18.29888756799994], [33.02511130800008, -18.30796526999984], [33.02863520900007, -18.306643166999947], [33.03544501800013, -18.31823506199993], [33.03690197600008, -18.31438976499993], [33.04427876800008, -18.32017721099993], [33.0545134780001, -18.31630690999998], [33.05211854800018, -18.331586091999952], [33.05636042900005, -18.338973662999877], [33.06549617100012, -18.342507934999844], [33.06717812400012, -18.346531244999937], [33.06279525000019, -18.35422784099984], [33.06418421100011, -18.358159143999956], [33.05822138100007, -18.365014674999884], [33.0571994120001, -18.37963380499997], [33.050733595999986, -18.38265103899994], [33.04697970100017, -18.375448482999957], [33.039541912000175, -18.38080889799994], [33.03158014000013, -18.390662660999965], [33.03025317900017, -18.40396968899995], [33.01892350300017, -18.419366878999824], [33.019141498000124, -18.42545534899989], [33.02994819200006, -18.428423576999933], [33.028876228, -18.458407889999876], [33.0257633170001, -18.466373504999922], [32.983047532000114, -18.492719543999954], [32.977111697000055, -18.478869476999932], [32.97983961900019, -18.471460904999958], [32.97130286100014, -18.47288701699989], [32.95111943500012, -18.48605303499994], [32.950055466000094, -18.491302439999913], [32.93975975800015, -18.49460569699994], [32.93597186500017, -18.49227151799994], [32.93510189100016, -18.497333907999916], [32.925924151000174, -18.499710092999976], [32.923906209000165, -18.50317435999989], [32.91578143900011, -18.50323136599991], [32.90931162100003, -18.49716589999997], [32.898611926000115, -18.504389457999878], [32.89653998600011, -18.51098896699989], [32.88835821700002, -18.511154981999937], [32.87591057100002, -18.517312457999935], [32.90052287900005, -18.543258452999908], [32.89125314800003, -18.574764880999965], [32.89649800000018, -18.58158240499995], [32.910280611000076, -18.587126828999885], [32.9104026120001, -18.611155677999932], [32.96185016700014, -18.683814254999845], [32.95903425100005, -18.70531390699989], [32.95343841000005, -18.70745907299994], [32.95195145600013, -18.724114351999958], [32.94532164499998, -18.732473994999964], [32.94173575000002, -18.750582384999973], [32.93672689400006, -18.7596330799999], [32.93693689000003, -18.768029724999906], [32.93182903500008, -18.76788171399994], [32.91935539100007, -18.783020877999945], [32.906915746000095, -18.79183155499993], [32.87980151700009, -18.798005033999857], [32.844806505000065, -18.77638538199983], [32.8145873630001, -18.778757569999982], [32.79204000600015, -18.794891811999946], [32.778295396000146, -18.79668995199995], [32.75692600600007, -18.81212913999991], [32.752387135000106, -18.81276818999993], [32.748706239, -18.808669876999943], [32.74298040100018, -18.810006979999912], [32.73581260599997, -18.814319311999952], [32.729750780000074, -18.823309002999963], [32.726523871000154, -18.82030477299992], [32.72091303000019, -18.822368931999904], [32.702713551000045, -18.84123038199982], [32.72503992400004, -18.871727712999927], [32.72665788600017, -18.904832245999955], [32.73356569300017, -18.91835027899998], [32.74167146400015, -18.92479776999994], [32.69833469700012, -18.93600963699987], [32.71108599600012, -18.981889451999848], [32.700049098000136, -18.983475752999937], [32.71430997600004, -19.000556477999908], [32.716864600000065, -19.02379735099987], [32.77556289, -19.02570854699991], [32.775573103000056, -19.0180999829999], [32.80583844900008, -19.01875116399998], [32.840653635000024, -19.00932510799987], [32.84558372000015, -19.014417246999926], [32.847736473, -19.02415334199992], [32.85090239100015, -19.061258172999942], [32.8631510460001, -19.075705272999983], [32.86870888700014, -19.071895980999898], [32.87636867000003, -19.072483024999883], [32.87648366900004, -19.084826965999923], [32.88473443800012, -19.102158285999963], [32.86851090600004, -19.137870009999972], [32.859104192000075, -19.22226943699991], [32.85076942900014, -19.22519166099994], [32.85333635900008, -19.236205497999947], [32.848526497000194, -19.242807000999903], [32.856109288000084, -19.27809068099998], [32.836567851000154, -19.310863173999962], [32.822213261000115, -19.31757768599988], [32.81081558900013, -19.334153946999947], [32.78431534800018, -19.352295328999958], [32.77662856700016, -19.354483495999943], [32.787184271000115, -19.375136060999978], [32.78738626700016, -19.38398873199992], [32.79115516100006, -19.387440992999927], [32.77794454200006, -19.408639601999937], [32.78009248600017, -19.43178635599986], [32.77633859800005, -19.456042193999963], [32.79326412, -19.47462659699994], [32.84535963600007, -19.47459458399993], [32.84048878300007, -19.511439372999916], [32.85176446800017, -19.540132539999888], [32.85855827500012, -19.54362680299994], [32.85012052799999, -19.600050066999927], [32.84572665400009, -19.604897433999838], [32.85699433500008, -19.616792328999907], [32.85357343500016, -19.628378203999944], [32.8447726870001, -19.63359559999998], [32.84653464100006, -19.653039065999963], [32.84006182600018, -19.655493251999815], [32.831265080000094, -19.666477081999915], [32.83230305100005, -19.669904339999903], [32.841083802000185, -19.67825796799997], [32.853737442000124, -19.68357336699995], [32.87665078800012, -19.67804194499996], [32.884455566000156, -19.68312732699991], [32.90439099700018, -19.678636984999912], [32.90743891000005, -19.681332186999953], [32.915201688000025, -19.675377736999963], [32.936170089000086, -19.672048481999923], [32.956700500000125, -19.655106200999853], [32.97513997300018, -19.649198751999904], [32.98606166700006, -19.679785055999957], [32.98523369200018, -19.688065680999955], [32.956128527000146, -19.71060638399996], [32.95587653500007, -19.71612679999987], [32.96735421000017, -19.728742747999945], [32.97389702400011, -19.728859755999906], [32.98375774499999, -19.74019360799997], [33.00772006300008, -19.750152352999976], [33.01453286800006, -19.74762316099998], [33.061780524000085, -19.774620184999947], [33.04727794500019, -19.809105780999914], [33.0480059300001, -19.84262229999996], [33.025275599999986, -19.955644784999947], [33.02365065300012, -19.98980634499992], [33.025420608000104, -20.016980379999893], [33.03001648000003, -20.033585621999976], [32.99847038000007, -20.02608106599996], [32.98855266400017, -20.027473171999873], [32.97534604300017, -20.037220903999923], [32.96383737300005, -20.038718017999827], [32.95587659900008, -20.03405266999988], [32.94498991199998, -20.040210132999903], [32.927190420000045, -20.039666095999905], [32.92106859600011, -20.042983344999868], [32.918470672000126, -20.049821856999927], [32.94055705000005, -20.097749436999948], [32.923467539000114, -20.098090465999974], [32.90953294000013, -20.108963280999944], [32.894209377000095, -20.106495098999858], [32.892546422000066, -20.09113795199994], [32.883536680000134, -20.092096024999876], [32.87016606399999, -20.103555883999945], [32.86762214300012, -20.128263730999947], [32.861496319000025, -20.134800219999875], [32.87038006700004, -20.143717883999898], [32.86259029200005, -20.152700556999946], [32.86919810500012, -20.16240227999998], [32.87425996600018, -20.18725113299996], [32.84847270500018, -20.193614612999966], [32.8477897300001, -20.219700557999943], [32.85789144300003, -20.229219264999927], [32.86143834100005, -20.22598002299992], [32.87437797200016, -20.232628515999977], [32.870689081000194, -20.248936731999947], [32.86384227899998, -20.258259427999917], [32.86664920200019, -20.271909443999903], [32.872810027000185, -20.276032749999843], [32.80356002500008, -20.341864662999967], [32.80617695500007, -20.365431413999943], [32.76103926000002, -20.415249123999956], [32.66761197300008, -20.55445046499989], [32.56692586000014, -20.552874372999952], [32.52101318900014, -20.59293034799998], [32.508333554000046, -20.59914281099998], [32.507673576000116, -20.60790045899995], [32.503058708000026, -20.607131402999983], [32.49823684700016, -20.611547730999916], [32.504923658000166, -20.620729407999875], [32.49850384300004, -20.621683479999945], [32.497133883000174, -20.625137735999942], [32.50362669800012, -20.62746190599995], [32.495402934000026, -20.62965707099994], [32.49160704500014, -20.637490649999904], [32.49498694900018, -20.638221703999818], [32.49534494000005, -20.644091136999975], [32.49057707600008, -20.642222999999944], [32.490073093000035, -20.649725554999975], [32.48721617500007, -20.651278669999954], [32.48938711400001, -20.65339582599995], [32.48532023100006, -20.655031947999817], [32.48991309900015, -20.65616703099994], [32.48836114500017, -20.65992130799998], [32.493994984000096, -20.66187045099997], [32.495215950000045, -20.665456714999948], [32.49331600600004, -20.669537016999925], [32.48578222200018, -20.670525091999878], [32.492465032000155, -20.67720258299994], [32.494417983000176, -20.69945222499996], [32.50301973900008, -20.710693051999954], [32.49419299500005, -20.716985518999934], [32.502226793000034, -20.81362663799996], [32.524340185000085, -20.907040500999926], [32.48752926800017, -20.9897355789999], [32.3802253930001, -21.109594385999856], [32.38317731199999, -21.12199529199995], [32.377871465000055, -21.123269385999947], [32.3629788990001, -21.13959958399994], [32.38072439000007, -21.145953042999906], [32.39034111700005, -21.15697484599997], [32.383112326000116, -21.159521033999965], [32.38436029100012, -21.162594257999956], [32.390692109000156, -21.165348456999936], [32.39373602100011, -21.16206021599993], [32.41318646400015, -21.17381606899994], [32.39884787900013, -21.18050156099997], [32.39411001900015, -21.18886817299989], [32.397168932000056, -21.19289446599987], [32.39638395600008, -21.198618883999927], [32.400689835000094, -21.207309516999942], [32.408834602000184, -21.211650831999975], [32.41857732600016, -21.225954871999875], [32.42943701500013, -21.231672285999878], [32.42481715100013, -21.242276060999927], [32.433647900000096, -21.250325644999975], [32.47614269400003, -21.310398008999982], [32.48022858100012, -21.32724823399991], [32.45261037200004, -21.30966696199988], [32.436096846000055, -21.30494062299988], [32.41748937900013, -21.293296779999878], [32.39235909300004, -21.262500543999977], [32.37654754599998, -21.25473698299993], [32.337898656000164, -21.24607936299992], [32.313229359000104, -21.22308669399996], [32.30466160200007, -21.21019975599995], [32.30588256400006, -21.202247175999958], [32.289224037000054, -21.184348874999955], [32.28577912800006, -21.159641070999953], [32.2707235420001, -21.104517046999945], [32.257734913000036, -21.096881492999955], [32.24044741100016, -21.09754654699998], [32.23380559600014, -21.079521229999898], [32.22471185600017, -21.076978046999898], [32.21648709000016, -21.068560432999902], [32.19466471600009, -21.06425512499993], [32.186023958000135, -21.04552975699994], [32.19526668900005, -21.035500018999983], [32.19606466200008, -21.024042178999935], [32.1905408180001, -21.016375618999916], [32.164887552000096, -21.005342818999964], [32.157727754999996, -20.99777226599997], [32.152028911000116, -20.978372845999957], [32.15867771400019, -20.960829556999897], [32.1571017550001, -20.94897068699987], [32.14731003300011, -20.9400820379999], [32.14008124000003, -20.938042889999963], [32.13554936600002, -20.926615052999978], [32.13982623900017, -20.91426014399991], [32.14962495300017, -20.904070391999937], [32.156266758000186, -20.89091842399995], [32.15686173600005, -20.87757744299995], [32.183281963000184, -20.840455704999897], [32.1965865680001, -20.804318040999817], [32.210838156000136, -20.797092503999977], [32.21970289600017, -20.78065729099984], [32.209129196000106, -20.76898743499987], [32.20880120000015, -20.754223346999936], [32.212692087000164, -20.750836095999944], [32.21728894800009, -20.729670533999922], [32.22768364300009, -20.71180721299993], [32.225604698000154, -20.698561235999875], [32.22887360200008, -20.690646650999952], [32.24701207800018, -20.681849995999983], [32.25549583100002, -20.67094818899983], [32.26085066900009, -20.645752325999922], [32.2568537730001, -20.616732182999897], [32.271219356000074, -20.59985092999989], [32.28863684300018, -20.559001902999967], [32.28775185900014, -20.531930898999917], [32.28271999700013, -20.512199437999982], [32.289128806000065, -20.489641764999874], [32.28425693400004, -20.454626168999937], [32.288914781000074, -20.39706489499997], [32.29582656600002, -20.344330973999888], [32.31459800400012, -20.26900236299997], [32.31970985500004, -20.26007869599988], [32.3271636180001, -20.18754228699987], [32.3391302660001, -20.156751984999858], [32.33956923500011, -20.096030448999954], [32.345062072000076, -20.076552991999904], [32.33909523600005, -20.0559414519999], [32.33737527900013, -20.036180973999876], [32.34355109500001, -20.01428533299992], [32.340591175999975, -19.99996926199998], [32.33504033100019, -19.990748571999973], [32.31979376400017, -19.981952917999934], [32.284836762000054, -19.97826965199988], [32.26742325400005, -19.961087368999927], [32.25504460600007, -19.958842204999883], [32.23360721300014, -19.941397902999938], [32.20917490700009, -19.930422086999954], [32.20219809900016, -19.909371509999914], [32.19631226600012, -19.90372508799993], [32.141873819000125, -19.901498937999918], [32.09555714300018, -19.90452217899997], [32.08999929700019, -19.892950311999982], [32.08293449700005, -19.88736889599994], [32.07584669300019, -19.87005759799996], [32.052269363000164, -19.862113008999927], [32.03342090300009, -19.86531225499988], [32.01660638200019, -19.86322310399987], [31.98481728400003, -19.848965042999907], [31.977802481000026, -19.84019838699993], [31.967821750000155, -19.79957033599993], [31.92667991200011, -19.76795397099994], [31.899376670000038, -19.711848755999938], [31.877019303000168, -19.701993020999964], [31.85891181200003, -19.68381065699998], [31.84348925000006, -19.678517262999947], [31.842979260000163, -19.667934465999963], [31.835306478000177, -19.664919240999893], [31.832943542000066, -19.656947640999874], [31.82351381000001, -19.65519251199987], [31.827707680999993, -19.63035663599993], [31.82549374000007, -19.620305877999954], [31.795507589000124, -19.6050957409999], [31.79097371300014, -19.593959901999938], [31.774723175000133, -19.59012361799995], [31.77013830300018, -19.58369413399987], [31.75627769900018, -19.58583830099991], [31.7393451800001, -19.58398216699993], [31.726474530000075, -19.54239902899991], [31.714341875000116, -19.540536892999967], [31.709538006000116, -19.528637994999883], [31.703133187000162, -19.524324670999874], [31.6831727550001, -19.52232952799983], [31.679318852000165, -19.492695286999947], [31.67594094600014, -19.486611827999923], [31.67776388600015, -19.468313441999896], [31.67464797200006, -19.46141192099998], [31.649343695000084, -19.466492314999982], [31.639613968000162, -19.45750763899997], [31.621985472000176, -19.463354087999903], [31.61035879600007, -19.447054857999944], [31.59366627300011, -19.45067313899989], [31.589645389000168, -19.455876533999913], [31.583169573000077, -19.45387538499989], [31.57301386300003, -19.456891617999872], [31.54864454000011, -19.41733162999998], [31.527502139000035, -19.41183422199998], [31.52496320800003, -19.405732759999978], [31.526441161000037, -19.394678921999912], [31.52156740700019, -19.390497911999944], [31.49230412800017, -19.38516421399993], [31.489258211000163, -19.376767577999942], [31.480015472000048, -19.372664270999962], [31.46129600900008, -19.381262930999924], [31.44835436800014, -19.362424506999957], [31.443832496000084, -19.360132334999946], [31.4337697900001, -19.377480654999943], [31.42513903200006, -19.370007091999867], [31.406769557000132, -19.374293423999973], [31.396004860000176, -19.36877901099996], [31.364908729999968, -19.336921605999976], [31.33832047800007, -19.31881224199998], [31.318139457000143, -19.309383546999925], [31.311245238000026, -19.299454783999977], [31.293852729000093, -19.29109415599993], [31.28383300900009, -19.280833379999876], [31.258809716000087, -19.27292879099997], [31.241424204000054, -19.258575706999977], [31.230572510000172, -19.254760421999947], [31.21779286800006, -19.244789668999942], [31.209289110000043, -19.244402642999944], [31.203645268000116, -19.239767292999943], [31.193229563999978, -19.240696368999977], [31.188440942000113, -19.233762599999977], [31.30478838400012, -19.220491782999886], [31.29749556200011, -19.157365979999952], [31.32957364700013, -19.150149416999966], [31.318902939999987, -19.127675708999902], [31.31521802600014, -19.089149772999917], [31.339314340000044, -19.08603452499983], [31.344641187000036, -19.081314162999888], [31.36352365500005, -19.08969179399992], [31.373645366000062, -19.087156595999943], [31.37674128300017, -19.09670532299998], [31.388365957000076, -19.107261122999944], [31.393544809000105, -19.104281893999882], [31.40668044100005, -19.116024783999933], [31.425928891000126, -19.10798416299997], [31.43634658900004, -19.094616138999868], [31.441726436000124, -19.09357305799989], [31.442691411999988, -19.10147965999994], [31.453983096000115, -19.111866447999944], [31.465598773000067, -19.129069753999943], [31.468186706000097, -19.143390844999885], [31.480477363000148, -19.156394829999897], [31.483103288000052, -19.156407829999978], [31.487830150000036, -19.14756515499994], [31.502389738000147, -19.150361361999956], [31.50392369700012, -19.15698786599995], [31.511772476000033, -19.160360119999893], [31.516544343000078, -19.167476659999863], [31.524238124000078, -19.167520659999923], [31.59157717200003, -19.074601551999933], [31.598784956000088, -19.049042597999858], [31.589712198000086, -19.011310720999916], [31.59577102899999, -19.017420184999878], [31.61608545300004, -19.020146385999965], [31.625843180000118, -19.030662184999983], [31.624188230000186, -19.038150756999983], [31.632404997000094, -19.03669164299987], [31.63685287200019, -19.04066894499988], [31.649597509000102, -19.03754570199993], [31.66188916200008, -19.042836100999978], [31.690781342000037, -19.043351129999962], [31.696619174000034, -19.037931713999967], [31.71201273700018, -19.03825573299997], [31.712215729000093, -19.034049411999945], [31.72023350000012, -19.030980174999968], [31.719974505000096, -19.024769699999922], [31.726674314000093, -19.02147344599996], [31.738846971000157, -19.02770491799987], [31.76930410799997, -19.0325422759999], [31.78445768300014, -19.04779343499996], [31.795117382000058, -19.05193074699997], [31.797515317000148, -19.06006436699988], [31.80379213900011, -19.060592404999966], [31.81316287700008, -19.071347221999872], [31.812573897000163, -19.080195897999886], [31.820307679000052, -19.085153272999946], [31.832483334000187, -19.086481369999944], [31.837421198000186, -19.097748227999944], [31.842150065000055, -19.101239491999877], [31.854898704000163, -19.103665672999966], [31.860724538000056, -19.101687519999928], [31.88028198799998, -19.116756661999887], [31.886276817000123, -19.11474650699995], [31.892900628999996, -19.117580720999968], [31.89826447600018, -19.114620492999904], [31.911274109000033, -19.122491088999936], [31.925786696999978, -19.122960119999902], [31.940722270000037, -19.11592657899996], [31.953865897000185, -19.11779471699998], [31.963304628000174, -19.11517151399994], [31.97219137900015, -19.12329712999997], [31.98189210200013, -19.119522839999888], [31.982626078000123, -19.112104273999933], [31.971430389000034, -19.093238838999923], [31.969707435000146, -19.084648183999946], [31.97191236700013, -19.069099997999956], [31.969097441000088, -19.05310177799987], [31.977426201000185, -19.042222944999935], [31.974312282000028, -19.02270045499995], [31.97852915700014, -19.0055061409999], [31.97531124500017, -18.996082421999915], [31.975876218999986, -18.970135438999932], [31.969850389000044, -18.966312148999975], [31.967277459000172, -18.95896858799989], [31.94827899100011, -18.937966987999914], [31.95408341900003, -18.920795928999837], [31.934165380000024, -18.9040553989999], [31.92907852500008, -18.90781968799996], [31.921035753000183, -18.90499647499996], [31.917222850000087, -18.874789163999935], [31.912295985000014, -18.86330028599997], [31.913260953000133, -18.849314213999946], [31.90676513200009, -18.833900034999942], [31.908186077000153, -18.79363894799991], [31.883085772000186, -18.748459489999902], [31.869063169000185, -18.745608275999928], [31.852019654000117, -18.752411803999905], [31.84169194500015, -18.746342341999878], [31.829674286000113, -18.74706540099993], [31.83368116800017, -18.735532514999875], [31.830345258000193, -18.722977551999975], [31.81328873100017, -18.694756389999952], [31.79560822500008, -18.67607796099992], [31.792691304000073, -18.667967337999983], [31.78593449600004, -18.66900241999997], [31.78139661900019, -18.654277289999925], [31.772348873000112, -18.646591701999967], [31.77246486700011, -18.639519157999928], [31.763207128000033, -18.63601289099995], [31.7567663050001, -18.622579859999973], [31.75827225800009, -18.611686021999958], [31.75085746400015, -18.60143723599998], [31.755623962000186, -18.59730251399992], [31.756408951000026, -18.591409476999956], [31.770843553000077, -18.579471758999944], [31.77164817400012, -18.570747578999942], [31.74696455300017, -18.546795028999952], [31.750347454000064, -18.536760254999876], [31.72180725300018, -18.51325945399998], [31.749449465000055, -18.498928338999917], [31.761803095999994, -18.447563372999923], [31.84429875400008, -18.42722377499996], [31.844953731000032, -18.414946826999937], [31.830786124999975, -18.39744947999992], [31.832151085000135, -18.39306414099991], [31.84506371800012, -18.387561711999922], [31.841554814000062, -18.38037415699995], [31.854543441000146, -18.363913880999974], [31.85629438500007, -18.347028574999968], [31.864171156000168, -18.329472214999953], [31.858842303000017, -18.31724727099993], [31.859448278000173, -18.296360654999944], [31.856862349000153, -18.28902208799991], [31.859771265000177, -18.284470734999957], [31.8532844450001, -18.2761500929999], [31.85676734500015, -18.273025849999954], [31.855397372000027, -18.240205308999975], [31.86063922300019, -18.23711506799998], [31.864654105000056, -18.224682103999953], [31.864861091000137, -18.20145630399992], [31.86862998200013, -18.193101654999907], [31.865630064000072, -18.18622112199995], [31.874912797000093, -18.173273114999972], [31.868408970000132, -18.142035693999958], [32.000542238000094, -18.144401835999872], [31.994483396000078, -18.106266878999918], [31.97348598000002, -18.08034787199989], [32.00675303200012, -18.05468586799998], [32.013737835000086, -18.05345176999998], [32.01745672700014, -18.045257131999904], [32.04700088500016, -18.022127325999918], [32.052981712000076, -18.00920931899998], [32.080106939000075, -17.986109514999896], [32.100237364000066, -17.963766769999893], [32.138379277000126, -17.93189327799996], [32.147656015000166, -17.928300995999905], [32.145524071000125, -17.916843103999895], [32.14762201100018, -17.912577770999974], [32.14136218600015, -17.909506533999945], [32.140881199000034, -17.904926176999936], [32.14619504600017, -17.89560044899997], [32.14289913200014, -17.874421799999936], [32.151424887000076, -17.85795451399997], [32.14889995300007, -17.84231829499987], [32.15507877800013, -17.84024113099997], [32.16058362100006, -17.83348860299992], [32.18419595300014, -17.82765214099993], [32.190894762000084, -17.819949538999936], [32.20223944200012, -17.820365567999943], [32.21470908800012, -17.812011912999935], [32.226503750999996, -17.797839803999977], [32.24574820600009, -17.78759599899996], [32.260907772999985, -17.77164574999989], [32.26573663700003, -17.770619668999927], [32.26774357700003, -17.75998183699994], [32.27570034900003, -17.746380772999885], [32.290752924000174, -17.741824412999904], [32.29320185400013, -17.73907119799992], [32.291602897000075, -17.733919795999952], [32.30094163200016, -17.7251921109999], [32.324858956000185, -17.719757680999862], [32.331251773000076, -17.708944833999965], [32.36573279500004, -17.688750246999973], [32.382020332000025, -17.674644139999884], [32.412411475000056, -17.67157689299995], [32.42211619900013, -17.663218235999977], [32.43547482500003, -17.672205935999955], [32.44250862600012, -17.669870751999895], [32.44576653300015, -17.665175383999895], [32.44233662900001, -17.660402010999917], [32.46493798800003, -17.646849945999975], [32.47039283300006, -17.639616378999904], [32.47320875000008, -17.626721368999938], [32.49170122800018, -17.624215168999967], [32.502647546000105, -17.608823498999982], [32.53073612700007, -17.61758864099994], [32.54211080600004, -17.61545247099997], [32.54843962800004, -17.61938377799987], [32.551434543000084, -17.615288456999963], [32.55046856800004, -17.606496768999932], [32.55647339900008, -17.605882718999965], [32.56246222800013, -17.596323968999968], [32.56438417400017, -17.600701311999956], [32.56796607300015, -17.597230038999896], [32.57142997700004, -17.60469562299994], [32.57936253800011, -17.60591385999993], [32.58282865199999, -17.588562356999944], [32.58938946600017, -17.58582514199992], [32.5938200600001, -17.575462250999976], [32.602681227999994, -17.57229518899993], [32.61211242500008, -17.561166175999972], [32.62758875900005, -17.569689419999975], [32.62927048900008, -17.559075673999928], [32.63535936400001, -17.55802529099998], [32.63924323900011, -17.55272394499991], [32.64538138700016, -17.52619266399995], [32.63935021999998, -17.49857766199989], [32.6498754700001, -17.49063375099996], [32.674340050000126, -17.480891898999914], [32.71313795500015, -17.471987192999904], [32.733798371000034, -17.457828077999977], [32.73319538100009, -17.42738468799996], [32.75354280100015, -17.392131915999983], [32.759382634000076, -17.37835383199996], [32.75859265500003, -17.372007332999942], [32.763216524000086, -17.369165108999937], [32.770921305000115, -17.35474697399991], [32.78540589400018, -17.341189905999954], [32.79396965200016, -17.33426935999995], [32.801686435000136, -17.334952411999893], [32.82524876800005, -17.316615965999915], [32.843483255000024, -17.316695968999966], [32.85405695500003, -17.302786872999945], [32.8548769300001, -17.29303910599998], [32.870040501000176, -17.2791350089999], [32.88488308300009, -17.275669733999962], [32.90754144599998, -17.276579801999958], [32.91969410200011, -17.26994527799991], [32.92482095700018, -17.26321574699989], [32.96277988800006, -17.259562452999944], [32.99432462500016, -17.24569648499994]]]}}, {"type": "Feature", "properties": {"PROVINCE": "Mashonaland Central", "NAME": "Mashonaland Central", "PCODE": "ZW12", "AREA_SQKM": 28195.2, "CAPITAL": "Bindura", "PRIMARY_MINERALS": "Nickel, Gold, Lithium, Copper, Pyrite", "JURISDICTION": "Mashonaland Central Provincial Mining Directorate"}, "geometry": {"type": "Polygon", "coordinates": [[[30.422398441000098, -15.618543416999955], [30.421902098000146, -16.00080346599998], [30.905470152000078, -15.999174837999874], [30.914886887000193, -15.996360607999975], [30.931236435000073, -16.005646346999924], [30.936191296000175, -16.004336239999873], [30.940801170000043, -16.009530654999878], [30.947722977000126, -16.009953685999903], [30.958058694999977, -16.026281991999895], [30.958410688000072, -16.032313475999956], [30.95522977800016, -16.034398643999907], [30.965569492000157, -16.041063174999977], [30.964161533000095, -16.044020411999952], [30.971039344000133, -16.050568934999887], [30.990663800000107, -16.05948564199997], [31.00684334700003, -16.056981434999955], [31.01257618400018, -16.049930866999944], [31.017060058000084, -16.049755850999873], [31.02511482900013, -16.038806969999882], [31.02383286300011, -16.034570629999962], [31.02851372700019, -16.021593586999927], [31.043816299000127, -16.02114854599995], [31.05181907400015, -16.01759925799996], [31.058087897000064, -16.01171278299995], [31.063634736999973, -15.999584807999952], [31.066432662000125, -16.005942316999892], [31.061894791999975, -16.014482003999944], [31.065148703000034, -16.018200300999922], [31.077977342000167, -16.011819783999954], [31.087451080000164, -16.017155207999963], [31.087869064000074, -16.008834540999942], [31.094416882000075, -16.008664523999983], [31.098820756000123, -16.002164000999926], [31.10471059100007, -16.000885895999943], [31.10666353400012, -15.995813487999953], [31.143954489000123, -15.984652577999896], [31.150025322000033, -15.989865993999956], [31.158038097000144, -15.986839747999966], [31.18046947099998, -15.988690888999827], [31.187717275000182, -16.004828180999937], [31.207358726000052, -16.003516067999954], [31.225051234000034, -16.00711535099998], [31.238127866000184, -16.000587821999886], [31.249462553, -16.009604540999874], [31.25690634400013, -16.005973246999872], [31.263273167000136, -16.008326433999912], [31.278043753000134, -16.002666973999965], [31.2939943130001, -16.0174981589999], [31.297580213000117, -16.016413069999942], [31.298953172000097, -16.01013156599987], [31.305778981999993, -16.01291278599996], [31.308778901000153, -16.019693328999892], [31.312654792000103, -16.018019193999976], [31.316417690000094, -16.02536878199993], [31.320594573000108, -16.023687645999928], [31.328573355000174, -16.038377820999926], [31.342377972000065, -16.043934261999937], [31.344636912000112, -16.05116584099983], [31.33664513700012, -16.05742934599982], [31.338642085000117, -16.066557076999914], [31.355643613000154, -16.07379765199994], [31.371943165000175, -16.092531146999875], [31.39727246299998, -16.109067463999963], [31.40350329300003, -16.118988255999966], [31.40430827700004, -16.13555858299992], [31.413139032000174, -16.140334962999873], [31.423825730000146, -16.133289394999906], [31.434512434000055, -16.140357956999935], [31.434573436000164, -16.150250748999895], [31.424420721000047, -16.154085059999886], [31.426785657000153, -16.159131462999824], [31.443348191999974, -16.15360401499987], [31.450922981000133, -16.154332070999885], [31.45245994000004, -16.159213460999922], [31.456817817000058, -16.155849189999913], [31.461313692000033, -16.158779422999828], [31.469150471000148, -16.153581003999932], [31.47376834300013, -16.15625721699996], [31.490416877000087, -16.154779092999945], [31.499590626000156, -16.169077234999918], [31.51736512700012, -16.16246769899982], [31.522542985000086, -16.16862919099998], [31.53664959000008, -16.168734194999956], [31.537685563000082, -16.17368759099992], [31.557426011000075, -16.172577494999928], [31.56176489300009, -16.1825382909999], [31.576893469000026, -16.177641893999976], [31.596048933000077, -16.177935911999953], [31.612741469000127, -16.18454743599989], [31.62729006000012, -16.17677380899994], [31.633452889000125, -16.18072512299983], [31.636482806000117, -16.187227641999982], [31.64658852600013, -16.19248405999997], [31.666261974000065, -16.18828171699994], [31.681026564000092, -16.19463222099995], [31.704569907000007, -16.198802546999957], [31.706982839000034, -16.196261342999946], [31.708702791000007, -16.19940859399992], [31.715231608000124, -16.196780381999872], [31.730152195000187, -16.209791417999952], [31.733044113000176, -16.205648085999883], [31.736735011000064, -16.209447388999934], [31.736149031000025, -16.21981121799996], [31.75862440600008, -16.230112034999877], [31.767591155000105, -16.228810927999973], [31.773070004000033, -16.237245600999927], [31.779093836000186, -16.238355687999842], [31.782356748000154, -16.24973759699992], [31.797010340000043, -16.253417886999955], [31.795807377000074, -16.263103661999878], [31.8042151410001, -16.26222858899996], [31.804419136000035, -16.264845798999886], [31.815049840000142, -16.26750800799988], [31.81276890600003, -16.27376850899998], [31.822621632000107, -16.27975998499994], [31.81497584700014, -16.28269022199993], [31.81451386100008, -16.287391597999886], [31.823182618000146, -16.28540643599996], [31.828315476000114, -16.29108888899998], [31.827252507000026, -16.29456216699998], [31.831033402000116, -16.297376390999943], [31.82811848500006, -16.30102868299997], [31.82963744400007, -16.304858988999968], [31.8358032700001, -16.299754578999966], [31.838653190000173, -16.29941555099998], [31.839461168000014, -16.303399868999975], [31.84440302900009, -16.300942670999973], [31.849050902000158, -16.310223411999914], [31.853992763000065, -16.307768213999907], [31.86175254900013, -16.315735847999974], [31.86782838000005, -16.318913099999918], [31.87265824399998, -16.317700001999924], [31.872181259000058, -16.321713322999926], [31.879160062999972, -16.320729241999913], [31.876251146000072, -16.324658556999964], [31.877903101000072, -16.328071828999953], [31.88367493800007, -16.32435352999994], [31.89126172600004, -16.325011579999966], [31.895017624000104, -16.334587343999942], [31.89911450900007, -16.332563180999955], [31.901334447000067, -16.335812439999927], [31.899583498000084, -16.340267795999978], [31.90523034100005, -16.34345204899995], [31.90292840700016, -16.348748472999944], [31.906636305000177, -16.354461927999978], [31.90396438199997, -16.362249549999945], [31.90879024700007, -16.360899440999958], [31.91372811100007, -16.370172179999884], [31.91335812200009, -16.37266337899996], [31.909627227000044, -16.37205833099989], [31.91180717000003, -16.385533405999922], [31.905814339000187, -16.392016924999893], [31.90866926100017, -16.397886392999965], [31.911504182000158, -16.39685630999992], [31.915027086000123, -16.406712094999875], [32.03828764500008, -16.439972712999918], [32.2726790800001, -16.430894928999976], [32.40480438900005, -16.466347724999878], [32.568824808000045, -16.528452636999816], [32.71272978900015, -16.596684038999967], [32.70232809600003, -16.675137276999976], [32.70633698500018, -16.679587629999958], [32.75679666700012, -16.702184909999914], [32.74815981800003, -16.712966272999893], [32.73283724999999, -16.72412216099997], [32.70906791800013, -16.729043555999908], [32.69259638200009, -16.739690404999976], [32.68009673300014, -16.74129853499994], [32.66219023300005, -16.730044644999964], [32.65645339200006, -16.723006086999874], [32.648999601000185, -16.721820994999973], [32.63013613300012, -16.731987804999903], [32.593734156000096, -16.741779589999965], [32.575095678000025, -16.739036375999945], [32.561886047000144, -16.729912653999975], [32.55006876000016, -16.727736550999964], [32.54515851400015, -16.722010030999968], [32.527467009000134, -16.71901579699994], [32.50998449700012, -16.70457565399994], [32.50111174500017, -16.702000450999947], [32.487284133, -16.70384359999997], [32.48194728100003, -16.698891207999907], [32.471144585000104, -16.70229648099985], [32.46017389200017, -16.69694405799993], [32.44131042300006, -16.705286724999894], [32.42639884100009, -16.70491669899991], [32.40796736000016, -16.71319936099991], [32.39687467100009, -16.712640318999945], [32.39004286400018, -16.718845812999916], [32.370885400000134, -16.71593658699993], [32.33935429100006, -16.74278472599991], [32.272332172000176, -16.747302099999956], [32.255558647999976, -16.767040670999847], [32.24789586400016, -16.772181079999882], [32.23435024400004, -16.773576193999872], [32.22806742400019, -16.783914015999926], [32.21610875600015, -16.772404105999954], [32.20049119200007, -16.766880671999843], [32.17711585100017, -16.777322505999962], [32.162948249000124, -16.77861361199996], [32.153499517000114, -16.788803422999877], [32.13769996000019, -16.79111360999991], [32.125023315000135, -16.789343472999974], [32.110123735000116, -16.794456882999953], [32.10433689900009, -16.799802307999926], [32.10369291900008, -16.806086806999872], [32.0984320660001, -16.805566766999902], [32.09261922999997, -16.80981610599997], [32.07366076000005, -16.802714547999926], [32.04749649500013, -16.805808799999966], [32.03991270900008, -16.811632263999968], [32.04043169900001, -16.826920475999884], [32.011417517000154, -16.840126530999896], [32.003311747000055, -16.84788214799994], [32.00069482300006, -16.85604279499995], [32.00310576100003, -16.875592342999937], [32.009830577000116, -16.888758383999914], [32.00139282000015, -16.909750048999967], [31.976403525000137, -16.92200802699989], [31.960690964000094, -16.916065560999982], [31.954286144000037, -16.917078642999968], [31.944153434999976, -16.938694356999918], [31.942472488000078, -16.956642776999956], [31.909623415000056, -16.97268805599998], [31.914901269000154, -16.97787646499995], [31.91286933300006, -17.00074927399993], [31.895076833000132, -17.0006062679999], [31.896127807000028, -17.01066506299992], [31.89157093600005, -17.016734543999974], [31.894267862000106, -17.02057784699997], [31.906350523000185, -17.02241298899986], [31.910710404000042, -17.03236077399987], [31.909396443000105, -17.039586344999975], [31.875263412000095, -17.069981755999947], [31.86856660000001, -17.069823745999827], [31.85612995200006, -17.079302497999947], [31.853210036000064, -17.084560913999894], [31.85514398300012, -17.089492302999872], [31.848479176000126, -17.104441484999825], [31.83341160500015, -17.123141965999878], [31.835067561000017, -17.13135061299988], [31.832536634000178, -17.136248999999907], [31.84805020300007, -17.15103016199987], [31.811293241999977, -17.167989510999973], [31.798515604000045, -17.177849291999962], [31.78818389500009, -17.178862374999937], [31.782636053000033, -17.185225878999972], [31.76484255300005, -17.186455980999938], [31.761943638000105, -17.19530467999988], [31.75779175600013, -17.198251913999854], [31.749810980000063, -17.198980973999937], [31.740240248000077, -17.19535269099987], [31.728031593000026, -17.202135228999907], [31.722603719000176, -17.21562049399995], [31.741373230000193, -17.23647092999994], [31.749411012000166, -17.258460659999912], [31.74816905099999, -17.269134500999883], [31.754254883000158, -17.279030277999937], [31.75135396799999, -17.28809499199997], [31.715866978000122, -17.32208267799996], [31.70346233000015, -17.330315329999905], [31.698383475000128, -17.33874899499989], [31.690931687000102, -17.34374638999992], [31.67765606800009, -17.36545910199993], [31.656458668000028, -17.37442481399995], [31.649340872000096, -17.38597272399994], [31.640931109000178, -17.38654477199998], [31.635591261000116, -17.392067206999968], [31.633836314000177, -17.400515871999914], [31.61386288200009, -17.41653713699992], [31.623039630000164, -17.432956423999883], [31.613349902000095, -17.43235937999998], [31.611343961000102, -17.440338006999923], [31.60578011900003, -17.443253237999897], [31.60485714700002, -17.44734255999998], [31.590477554000188, -17.45436011499993], [31.586260671000048, -17.451573897999936], [31.584261731000026, -17.459510521999903], [31.569612143000086, -17.458629457999905], [31.56399730100003, -17.460830632999887], [31.56335232100014, -17.46447591899988], [31.54044596700004, -17.46922129999996], [31.532309196000142, -17.467894197999897], [31.528332309000177, -17.471161455999948], [31.526009379000186, -17.48247334499996], [31.51299174799999, -17.48996793699996], [31.505412969000076, -17.50856439899985], [31.505906958000025, -17.51784812699998], [31.473863877000042, -17.5588553529999], [31.47265291400015, -17.565834900999903], [31.47557283400016, -17.571610351999936], [31.469481010000038, -17.58284623499992], [31.45862830700014, -17.562542647999976], [31.37452270199998, -17.628756865999947], [31.335243800000057, -17.60832828199989], [31.308602565000115, -17.643403037999974], [31.29035207800007, -17.641430890999914], [31.279930372000024, -17.64368707099993], [31.28518821300014, -17.617711035999946], [31.280500342000096, -17.6094803929999], [31.27680243700013, -17.590130878999958], [31.285934173000044, -17.572694509999906], [31.287750114000062, -17.554779104999966], [31.30025774700016, -17.520339399999955], [31.30706754100015, -17.486606750999897], [31.292310956000165, -17.485801693999917], [31.275533425000106, -17.478292110999973], [31.269249602000002, -17.47997024499989], [31.23860137700018, -17.47060471599991], [31.227836765000177, -17.473683768999933], [31.138185274000193, -17.444826539999895], [31.145651067000188, -17.45235412799991], [31.134562385000038, -17.46520814099989], [31.126392615000157, -17.465330153999957], [31.125069654000185, -17.46869141899998], [31.119215819000146, -17.47009953199995], [31.11620390700017, -17.477092081999956], [31.11970980899997, -17.478618199999914], [31.11858684200007, -17.482202481999934], [31.124891665999996, -17.4843716499999], [31.125446654000086, -17.4924052799999], [31.108453138000073, -17.50617936699996], [31.112395030000073, -17.512685875999978], [31.108829132000096, -17.516860204999944], [31.116100928000094, -17.518567335999876], [31.120832798000094, -17.5249738359999], [31.114799976000086, -17.542748231999894], [31.063870702000088, -17.543916530999923], [31.05843059600005, -17.616286017999983], [31.051783782000086, -17.61284275099996], [31.067612346000033, -17.63445743699998], [31.052250782000158, -17.641304978999926], [31.073952192000036, -17.687000544999876], [31.08167344900005, -17.73040984299996], [31.04632444200007, -17.74022860699995], [31.041554192000092, -17.73242616199991], [31.037544408000144, -17.737383670999918], [31.025913890000083, -17.727099838999948], [31.026176501000066, -17.739179313999898], [30.995628228000157, -17.737134641999944], [30.97547833500016, -17.718829735999975], [30.96254571600008, -17.71391251999995], [30.955354523999972, -17.660521724999967], [30.93048687800018, -17.66211411699993], [30.92852577499997, -17.700605843999938], [30.912714628000174, -17.687182313999926], [30.844607632000077, -17.65049579099997], [30.837489839000114, -17.662731751999956], [30.789851168000098, -17.639969992999852], [30.760071988000163, -17.604298212999936], [30.78542425100005, -17.55769554999995], [30.728485850000084, -17.55261217799989], [30.691245901000002, -17.559635746999902], [30.64476120500001, -17.55193116499987], [30.61149239200006, -17.551942410999914], [30.612364104000108, -17.518321746999902], [30.621295830000122, -17.47627044399991], [30.619523869000147, -17.454957771999887], [30.632350483000096, -17.406341947999977], [30.617734871000096, -17.362844535999955], [30.668480382000155, -17.251236522999932], [30.671445293000033, -17.240974712999957], [30.655140749000168, -17.236198343999945], [30.68195698600016, -17.21772187499994], [30.718308675999992, -17.15579893499995], [30.738874990000113, -17.061296005999964], [30.692113616000142, -17.05081269799996], [30.66930526300007, -17.06316368399996], [30.663021425000068, -17.036174553999956], [30.64059106000002, -17.048090506999927], [30.636534164000125, -17.02743187599998], [30.633450249000134, -17.02509369199987], [30.619010656000057, -17.029797070999905], [30.598360236000133, -17.03126619699998], [30.58081873399999, -17.042496092999954], [30.576917847999994, -17.051811830999952], [30.547953662000168, -17.053015939999852], [30.544675752000046, -17.050287725999965], [30.54216180800006, -17.02164046299987], [30.536839952000037, -17.013016783999944], [30.540358848000096, -17.001768892999905], [30.53689894300004, -16.998005596999917], [30.542046792999997, -16.98822181999998], [30.550748548000115, -16.986266660999945], [30.55236150100012, -16.98150928399997], [30.548684599000183, -16.97266958599988], [30.529571132000115, -16.966465104999884], [30.533884008000086, -16.96136969899993], [30.527553185000045, -16.95951355599982], [30.526951193000116, -16.942743227999927], [30.520830367000144, -16.937085994999904], [30.52211032800011, -16.93169656799995], [30.51876241700012, -16.92222181999989], [30.523445283000115, -16.91809448999993], [30.525274215000138, -16.88453583199987], [30.517969412000127, -16.870412715999976], [30.523084266000183, -16.865434318999917], [30.520307341000034, -16.860113898999884], [30.52410123100003, -16.85326035399993], [30.521334305000096, -16.847066864999874], [30.509771627000134, -16.8415164299999], [30.510139613000035, -16.83448887299994], [30.503117148000115, -16.833694367999897], [30.505721010000116, -16.8312489409999], [30.503744773999983, -16.81711440099997], [30.497615083000085, -16.815261500999952], [30.49712424200004, -16.805771058999937], [30.48914755400017, -16.80227383299996], [30.484464308999975, -16.791447471999902], [30.506407682000088, -16.76715053399994], [30.510181571000146, -16.756866714999944], [30.5216102440001, -16.74397368699988], [30.518446328000152, -16.735381005999898], [30.527918060000104, -16.73000157399997], [30.525513124999975, -16.72512018799995], [30.51823232800001, -16.723793085999887], [30.519163298000137, -16.71493638199985], [30.510326535000047, -16.695883872999957], [30.514585409000176, -16.681808751999938], [30.51002553000012, -16.68077645699998], [30.501770764000128, -16.685258816999863], [30.49753287800013, -16.67584907099996], [30.471658600000126, -16.671984775999874], [30.455767040000126, -16.66358411599998], [30.44793525900002, -16.663618122999935], [30.4396534870001, -16.65620053699996], [30.422205975000168, -16.655242468999973], [30.41373920700005, -16.64537368899994], [30.4066444070001, -16.648981978999814], [30.40274951500004, -16.64711283299988], [30.399390608000033, -16.644633636999913], [30.39945960300014, -16.638005109999938], [30.394736733000173, -16.63449283299991], [30.396787674000166, -16.630737532999888], [30.39475272599998, -16.622965915999885], [30.37828317900005, -16.608495772999902], [30.372524333000115, -16.5945076619999], [30.377783175000047, -16.57376000799991], [30.385936942000114, -16.56473028499994], [30.38025909600003, -16.555140524999956], [30.387839879000126, -16.54661084199995], [30.388335856000026, -16.529782500999886], [30.3954256560001, -16.52627421799997], [30.397418596000136, -16.516758458999902], [30.40688632900003, -16.513767215999962], [30.403783403000148, -16.489219260999903], [30.40844126800016, -16.479441478999945], [30.407786281000085, -16.46932267299991], [30.41363811299999, -16.46146004299993], [30.416030040000123, -16.45049016699994], [30.406289306000076, -16.437946170999965], [30.418501961000118, -16.431750670999975], [30.417957973000057, -16.425604180999926], [30.423447819000046, -16.42316098299989], [30.427498700000115, -16.41322818899988], [30.433319535000066, -16.40814878099991], [30.43817139200013, -16.39382763499998], [30.430670597000073, -16.384968931999936], [30.42762267500018, -16.37145785399997], [30.41746795000006, -16.355103552999935], [30.42160883200006, -16.350887214999943], [30.418768910000097, -16.34661287499989], [30.42003487599999, -16.33899448699998], [30.37408815800012, -16.334769171999937], [30.359316573000115, -16.34064064799992], [30.34295002800019, -16.33500020599996], [30.327645456000027, -16.33713638399996], [30.320365659000174, -16.33518923199989], [30.316155774000094, -16.33045085599997], [30.31838170800006, -16.32425135899996], [30.31497780000018, -16.317775843999982], [30.301678168000024, -16.311612357999934], [30.302099145000113, -16.290402662999895], [30.29489733300005, -16.27674835199997], [30.276686838000103, -16.26998881999998], [30.25419047600019, -16.276228552999953], [30.244184751000148, -16.267323846999943], [30.234213028000113, -16.26494166099991], [30.217730490000065, -16.268216930999927], [30.207113791000154, -16.276251578999904], [30.206892810000056, -16.299610445999974], [30.21425660900013, -16.30956623799983], [30.20566685300014, -16.315635727999847], [30.210335730000168, -16.32903179599998], [30.20840978700005, -16.336371382999914], [30.19760609600013, -16.34897839499996], [30.16388304200018, -16.354750873999876], [30.144240598000124, -16.368792004999932], [30.091284080000037, -16.37245032499993], [30.081211371000165, -16.38912366099987], [30.08636123200006, -16.398709423999946], [30.08340731800007, -16.403635817999884], [30.065567813000087, -16.398239396999884], [30.04952087400011, -16.38657524399997], [30.05030821400004, -16.365552573999935], [30.05823998600016, -16.354080653999972], [30.05842497599997, -16.34554897199996], [30.065094789, -16.343026766999913], [30.06355182600015, -16.33283695399996], [30.074065525000094, -16.32052196399991], [30.08578919600012, -16.317628726999885], [30.091706025000065, -16.307011874999944], [30.08925309100016, -16.303047559999925], [30.094102950000035, -16.293437788999938], [30.090353052000125, -16.287934350999933], [30.094877923000126, -16.28353199599991], [30.09524790800009, -16.274511274999895], [30.09042203400014, -16.25997411499992], [30.093183951000128, -16.248817220999968], [30.09006302600011, -16.228002556999968], [30.095571873000154, -16.22785254199988], [30.112052404000167, -16.212990343999934], [30.11992817900017, -16.203004540999927], [30.123594070000138, -16.192059662999895], [30.135218742000063, -16.18576915299991], [30.141485563000174, -16.17777850999994], [30.139717603000065, -16.161070172999928], [30.133677774000148, -16.16558553699997], [30.127861935000055, -16.162409285999956], [30.124502032000123, -16.168475773999887], [30.128632918000164, -16.17105997899995], [30.124732028000153, -16.172763116999874], [30.113944326000023, -16.16723167999993], [30.113714331000097, -16.164275442999894], [30.118915185000162, -16.163605385999972], [30.111991375000173, -16.15814095199994], [30.10984442900019, -16.14690305299996], [30.099054721000016, -16.1310887919999], [30.102723617000038, -16.12827656399992], [30.098516734000043, -16.12620940099987], [30.104175575000056, -16.1247272789999], [30.087460038000188, -16.118435783999928], [30.085829076000095, -16.104711684999927], [30.078291284000045, -16.101306414999954], [30.080857208999987, -16.09413783899987], [30.078814264000187, -16.091986667999947], [30.089073969000083, -16.074771281999915], [30.099012690000052, -16.072871124999836], [30.094259820000048, -16.067095663999964], [30.09541678500011, -16.06231127999996], [30.10050164300003, -16.063293355999974], [30.09942266600018, -16.049428243999955], [30.110090365000076, -16.044071808999945], [30.09355982700015, -16.044308835999914], [30.096095753000156, -16.039404441999864], [30.09257684800008, -16.03404001299998], [30.087285999000073, -16.03891740699987], [30.086655013000097, -16.033981010999923], [30.082356135000055, -16.036604223999973], [30.07399636600013, -16.032922932999952], [30.07419635700012, -16.027596504999963], [30.06501861100014, -16.02350718199989], [30.06358864700013, -16.01629860399987], [30.058905777000064, -16.016252602999884], [30.063300649000098, -16.005639748999897], [30.061152706000087, -16.000821362999943], [30.046264122000082, -16.002269486999978], [30.052002957000184, -15.993850807999877], [30.051545967000038, -15.988289361999932], [30.151282148999996, -15.918896735999965], [30.33451896000014, -15.75029831199987], [30.31307554000017, -15.716821625999955], [30.286327277000055, -15.701680418999956], [30.285436874000027, -15.644608669999911], [30.321763255000178, -15.64302043899994], [30.3326409550001, -15.648457872999813], [30.354565346000015, -15.652301171999909], [30.39532420400019, -15.636981917999947], [30.422398441000098, -15.618543416999955]]]}}, {"type": "Feature", "properties": {"PROVINCE": "Mashonaland East", "NAME": "Mashonaland East", "PCODE": "ZW13", "AREA_SQKM": 32171.4, "CAPITAL": "Marondera", "PRIMARY_MINERALS": "Lithium (Goromonzi), Black Granite (Mutoko), Dimension Stone", "JURISDICTION": "Mashonaland East Provincial Mining Directorate"}, "geometry": {"type": "Polygon", "coordinates": [[[32.923680891000174, -16.693456693999963], [32.97951832700005, -16.704310546999977], [32.99099700300019, -16.69441575899998], [32.962764809000134, -16.78219773099994], [32.91141327000008, -16.896092764999878], [32.83319847100012, -16.92092974399992], [32.937508566000076, -17.065297139999927], [32.989780116000134, -17.184037499999874], [32.99432111500005, -17.24565936199997], [32.96277988800006, -17.259562452999944], [32.92482095700018, -17.26321574699989], [32.91969410200011, -17.26994527799991], [32.90754144599998, -17.276579801999958], [32.88488308300009, -17.275669733999962], [32.870040501000176, -17.2791350089999], [32.8548769300001, -17.29303910599998], [32.85405695500003, -17.302786872999945], [32.843483255000024, -17.316695968999966], [32.82524876800005, -17.316615965999915], [32.801686435000136, -17.334952411999893], [32.79396965200016, -17.33426935999995], [32.78540589400018, -17.341189905999954], [32.770921305000115, -17.35474697399991], [32.763216524000086, -17.369165108999937], [32.75859265500003, -17.372007332999942], [32.759382634000076, -17.37835383199996], [32.75354280100015, -17.392131915999983], [32.73319538100009, -17.42738468799996], [32.733798371000034, -17.457828077999977], [32.71313795500015, -17.471987192999904], [32.674340050000126, -17.480891898999914], [32.6498754700001, -17.49063375099996], [32.63935021999998, -17.49857766199989], [32.64538138700016, -17.52619266399995], [32.63924323900011, -17.55272394499991], [32.63535936400001, -17.55802529099998], [32.62927048900008, -17.559075673999928], [32.62758875900005, -17.569689419999975], [32.61211242500008, -17.561166175999972], [32.602681227999994, -17.57229518899993], [32.5938200600001, -17.575462250999976], [32.58938946600017, -17.58582514199992], [32.58282865199999, -17.588562356999944], [32.57936253800011, -17.60591385999993], [32.57142997700004, -17.60469562299994], [32.56796607300015, -17.597230038999896], [32.56438417400017, -17.600701311999956], [32.56246222800013, -17.596323968999968], [32.55647339900008, -17.605882718999965], [32.55046856800004, -17.606496768999932], [32.551434543000084, -17.615288456999963], [32.54843962800004, -17.61938377799987], [32.54211080600004, -17.61545247099997], [32.53073612700007, -17.61758864099994], [32.502647546000105, -17.608823498999982], [32.49170122800018, -17.624215168999967], [32.47320875000008, -17.626721368999938], [32.47039283300006, -17.639616378999904], [32.46493798800003, -17.646849945999975], [32.44233662900001, -17.660402010999917], [32.44576653300015, -17.665175383999895], [32.44250862600012, -17.669870751999895], [32.43547482500003, -17.672205935999955], [32.42211619900013, -17.663218235999977], [32.412411475000056, -17.67157689299995], [32.382020332000025, -17.674644139999884], [32.36573279500004, -17.688750246999973], [32.331251773000076, -17.708944833999965], [32.324858956000185, -17.719757680999862], [32.30094163200016, -17.7251921109999], [32.291602897000075, -17.733919795999952], [32.29320185400013, -17.73907119799992], [32.290752924000174, -17.741824412999904], [32.27570034900003, -17.746380772999885], [32.26774357700003, -17.75998183699994], [32.26573663700003, -17.770619668999927], [32.260907772999985, -17.77164574999989], [32.24574820600009, -17.78759599899996], [32.226503750999996, -17.797839803999977], [32.21470908800012, -17.812011912999935], [32.20223944200012, -17.820365567999943], [32.190894762000084, -17.819949538999936], [32.18419595300014, -17.82765214099993], [32.16058362100006, -17.83348860299992], [32.1555787640001, -17.83986210199987], [32.14870095900011, -17.842507309999974], [32.151424887000076, -17.85795451399997], [32.14289913200014, -17.874421799999936], [32.14619504600017, -17.89560044899997], [32.140881199000034, -17.904926176999936], [32.14136218600015, -17.909506533999945], [32.14762201100018, -17.912577770999974], [32.145524071000125, -17.916843103999895], [32.147656015000166, -17.928300995999905], [32.138379277000126, -17.93189327799996], [32.100237364000066, -17.963766769999893], [32.080106939000075, -17.986109514999896], [32.052981712000076, -18.00920931899998], [32.04700088500016, -18.022127325999918], [32.01745672700014, -18.045257131999904], [32.013737835000086, -18.05345176999998], [32.00675303200012, -18.05468586799998], [31.97348598000002, -18.08034787199989], [31.994483396000078, -18.106266878999918], [32.000542238000094, -18.144401835999872], [31.868408970000132, -18.142035693999958], [31.874912797000093, -18.173273114999972], [31.865630064000072, -18.18622112199995], [31.86862998200013, -18.193101654999907], [31.864861091000137, -18.20145630399992], [31.864654105000056, -18.224682103999953], [31.86063922300019, -18.23711506799998], [31.855397372000027, -18.240205308999975], [31.85676734500015, -18.273025849999954], [31.8532844450001, -18.2761500929999], [31.859771265000177, -18.284470734999957], [31.856862349000153, -18.28902208799991], [31.859448278000173, -18.296360654999944], [31.858842303000017, -18.31724727099993], [31.864171156000168, -18.329472214999953], [31.85629438500007, -18.347028574999968], [31.854543441000146, -18.363913880999974], [31.841554814000062, -18.38037415699995], [31.84506371800012, -18.387561711999922], [31.832151085000135, -18.39306414099991], [31.830786124999975, -18.39744947999992], [31.844953731000032, -18.414946826999937], [31.84429875400008, -18.42722377499996], [31.761803095999994, -18.447563372999923], [31.749449465000055, -18.498928338999917], [31.72180725300018, -18.51325945399998], [31.750347454000064, -18.536760254999876], [31.74696455300017, -18.546795028999952], [31.77164817400012, -18.570747578999942], [31.770843553000077, -18.579471758999944], [31.756408951000026, -18.591409476999956], [31.755623962000186, -18.59730251399992], [31.75085746400015, -18.60143723599998], [31.75827225800009, -18.611686021999958], [31.7567663050001, -18.622579859999973], [31.763207128000033, -18.63601289099995], [31.77246486700011, -18.639519157999928], [31.772348873000112, -18.646591701999967], [31.78139661900019, -18.654277289999925], [31.78593449600004, -18.66900241999997], [31.792691304000073, -18.667967337999983], [31.79560822500008, -18.67607796099992], [31.81328873100017, -18.694756389999952], [31.830345258000193, -18.722977551999975], [31.83368116800017, -18.735532514999875], [31.829674286000113, -18.74706540099993], [31.84169194500015, -18.746342341999878], [31.852019654000117, -18.752411803999905], [31.869063169000185, -18.745608275999928], [31.883085772000186, -18.748459489999902], [31.908186077000153, -18.79363894799991], [31.90676513200009, -18.833900034999942], [31.913260953000133, -18.849314213999946], [31.912295985000014, -18.86330028599997], [31.917222850000087, -18.874789163999935], [31.921035753000183, -18.90499647499996], [31.92907852500008, -18.90781968799996], [31.934165380000024, -18.9040553989999], [31.95408341900003, -18.920795928999837], [31.94827899100011, -18.937966987999914], [31.967277459000172, -18.95896858799989], [31.969850389000044, -18.966312148999975], [31.975876218999986, -18.970135438999932], [31.97531124500017, -18.996082421999915], [31.97852915700014, -19.0055061409999], [31.974312282000028, -19.02270045499995], [31.977426201000185, -19.042222944999935], [31.969097441000088, -19.05310177799987], [31.97191236700013, -19.069099997999956], [31.969707435000146, -19.084648183999946], [31.971430389000034, -19.093238838999923], [31.982626078000123, -19.112104273999933], [31.98189210200013, -19.119522839999888], [31.97219137900015, -19.12329712999997], [31.963304628000174, -19.11517151399994], [31.953865897000185, -19.11779471699998], [31.940722270000037, -19.11592657899996], [31.925786696999978, -19.122960119999902], [31.911274109000033, -19.122491088999936], [31.89826447600018, -19.114620492999904], [31.892900628999996, -19.117580720999968], [31.886276817000123, -19.11474650699995], [31.88028198799998, -19.116756661999887], [31.860724538000056, -19.101687519999928], [31.854898704000163, -19.103665672999966], [31.842150065000055, -19.101239491999877], [31.837421198000186, -19.097748227999944], [31.832483334000187, -19.086481369999944], [31.820307679000052, -19.085153272999946], [31.812573897000163, -19.080195897999886], [31.81316287700008, -19.071347221999872], [31.80379213900011, -19.060592404999966], [31.797515317000148, -19.06006436699988], [31.795117382000058, -19.05193074699997], [31.78445768300014, -19.04779343499996], [31.76930410799997, -19.0325422759999], [31.738846971000157, -19.02770491799987], [31.726674314000093, -19.02147344599996], [31.719974505000096, -19.024769699999922], [31.72023350000012, -19.030980174999968], [31.712215729000093, -19.034049411999945], [31.71201273700018, -19.03825573299997], [31.696619174000034, -19.037931713999967], [31.690781342000037, -19.043351129999962], [31.66188916200008, -19.042836100999978], [31.649597509000102, -19.03754570199993], [31.63685287200019, -19.04066894499988], [31.632404997000094, -19.03669164299987], [31.624188230000186, -19.038150756999983], [31.625843180000118, -19.030662184999983], [31.61608545300004, -19.020146385999965], [31.59577102899999, -19.017420184999878], [31.589712198000086, -19.011310720999916], [31.598784956000088, -19.049042597999858], [31.59157717200003, -19.074601551999933], [31.527179040000078, -19.164882457999965], [31.52150320300018, -19.168657747999873], [31.504980668000087, -19.15821195899997], [31.502389738000147, -19.150361361999956], [31.487830150000036, -19.14756515499994], [31.483027290000166, -19.156481835999898], [31.47952938900005, -19.155535764999968], [31.468186706000097, -19.143390844999885], [31.465598773000067, -19.129069753999943], [31.453983096000115, -19.111866447999944], [31.442691411999988, -19.10147965999994], [31.441726436000124, -19.09357305799989], [31.43634658900004, -19.094616138999868], [31.425928891000126, -19.10798416299997], [31.40668044100005, -19.116024783999933], [31.393544809000105, -19.104281893999882], [31.388365957000076, -19.107261122999944], [31.37674128300017, -19.09670532299998], [31.373645366000062, -19.087156595999943], [31.36352365500005, -19.08969179399992], [31.344641187000036, -19.081314162999888], [31.339314340000044, -19.08603452499983], [31.31521802600014, -19.089149772999917], [31.318902939999987, -19.127675708999902], [31.32957364700013, -19.150149416999966], [31.29749556200011, -19.157365979999952], [31.30478838400012, -19.220491782999886], [31.08213172300009, -19.244013671999937], [30.99600317800008, -19.257869765999942], [31.00013705600003, -19.24874006999994], [30.989093357000115, -19.22502027099995], [30.98950333000016, -19.195290007999972], [30.99906303700004, -19.15564298399994], [30.969491877000053, -19.1556639989999], [30.937620778000166, -19.14856247399996], [30.91999029600015, -19.18017789099997], [30.92140526200012, -19.192276810999942], [30.892378087000168, -19.192016804999923], [30.889780163000125, -19.197339211999974], [30.906972689000156, -19.222268100999884], [30.9084526580001, -19.243900745999895], [30.89390807200016, -19.244461795999882], [30.87054374400003, -19.260546029999944], [30.84596043900018, -19.25278045199991], [30.831001859000082, -19.244162803999927], [30.80886549100012, -19.249909251999952], [30.79124798100014, -19.231402853999953], [30.785560141000076, -19.229203688999974], [30.784675164000134, -19.22418530799996], [30.77454344900019, -19.21988598599995], [30.771905521000065, -19.214792599999953], [30.76468872600003, -19.214712596999902], [30.763271762000045, -19.207540051999956], [30.752192074999982, -19.203578755999843], [30.737649474000136, -19.18022098499995], [30.731450650000056, -19.18040500199993], [30.734976549000066, -19.178971890999833], [30.723420851000128, -19.132053321999933], [30.736155490000158, -19.133932458999936], [30.74509523400019, -19.129547119999927], [30.74992009900012, -19.132127313999888], [30.674679175999984, -19.020818035999923], [30.712442079000027, -18.97656063499994], [30.677119074000075, -18.963875683999902], [30.695634467000048, -18.954318291999982], [30.67866800600018, -18.932180080999956], [30.65416667300019, -18.884485441999914], [30.635557214000073, -18.907825238999976], [30.630432355000153, -18.900485679999974], [30.59531136400011, -18.92308542799998], [30.575002464000193, -18.940539394999973], [30.55487851400011, -18.929437935999886], [30.554941510000162, -18.92561064299997], [30.58137274900014, -18.90561109799995], [30.55752494100011, -18.876750186999914], [30.558212355000137, -18.819558516999905], [30.599808170000188, -18.80901968699993], [30.602523065000014, -18.76012793399991], [30.611438804999977, -18.74690891499995], [30.598426146000065, -18.699689293999825], [30.60279702100013, -18.696782067999948], [30.63037525600015, -18.72419515999991], [30.63953398000018, -18.695396942999935], [30.649087731000066, -18.732940821999932], [30.682354754000016, -18.67098304399991], [30.706651051000108, -18.64332090399995], [30.709138646000156, -18.63496581599992], [30.703912435000177, -18.634330134999914], [30.766240768000046, -18.570732057999976], [30.765018322000174, -18.503440100999967], [30.770887108000068, -18.4130691229999], [30.785763687000042, -18.403453559999946], [30.790532545000076, -18.39014052899995], [30.781527793000066, -18.377765577999924], [30.783301741000116, -18.37372926499995], [30.772739989000172, -18.3610826769999], [30.767016192000085, -18.360233289999883], [30.76388576800008, -18.3488527049999], [30.758541691999994, -18.35035455799988], [30.758217948000038, -18.34370092499995], [30.753743597000152, -18.341301234999833], [30.746347076000177, -18.343169715999977], [30.740341668000156, -18.332537199999877], [30.734204491000128, -18.33207318999996], [30.722856780000086, -18.322941314999866], [30.72336856700008, -18.31512423699985], [30.719693858000028, -18.314298031999954], [30.718132999000147, -18.308411990999957], [30.70915145300006, -18.306348602999947], [30.708886057000143, -18.295393023999907], [30.69916399500005, -18.28745302699997], [30.695686359000092, -18.271764918999963], [30.699022879000097, -18.267111238999973], [30.69534416400012, -18.26667577899991], [30.70115387600009, -18.2581301269999], [30.69696010800004, -18.240904029999967], [30.697904079000068, -18.23655169299991], [30.717484522000063, -18.228282041999933], [30.721835395000028, -18.220379427999944], [30.743633771000134, -18.205192239999974], [30.74886362000001, -18.19875573799993], [30.74936460200007, -18.19063410799987], [30.764579162000075, -18.172262675999946], [30.762647209000136, -18.167610125999886], [30.75741735700018, -18.167919151999968], [30.75735635500007, -18.161336640999878], [30.74655365600006, -18.154321101999926], [30.754760422000174, -18.148457642999915], [30.75366244900016, -18.142008142999885], [30.761713213000178, -18.126015897999878], [30.76148020900007, -18.105336291999947], [30.77518181700009, -18.09403840799996], [30.790221392000035, -18.093111328999896], [30.799902116000055, -18.0875178899999], [30.790413378000096, -18.077178090999894], [30.790667365000047, -18.066723277999927], [30.78327656600004, -18.050992058999952], [30.784262534000106, -18.044237533999933], [30.774657799000067, -18.032357614999853], [30.77231886000004, -18.022180823999975], [30.816553591000115, -17.981194613999946], [30.80851380000007, -17.94694495199991], [30.831251357000156, -17.920912581999914], [30.837447980000093, -17.929709790999937], [30.841065886000138, -17.94511198799995], [30.844160798000075, -17.944490938999934], [30.84391879900005, -17.932024967999894], [30.84723970400006, -17.929028732999882], [30.844715772000143, -17.924420374999897], [30.858006398999976, -17.926792553999974], [30.861822290000134, -17.923790317999874], [30.870713045000116, -17.93465515999992], [30.873306970000044, -17.931641923999905], [30.881992727000068, -17.93534620899993], [30.901735172000144, -17.957406953999907], [30.908238901999994, -17.95524483199989], [30.905542759000127, -17.96414507099996], [30.91155472200012, -17.959745212999962], [30.92217510000006, -17.960107266999955], [30.936581431000036, -17.969190453999943], [30.94718251600011, -17.971287277999977], [30.95099788800013, -17.977528676999896], [30.96032110700014, -17.97812307099997], [30.96054321500003, -17.981349967999904], [30.96778503900009, -17.982666244999905], [30.973955518000025, -17.97830546499989], [30.980324011000164, -17.988045687999943], [30.987357795000037, -17.98489426599997], [30.988064966000024, -17.99110276699986], [30.99498946900013, -17.99762377099995], [30.999654575000136, -17.997672004999913], [30.994457816000136, -18.000889567999934], [31.002630886000134, -18.005469915999925], [31.00275281000006, -18.01163792999995], [31.01177074400016, -18.015455258999964], [31.01837175600008, -18.01289749199998], [31.034038030000147, -18.02034302999988], [31.042224836000173, -18.031447173999936], [31.049802443000033, -18.03305361299988], [31.050115597000172, -18.03928129399992], [31.05949021900011, -18.045725707999964], [31.061445237000044, -18.05087760999993], [31.091183174000037, -18.033527527999922], [31.111753127000156, -18.033424185999877], [31.127109596000025, -18.019735744999934], [31.096539610000036, -18.00345413899987], [31.073585630000082, -17.999825059999978], [31.065852843000187, -17.98924585499998], [31.056825224000136, -17.98380510499993], [31.05640082399998, -17.978075261999948], [31.06800267300008, -17.983351008999932], [31.103217402000098, -17.98667552799992], [31.11352496000012, -17.99446603599995], [31.116156320000073, -17.99077071699992], [31.11179511100005, -17.986511226999937], [31.127337497000156, -17.96284794799982], [31.141631845000177, -17.95901633799997], [31.133946202999994, -17.950508393999883], [31.137322620000077, -17.94979662199995], [31.13501910500014, -17.94704579599994], [31.13612396000019, -17.92888375399997], [31.165834327000027, -17.928132391999895], [31.16355828700017, -17.921906753999906], [31.17072753600013, -17.920604164999872], [31.17360620100004, -17.90752498699993], [31.18957767400019, -17.914888709999957], [31.19203079500005, -17.903196514999934], [31.198209835000057, -17.896813762999955], [31.19786883400019, -17.88973706099989], [31.20430565800018, -17.885939667999935], [31.21181979500011, -17.88656058099997], [31.208626141000025, -17.879586605999975], [31.21535855600007, -17.879692379999938], [31.195094268000105, -17.861859496999955], [31.22165910500013, -17.84934616299995], [31.215054577000046, -17.82047483199989], [31.203241718000072, -17.81995040199996], [31.209656485000153, -17.812568444999954], [31.192102325000064, -17.804996176999964], [31.21183441900007, -17.79259658299992], [31.201218399000084, -17.774920320999968], [31.196041681000054, -17.752424414999894], [31.202080901000045, -17.74246567199998], [31.20149088200003, -17.729648829999974], [31.2098126570001, -17.726472127999955], [31.205443371000115, -17.711933588999955], [31.20040765200008, -17.712059858999964], [31.197285870000087, -17.71858027999997], [31.181210914000133, -17.696199883999952], [31.172547203000192, -17.699566362999974], [31.16377351700004, -17.696037763999982], [31.159915908000187, -17.70410170299988], [31.157222822999984, -17.70373178299991], [31.154369357000178, -17.7014645779999], [31.159094338000045, -17.696511018999956], [31.151575923000166, -17.693338337999876], [31.146974570000168, -17.6862290869999], [31.143886888000168, -17.68930208199987], [31.14826424100005, -17.700717784999938], [31.13786787300012, -17.697689785999955], [31.13881996500004, -17.69252863099996], [31.122113119000062, -17.691335729999935], [31.116154194000046, -17.693863782999927], [31.118855925000048, -17.680893047999916], [31.115384016999997, -17.66781202699991], [31.088807764000137, -17.665558861999955], [31.084409895000135, -17.680147004999924], [31.07883805200015, -17.68033202199996], [31.073952192000036, -17.687000544999876], [31.052250782000158, -17.641304978999926], [31.067612346000033, -17.63445743699998], [31.051783782000086, -17.61284275099996], [31.05843059600005, -17.616286017999983], [31.063870702000088, -17.543916530999923], [31.114799976000086, -17.542748231999894], [31.120832798000094, -17.5249738359999], [31.116100928000094, -17.518567335999876], [31.108829132000096, -17.516860204999944], [31.112395030000073, -17.512685875999978], [31.108453138000073, -17.50617936699996], [31.125446654000086, -17.4924052799999], [31.124891665999996, -17.4843716499999], [31.11858684200007, -17.482202481999934], [31.11970980899997, -17.478618199999914], [31.11620390700017, -17.477092081999956], [31.119215819000146, -17.47009953199995], [31.125069654000185, -17.46869141899998], [31.126392615000157, -17.465330153999957], [31.134562385000038, -17.46520814099989], [31.145651067000188, -17.45235412799991], [31.138185274000193, -17.444826539999895], [31.227836765000177, -17.473683768999933], [31.23860137700018, -17.47060471599991], [31.269249602000002, -17.47997024499989], [31.275533425000106, -17.478292110999973], [31.292310956000165, -17.485801693999917], [31.30706754100015, -17.486606750999897], [31.30025774700016, -17.520339399999955], [31.287750114000062, -17.554779104999966], [31.285934173000044, -17.572694509999906], [31.27680243700013, -17.590130878999958], [31.280500342000096, -17.6094803929999], [31.28518821300014, -17.617711035999946], [31.279857374000187, -17.64361906599987], [31.29035207800007, -17.641430890999914], [31.308602565000115, -17.643403037999974], [31.335243800000057, -17.60832828199989], [31.37452270199998, -17.628756865999947], [31.45862830700014, -17.562542647999976], [31.469481010000038, -17.58284623499992], [31.47557283400016, -17.571610351999936], [31.47265291400015, -17.565834900999903], [31.473863877000042, -17.5588553529999], [31.505906958000025, -17.51784812699998], [31.505412969000076, -17.50856439899985], [31.51299174799999, -17.48996793699996], [31.526009379000186, -17.48247334499996], [31.528332309000177, -17.471161455999948], [31.532309196000142, -17.467894197999897], [31.54044596700004, -17.46922129999996], [31.56335232100014, -17.46447591899988], [31.56399730100003, -17.460830632999887], [31.569612143000086, -17.458629457999905], [31.584261731000026, -17.459510521999903], [31.586260671000048, -17.451573897999936], [31.590477554000188, -17.45436011499993], [31.60485714700002, -17.44734255999998], [31.60578011900003, -17.443253237999897], [31.611343961000102, -17.440338006999923], [31.613349902000095, -17.43235937999998], [31.623039630000164, -17.432956423999883], [31.61386288200009, -17.41653713699992], [31.633836314000177, -17.400515871999914], [31.635591261000116, -17.392067206999968], [31.640931109000178, -17.38654477199998], [31.649340872000096, -17.38597272399994], [31.656458668000028, -17.37442481399995], [31.67765606800009, -17.36545910199993], [31.690931687000102, -17.34374638999992], [31.698383475000128, -17.33874899499989], [31.70346233000015, -17.330315329999905], [31.715866978000122, -17.32208267799996], [31.75135396799999, -17.28809499199997], [31.754254883000158, -17.279030277999937], [31.74816905099999, -17.269134500999883], [31.749411012000166, -17.258460659999912], [31.741373230000193, -17.23647092999994], [31.722603719000176, -17.21562049399995], [31.728031593000026, -17.202135228999907], [31.740240248000077, -17.19535269099987], [31.749810980000063, -17.198980973999937], [31.75779175600013, -17.198251913999854], [31.761943638000105, -17.19530467999988], [31.76484255300005, -17.186455980999938], [31.782636053000033, -17.185225878999972], [31.78818389500009, -17.178862374999937], [31.798515604000045, -17.177849291999962], [31.811293241999977, -17.167989510999973], [31.84805020300007, -17.15103016199987], [31.832536634000178, -17.136248999999907], [31.835067561000017, -17.13135061299988], [31.83341160500015, -17.123141965999878], [31.848479176000126, -17.104441484999825], [31.85514398300012, -17.089492302999872], [31.853210036000064, -17.084560913999894], [31.85612995200006, -17.079302497999947], [31.86856660000001, -17.069823745999827], [31.875263412000095, -17.069981755999947], [31.909396443000105, -17.039586344999975], [31.910710404000042, -17.03236077399987], [31.906350523000185, -17.02241298899986], [31.894267862000106, -17.02057784699997], [31.89157093600005, -17.016734543999974], [31.896127807000028, -17.01066506299992], [31.895076833000132, -17.0006062679999], [31.91286933300006, -17.00074927399993], [31.914901269000154, -16.97787646499995], [31.909623415000056, -16.97268805599998], [31.942472488000078, -16.956642776999956], [31.944153434999976, -16.938694356999918], [31.954286144000037, -16.917078642999968], [31.960690964000094, -16.916065560999982], [31.976403525000137, -16.92200802699989], [32.00139282000015, -16.909750048999967], [32.009830577000116, -16.888758383999914], [32.00310576100003, -16.875592342999937], [32.00069482300006, -16.85604279499995], [32.003311747000055, -16.84788214799994], [32.011417517000154, -16.840126530999896], [32.04043169900001, -16.826920475999884], [32.03991270900008, -16.811632263999968], [32.04749649500013, -16.805808799999966], [32.07366076000005, -16.802714547999926], [32.09261922999997, -16.80981610599997], [32.0984320660001, -16.805566766999902], [32.10369291900008, -16.806086806999872], [32.10433689900009, -16.799802307999926], [32.110123735000116, -16.794456882999953], [32.125023315000135, -16.789343472999974], [32.13769996000019, -16.79111360999991], [32.153499517000114, -16.788803422999877], [32.162948249000124, -16.77861361199996], [32.17711585100017, -16.777322505999962], [32.20049119200007, -16.766880671999843], [32.21610875600015, -16.772404105999954], [32.22806742400019, -16.783914015999926], [32.23435024400004, -16.773576193999872], [32.24789586400016, -16.772181079999882], [32.255558647999976, -16.767040670999847], [32.272332172000176, -16.747302099999956], [32.33935429100006, -16.74278472599991], [32.370885400000134, -16.71593658699993], [32.39004286400018, -16.718845812999916], [32.39687467100009, -16.712640318999945], [32.40796736000016, -16.71319936099991], [32.42639884100009, -16.70491669899991], [32.44131042300006, -16.705286724999894], [32.46017389200017, -16.69694405799993], [32.471144585000104, -16.70229648099985], [32.48194728100003, -16.698891207999907], [32.487284133, -16.70384359999997], [32.50111174500017, -16.702000450999947], [32.50998449700012, -16.70457565399994], [32.527467009000134, -16.71901579699994], [32.54515851400015, -16.722010030999968], [32.55006876000016, -16.727736550999964], [32.561886047000144, -16.729912653999975], [32.58351044300019, -16.741544572999885], [32.593734156000096, -16.741779589999965], [32.63013613300012, -16.731987804999903], [32.648999601000185, -16.721820994999973], [32.65645339200006, -16.723006086999874], [32.66219023300005, -16.730044644999964], [32.68335764200003, -16.741676563999874], [32.69673526600002, -16.73781225499988], [32.70906791800013, -16.729043555999908], [32.73283724999999, -16.72412216099997], [32.74815981800003, -16.712966272999893], [32.75716956300005, -16.702107408999836], [32.772989120000034, -16.705368664999924], [32.78248785300019, -16.702938469999935], [32.792947561000005, -16.70667176499984], [32.804890224000076, -16.700303256999973], [32.81686788900015, -16.705155639999873], [32.83862327700007, -16.695588876999977], [32.852698884000176, -16.703991541999926], [32.86790045800012, -16.70610870699994], [32.890543825000066, -16.71697656699996], [32.89763062500003, -16.713655301999893], [32.90366145500002, -16.705180627999937], [32.90881131000009, -16.705283634999887], [32.923680891000174, -16.693456693999963]]]}}, {"type": "Feature", "properties": {"PROVINCE": "Mashonaland West", "NAME": "Mashonaland West", "PCODE": "ZW14", "AREA_SQKM": 57676.9, "CAPITAL": "Chinhoyi", "PRIMARY_MINERALS": "Platinum, Chrome (Darwendale/Zvimba), Gold, Copper, Dolomite", "JURISDICTION": "Mashonaland West Provincial Mining Directorate"}, "geometry": {"type": "Polygon", "coordinates": [[[29.83080990700006, -15.607143026999893], [29.884050429000183, -15.613110479999932], [29.893900159000168, -15.620934105999936], [29.915663553000172, -15.61973999799983], [29.942127820000053, -15.625839476999943], [29.955474454000182, -15.636787352999818], [29.96765711800009, -15.64165573899993], [30.05212276100019, -15.631967913999915], [30.074658129000113, -15.622670152999888], [30.11245107900004, -15.626610450999863], [30.135723427000187, -15.618168758999957], [30.16470161900014, -15.61648460899994], [30.175668317000145, -15.62224506799987], [30.188563971000065, -15.646398009999928], [30.20665047400007, -15.658630986999981], [30.212284321000027, -15.667401691999942], [30.218214155, -15.66582756199989], [30.241189505000136, -15.64559291899991], [30.258481013000164, -15.624448204999908], [30.26384286400014, -15.625327272999982], [30.272575628000084, -15.63877935399995], [30.285436874000027, -15.644608669999911], [30.286327277000055, -15.701680418999956], [30.31307554000017, -15.716821625999955], [30.33451896000014, -15.75029831199987], [30.151282148999996, -15.918896735999965], [30.051545967000038, -15.988289361999932], [30.052002957000184, -15.993850807999877], [30.046277121000003, -16.001204401999928], [30.055340870000066, -16.00329356499998], [30.061152706000087, -16.000821362999943], [30.063300649000098, -16.005639748999897], [30.058905777000064, -16.016252602999884], [30.06358864700013, -16.01629860399987], [30.06501861100014, -16.02350718199989], [30.07419635700012, -16.027596504999963], [30.072241412999972, -16.02997369699989], [30.075087336000024, -16.033867007999902], [30.082356135000055, -16.036604223999973], [30.086655013000097, -16.033981010999923], [30.0878379830001, -16.038923406999913], [30.09257684800008, -16.03404001299998], [30.096095753000156, -16.039404441999864], [30.09355982700015, -16.044308835999914], [30.110090365000076, -16.044071808999945], [30.09942266600018, -16.049428243999955], [30.10050164300003, -16.063293355999974], [30.09541678500011, -16.06231127999996], [30.094259820000048, -16.067095663999964], [30.099012690000052, -16.072871124999836], [30.089073969000083, -16.074771281999915], [30.078814264000187, -16.091986667999947], [30.080857208999987, -16.09413783899987], [30.078291284000045, -16.101306414999954], [30.085829076000095, -16.104711684999927], [30.087460038000188, -16.118435783999928], [30.104175575000056, -16.1247272789999], [30.098516734000043, -16.12620940099987], [30.102723617000038, -16.12827656399992], [30.099054721000016, -16.1310887919999], [30.10984442900019, -16.14690305299996], [30.111991375000173, -16.15814095199994], [30.118915185000162, -16.163605385999972], [30.113714331000097, -16.164275442999894], [30.113944326000023, -16.16723167999993], [30.124732028000153, -16.172763116999874], [30.128632918000164, -16.17105997899995], [30.124502032000123, -16.168475773999887], [30.127861935000055, -16.162409285999956], [30.133677774000148, -16.16558553699997], [30.139717603000065, -16.161070172999928], [30.138420643000075, -16.167651700999954], [30.141485563000174, -16.17733547399996], [30.135218742000063, -16.18576915299991], [30.123288079000133, -16.192429691999962], [30.11992817900017, -16.203004540999927], [30.112052404000167, -16.212990343999934], [30.095571873000154, -16.22785254199988], [30.09006302600011, -16.228002556999968], [30.093183951000128, -16.248817220999968], [30.09042203400014, -16.25997411499992], [30.09524790800009, -16.274511274999895], [30.094877923000126, -16.28353199599991], [30.090353052000125, -16.287934350999933], [30.094102950000035, -16.293437788999938], [30.08925309100016, -16.303047559999925], [30.091706025000065, -16.307011874999944], [30.08578919600012, -16.317628726999885], [30.074065525000094, -16.32052196399991], [30.06355182600015, -16.33283695399996], [30.065094789, -16.343026766999913], [30.05842497599997, -16.34554897199996], [30.05823998600016, -16.354080653999972], [30.05030821400004, -16.365552573999935], [30.04952087400011, -16.38657524399997], [30.065567813000087, -16.398239396999884], [30.08340731800007, -16.403635817999884], [30.08636123200006, -16.398709423999946], [30.081211371000165, -16.38912366099987], [30.091284080000037, -16.37245032499993], [30.144240598000124, -16.368792004999932], [30.16388304200018, -16.354750873999876], [30.19760609600013, -16.34897839499996], [30.20840978700005, -16.336371382999914], [30.210335730000168, -16.32903179599998], [30.20566685300014, -16.315635727999847], [30.21425660900013, -16.30956623799983], [30.206892810000056, -16.299610445999974], [30.207113791000154, -16.276251578999904], [30.217730490000065, -16.268216930999927], [30.234213028000113, -16.26494166099991], [30.244184751000148, -16.267323846999943], [30.25419047600019, -16.276228552999953], [30.276686838000103, -16.26998881999998], [30.29489733300005, -16.27674835199997], [30.302099145000113, -16.290402662999895], [30.301678168000024, -16.311612357999934], [30.31497780000018, -16.317775843999982], [30.31838170800006, -16.32425135899996], [30.316155774000094, -16.33045085599997], [30.320365659000174, -16.33518923199989], [30.327645456000027, -16.33713638399996], [30.34295002800019, -16.33500020599996], [30.359316573000115, -16.34064064799992], [30.37408815800012, -16.334769171999937], [30.42003487599999, -16.33899448699998], [30.418768910000097, -16.34661287499989], [30.42160883200006, -16.350887214999943], [30.41746795000006, -16.355103552999935], [30.42762267500018, -16.37145785399997], [30.430670597000073, -16.384968931999936], [30.43817139200013, -16.39382763499998], [30.433319535000066, -16.40814878099991], [30.427498700000115, -16.41322818899988], [30.423447819000046, -16.42316098299989], [30.417957973000057, -16.425604180999926], [30.418501961000118, -16.431750670999975], [30.406289306000076, -16.437946170999965], [30.416030040000123, -16.45049016699994], [30.41363811299999, -16.46146004299993], [30.407786281000085, -16.46932267299991], [30.40844126800016, -16.479441478999945], [30.403783403000148, -16.489219260999903], [30.40688632900003, -16.513767215999962], [30.397418596000136, -16.516758458999902], [30.3954256560001, -16.52627421799997], [30.388335856000026, -16.529782500999886], [30.387839879000126, -16.54661084199995], [30.38025909600003, -16.555140524999956], [30.385936942000114, -16.56473028499994], [30.377783175000047, -16.57376000799991], [30.372524333000115, -16.5945076619999], [30.37828317900005, -16.608495772999902], [30.39475272599998, -16.622965915999885], [30.396787674000166, -16.630737532999888], [30.394736733000173, -16.63449283299991], [30.39945960300014, -16.638005109999938], [30.399390608000033, -16.644633636999913], [30.40274951500004, -16.64711283299988], [30.4066444070001, -16.648981978999814], [30.41373920700005, -16.64537368899994], [30.422205975000168, -16.655242468999973], [30.4396534870001, -16.65620053699996], [30.44793525900002, -16.663618122999935], [30.455767040000126, -16.66358411599998], [30.471658600000126, -16.671984775999874], [30.49753287800013, -16.67584907099996], [30.501770764000128, -16.685258816999863], [30.51002553000012, -16.68077645699998], [30.514585409000176, -16.681808751999938], [30.510326535000047, -16.695883872999957], [30.519163298000137, -16.71493638199985], [30.51823232800001, -16.723793085999887], [30.525513124999975, -16.72512018799995], [30.527918060000104, -16.73000157399997], [30.518446328000152, -16.735381005999898], [30.5216102440001, -16.74397368699988], [30.510181571000146, -16.756866714999944], [30.506407682000088, -16.76715053399994], [30.484464308999975, -16.791447471999902], [30.48914755400017, -16.80227383299996], [30.49712424200004, -16.805771058999937], [30.497615083000085, -16.815261500999952], [30.503744773999983, -16.81711440099997], [30.505721010000116, -16.8312489409999], [30.503117148000115, -16.833694367999897], [30.510139613000035, -16.83448887299994], [30.509771627000134, -16.8415164299999], [30.521334305000096, -16.847066864999874], [30.52410123100003, -16.85326035399993], [30.520307341000034, -16.860113898999884], [30.523084266000183, -16.865434318999917], [30.517969412000127, -16.870412715999976], [30.525274215000138, -16.88453583199987], [30.523445283000115, -16.91809448999993], [30.51876241700012, -16.92222181999989], [30.52211032800011, -16.93169656799995], [30.520830367000144, -16.937085994999904], [30.526951193000116, -16.942743227999927], [30.527553185000045, -16.95951355599982], [30.533884008000086, -16.96136969899993], [30.529571132000115, -16.966465104999884], [30.548684599000183, -16.97266958599988], [30.55236150100012, -16.98150928399997], [30.550748548000115, -16.986266660999945], [30.542046792999997, -16.98822181999998], [30.53689894300004, -16.998005596999917], [30.540358848000096, -17.001768892999905], [30.536839952000037, -17.013016783999944], [30.54216180800006, -17.02164046299987], [30.544675752000046, -17.050287725999965], [30.547953662000168, -17.053015939999852], [30.576917847999994, -17.051811830999952], [30.58081873399999, -17.042496092999954], [30.598360236000133, -17.03126619699998], [30.619010656000057, -17.029797070999905], [30.633450249000134, -17.02509369199987], [30.636534164000125, -17.02743187599998], [30.64059106000002, -17.048090506999927], [30.663021425000068, -17.036174553999956], [30.66930526300007, -17.06316368399996], [30.692113616000142, -17.05081269799996], [30.738874990000113, -17.061296005999964], [30.718308675999992, -17.15579893499995], [30.68195698600016, -17.21772187499994], [30.655140749000168, -17.236198343999945], [30.671445293000033, -17.240974712999957], [30.668480382000155, -17.251236522999932], [30.617734871000096, -17.362844535999955], [30.632350483000096, -17.406341947999977], [30.619523869000147, -17.454957771999887], [30.621295830000122, -17.47627044399991], [30.612364104000108, -17.518321746999902], [30.61149239200006, -17.551942410999914], [30.64476120500001, -17.55193116499987], [30.691245901000002, -17.559635746999902], [30.728485850000084, -17.55261217799989], [30.78542425100005, -17.55769554999995], [30.760071988000163, -17.604298212999936], [30.789851168000098, -17.639969992999852], [30.837489839000114, -17.662731751999956], [30.844607632000077, -17.65049579099997], [30.912714628000174, -17.687182313999926], [30.92852577499997, -17.700605843999938], [30.93048687800018, -17.66211411699993], [30.955354523999972, -17.660521724999967], [30.957908456000098, -17.66928840999998], [30.96254571600008, -17.71391251999995], [30.950817213000164, -17.709400221999886], [30.948627175000183, -17.757097408999925], [30.908586425000067, -17.764287717999935], [30.918504354000106, -17.779435950999925], [30.905214808000096, -17.77722006399989], [30.89024945500006, -17.78050568599997], [30.889347957000098, -17.796004433999883], [30.895943335000084, -17.801072681999926], [30.88323453600009, -17.811102129999938], [30.890120719000095, -17.82641396599996], [30.89914269800005, -17.865683687999933], [30.896806192000156, -17.869120598999928], [30.885803778000025, -17.867726560999927], [30.87743495100011, -17.875475884999958], [30.936574268000072, -17.911892305999913], [30.88686959300003, -17.936407075999853], [30.894511714000032, -17.94903024399997], [30.881992727000068, -17.93534620899993], [30.873306970000044, -17.931641923999905], [30.870713045000116, -17.93465515999992], [30.861822290000134, -17.923790317999874], [30.858006398999976, -17.926792553999974], [30.844715772000143, -17.924420374999897], [30.84723970400006, -17.929028732999882], [30.84391879900005, -17.932024967999894], [30.844160798000075, -17.944490938999934], [30.841065886000138, -17.94511198799995], [30.837447980000093, -17.929709790999937], [30.831251357000156, -17.920912581999914], [30.80851380000007, -17.94694495199991], [30.816553591000115, -17.981194613999946], [30.77231886000004, -18.022180823999975], [30.774657799000067, -18.032357614999853], [30.784262534000106, -18.044237533999933], [30.78327656600004, -18.050992058999952], [30.790667365000047, -18.066723277999927], [30.790413378000096, -18.077178090999894], [30.799902116000055, -18.0875178899999], [30.790221392000035, -18.093111328999896], [30.77518181700009, -18.09403840799996], [30.76148020900007, -18.105336291999947], [30.761713213000178, -18.126015897999878], [30.75366244900016, -18.142008142999885], [30.754760422000174, -18.148457642999915], [30.74655365600006, -18.154321101999926], [30.75735635500007, -18.161336640999878], [30.75741735700018, -18.167919151999968], [30.762647209000136, -18.167610125999886], [30.764579162000075, -18.172262675999946], [30.74936460200007, -18.19063410799987], [30.74886362000001, -18.19875573799993], [30.743633771000134, -18.205192239999974], [30.721835395000028, -18.220379427999944], [30.717484522000063, -18.228282041999933], [30.69754209000007, -18.23714073799988], [30.70115387600009, -18.2581301269999], [30.69534416400012, -18.26667577899991], [30.699022879000097, -18.267111238999973], [30.695686359000092, -18.271764918999963], [30.69916399500005, -18.28745302699997], [30.708886057000143, -18.295393023999907], [30.70915145300006, -18.306348602999947], [30.718132999000147, -18.308411990999957], [30.719693858000028, -18.314298031999954], [30.72336856700008, -18.31512423699985], [30.722856780000086, -18.322941314999866], [30.734204491000128, -18.33207318999996], [30.740341668000156, -18.332537199999877], [30.746347076000177, -18.343169715999977], [30.753743597000152, -18.341301234999833], [30.758217948000038, -18.34370092499995], [30.758541691999994, -18.35035455799988], [30.76388576800008, -18.3488527049999], [30.767016192000085, -18.360233289999883], [30.772739989000172, -18.3610826769999], [30.783301741000116, -18.37372926499995], [30.781527793000066, -18.377765577999924], [30.790532545000076, -18.39014052899995], [30.785763687000042, -18.403453559999946], [30.770887108000068, -18.4130691229999], [30.765018322000174, -18.503440100999967], [30.766240768000046, -18.570732057999976], [30.703912435000177, -18.634330134999914], [30.709138646000156, -18.63496581599992], [30.706651051000108, -18.64332090399995], [30.682354754000016, -18.67098304399991], [30.649087731000066, -18.732940821999932], [30.63953398000018, -18.695396942999935], [30.63037525600015, -18.72419515999991], [30.60279702100013, -18.696782067999948], [30.598426146000065, -18.699689293999825], [30.611438804999977, -18.74690891499995], [30.602523065000014, -18.76012793399991], [30.599808170000188, -18.80901968699993], [30.558212355000137, -18.819558516999905], [30.55752494100011, -18.876750186999914], [30.53017720800017, -18.909593608999955], [30.504483937000145, -18.911157742999933], [30.4908873170001, -18.900645945999884], [30.476089737000052, -18.902153068999894], [30.463530090999996, -18.89862780599998], [30.45683827700003, -18.893277399999874], [30.447616538000034, -18.892457342999876], [30.439746752000133, -18.87754220499994], [30.420876276000172, -18.86027789299993], [30.41190553299998, -18.864869249999913], [30.4080646380001, -18.858108733999927], [30.402123807000123, -18.859676856999954], [30.39507600400009, -18.855543543999886], [30.39057812200008, -18.840573399999982], [30.384915288000172, -18.848838035999904], [30.37385960300014, -18.852028286999825], [30.366189818000123, -18.847787965999885], [30.35533012600007, -18.847960985999975], [30.35341117300004, -18.837464181999962], [30.347307346000093, -18.83698714899998], [30.34249147900016, -18.830963689999976], [30.32349901000015, -18.819846848999873], [30.322757029000172, -18.81698162999993], [30.326847911000073, -18.81426941899997], [30.316579194000155, -18.800851395999928], [30.29602277300006, -18.79564600899988], [30.289199972000176, -18.80488072099996], [30.274414393000086, -18.809041047999926], [30.268236564000063, -18.802808573999926], [30.26022078000011, -18.784975210999903], [30.25454394200011, -18.78683335599993], [30.23946536400001, -18.780353867999906], [30.23485549700007, -18.782927067999935], [30.220838892000017, -18.780267871999968], [30.211531141000023, -18.758107176999943], [30.181675968000093, -18.730484072999957], [30.150781840000093, -18.725387699999885], [30.146642953000025, -18.71930423499998], [30.140200136000146, -18.721353396999973], [30.132264359000146, -18.718301166999936], [30.12039069900004, -18.72443364499992], [30.11321190000018, -18.72077136799993], [30.105190128000118, -18.72244950199996], [30.10047725800007, -18.71703808899997], [30.071837071999994, -18.722741543999973], [30.067040199000076, -18.70953253199997], [30.05428255900017, -18.70872347799991], [30.049738682000168, -18.699864799999943], [30.03971796400009, -18.698087668999904], [30.03085721800005, -18.702446009999903], [30.028558288000056, -18.708922508999933], [30.018028588000163, -18.712959824999928], [30.008503846000053, -18.695575494999957], [29.989230391000092, -18.69505446699992], [29.980937622000056, -18.689715061999948], [29.97668573600015, -18.68050835699995], [29.95408838300017, -18.692319278999946], [29.946628591000035, -18.68729489699996], [29.93663087800013, -18.693868408999947], [29.93141202200019, -18.68883002499996], [29.923632253000108, -18.703619165999896], [29.91500049600012, -18.70295311999996], [29.909953634000146, -18.694737491999888], [29.89124716800012, -18.7030931459999], [29.88950521300012, -18.695710579999968], [29.884002369000143, -18.69602960799989], [29.879606489000025, -18.6897501279999], [29.864797903000067, -18.683702671999924], [29.855704165000134, -18.690772220999918], [29.850442305000172, -18.677505204999875], [29.842271532000098, -18.671466745999965], [29.835315729000172, -18.672845855999924], [29.829808892000074, -18.681982561999973], [29.81454831800005, -18.6738339449999], [29.806072558000096, -18.67469801699997], [29.799881723000055, -18.661064972999952], [29.80013170900014, -18.651073203999943], [29.79359489100017, -18.646745875999954], [29.781083247000026, -18.649235074999922], [29.781438234000007, -18.64524276799989], [29.775920385000063, -18.63872226999996], [29.777079346000164, -18.630335622999894], [29.76269875500003, -18.633879905999947], [29.750709103000077, -18.645514808999962], [29.73603851600012, -18.642884615999947], [29.73548751400017, -18.61915978999997], [29.730543648000037, -18.611123174999932], [29.720098943000096, -18.61086916199997], [29.707675298000083, -18.61559953399984], [29.69613762000006, -18.610223127999973], [29.690621779000082, -18.613902414999927], [29.66545348300008, -18.60402867099998], [29.64829397700015, -18.616683656999896], [29.635772329000076, -18.61291437499989], [29.625667605000103, -18.60049642599995], [29.618152817000066, -18.599342341999943], [29.59694140199997, -18.579843853999932], [29.581364840000106, -18.57766769699998], [29.5681622190001, -18.5847782539999], [29.554366605000098, -18.57981888099988], [29.5449468380001, -18.535731489999932], [29.545036830000072, -18.52870794799992], [29.552104625000027, -18.521387378999975], [29.554111563000163, -18.51414381899997], [29.55140462900016, -18.500091736999934], [29.553691556000103, -18.488547844999914], [29.54730973200003, -18.482706397999948], [29.55153060900011, -18.476871944999914], [29.545501762000185, -18.45423920199994], [29.55003162800017, -18.44569753999997], [29.558950374000062, -18.443519364999872], [29.560426325000037, -18.432390504999944], [29.567437123000104, -18.42688007499993], [29.56431719600016, -18.406794524999896], [29.57602384600017, -18.37962141699984], [29.575235852000162, -18.35864279499998], [29.56752706700013, -18.354126450999956], [29.55845032600007, -18.357784739999886], [29.547839624000176, -18.356394639999962], [29.533152024000117, -18.337018149999892], [29.49897297600012, -18.319647828999962], [29.485620342000175, -18.30509571199991], [29.460707039000056, -18.297708156999818], [29.441792563000035, -18.285197200999903], [29.428437939000105, -18.28406812299994], [29.41280336800014, -18.268736945999933], [29.392751924000038, -18.255454930999974], [29.376698380000107, -18.260437327999966], [29.3607948290001, -18.26041333699993], [29.347782169000084, -18.224996600999873], [29.347562169000128, -18.21713799199989], [29.31828198900007, -18.20982844499997], [29.303807385000084, -18.1948962969999], [29.27283824300008, -18.175744832999897], [29.25059783300003, -18.127500102999875], [29.252281778000167, -18.117980362999845], [29.244892979000156, -18.109009670999967], [29.244402985000136, -18.09925991399996], [29.227511452000044, -18.087600019999968], [29.213465811000106, -18.04031435299987], [29.213040815000113, -18.029832537999937], [29.204822036000166, -18.015929461999917], [29.20790293500005, -17.997575030999883], [29.217381663000083, -17.99161456099995], [29.213055769000107, -17.970724936999886], [29.226754378000123, -17.963219342999878], [29.229251304000115, -17.958272955999973], [29.22007444000002, -17.94918577599998], [29.23817502900016, -17.92818660599994], [29.247802736000153, -17.89918833899992], [29.26384926700007, -17.87526446199996], [29.266706170000134, -17.853337748999934], [29.283432690000097, -17.84110278299994], [29.291628426000045, -17.79583224299995], [29.29049545099997, -17.78669152899994], [29.301005148000115, -17.777043767999942], [29.31897564000019, -17.77387350799995], [29.328691357000025, -17.76037444699989], [29.323305503000086, -17.752625844999955], [29.30722495600014, -17.754036965999944], [29.300562139000135, -17.748217515999897], [29.29880018400013, -17.741652003999945], [29.30672895300006, -17.731645215999947], [29.30539590300009, -17.716362994999827], [29.333927169000162, -17.704048038999872], [29.34589482100006, -17.689548896999952], [29.346165811000105, -17.686105626999904], [29.338560020000045, -17.679519116999927], [29.335157107000157, -17.66712414899996], [29.344714832000193, -17.65850246799988], [29.347416751000026, -17.651659929999937], [29.34020394800018, -17.64463138499997], [29.342463881000185, -17.639390972999877], [29.340416929000128, -17.62576190699997], [29.34425081400019, -17.616457175999926], [29.329919204000078, -17.59930884199997], [29.320840459000067, -17.599346850999893], [29.31425262800002, -17.57665907699993], [29.333419083000024, -17.567554349999966], [29.344851750000146, -17.551982121999913], [29.36725510700012, -17.532237557999963], [29.369879029000117, -17.52705414999997], [29.36742209200014, -17.51809544899993], [29.37774479799998, -17.513448076999964], [29.39293636200017, -17.500245030999906], [29.406475963000048, -17.473600929999918], [29.404912002000003, -17.465909326999906], [29.386148533000153, -17.472444852999956], [29.361193225000193, -17.46053993499993], [29.353352435000147, -17.44667285099996], [29.338847837000174, -17.439437291999923], [29.33246801100006, -17.432207727999923], [29.328393113000004, -17.415859445999956], [29.31949936000018, -17.41268820299996], [29.294972033000192, -17.390496474999964], [29.280169441000055, -17.381256757999893], [29.27604554900006, -17.37071193099996], [29.27850446700012, -17.35238348799993], [29.270863666000025, -17.331209826999952], [29.25146620000004, -17.31716873499994], [29.238136561000147, -17.29988738299994], [29.228386832000183, -17.296585129999983], [29.21342125800004, -17.305504841999948], [29.202620561000174, -17.306379917999948], [29.16242868300003, -17.299524405999932], [29.12775564500015, -17.28534831299993], [29.11658595700004, -17.284354242999825], [29.105695252000146, -17.27018313399998], [29.073212164000154, -17.271362248999935], [29.066680330000054, -17.249008491999973], [29.05780357800012, -17.24828144099996], [29.044339948000072, -17.23850767999994], [29.027366422000057, -17.236245513999904], [29.01767168500004, -17.224556598999982], [28.98160869500009, -17.223857568999904], [28.961811234000095, -17.203529979999928], [28.956087377000188, -17.180718183999943], [28.94795059300003, -17.16552699099998], [28.938042867000036, -17.160511602999975], [28.93149703400013, -17.138882899999885], [28.93221000800014, -17.13204235899991], [28.924636209000084, -17.11707218199996], [28.91610046400001, -17.137411793999945], [28.90908366400015, -17.14191715499993], [28.90043990500004, -17.14105509299992], [28.885325338000087, -17.15387411599994], [28.864975904000175, -17.14886073499997], [28.859218069999997, -17.155182237999952], [28.851384290000055, -17.154839216999903], [28.833871776000024, -17.150686901999904], [28.832070824000027, -17.14739564399997], [28.823248071000023, -17.147571663999884], [28.80290264500013, -17.152420060999873], [28.798296780000157, -17.160349690999965], [28.791559966000136, -17.156365380999887], [28.7868891010001, -17.162504868999918], [28.779084316000137, -17.157555483999943], [28.776960914000142, -17.163653352999916], [28.77371995900012, -17.164410532999966], [28.76597968300007, -17.156615418999877], [28.752911051000012, -17.159430650999866], [28.7488861650001, -17.16180884199997], [28.743548327000042, -17.17707705099997], [28.734978567999974, -17.17838515999989], [28.72584083400011, -17.19037811399994], [28.714700150000112, -17.19571454299995], [28.71093726000015, -17.20196003799998], [28.71315120800017, -17.21356295199996], [28.709403314000042, -17.21627016899987], [28.70775935600011, -17.211232772999892], [28.703346481000096, -17.212285858999905], [28.70252950700018, -17.215961148999895], [28.671532362000107, -17.200431947999903], [28.67009041200015, -17.212519901999826], [28.661427669999966, -17.231122375999973], [28.663275623000004, -17.23688982899995], [28.657477787999994, -17.24005908399988], [28.63833034600009, -17.266792204999945], [28.631881544000123, -17.287625851999962], [28.636918415000082, -17.302523021999946], [28.629190637000136, -17.30972859499991], [28.6067322720001, -17.31601110699995], [28.590109761000065, -17.343910315999892], [28.56160758599998, -17.375418817999957], [28.55448179700005, -17.388906883999937], [28.53891224400013, -17.401735905999885], [28.544748854999966, -17.41091705899987], [28.54085420000007, -17.413383818999876], [28.529929504000165, -17.41106764599988], [28.523034699000164, -17.412999802999877], [28.507721116000084, -17.39789662699991], [28.50458720400013, -17.39883370299998], [28.499208344000067, -17.38594569399993], [28.474402038000164, -17.38426758099996], [28.47686296400019, -17.379163177999942], [28.463553331000185, -17.372004624999875], [28.465726265000058, -17.36561011999987], [28.456010541000126, -17.370361501999923], [28.458947465000165, -17.378003100999877], [28.437946047000082, -17.371073571999943], [28.35112549100012, -17.38418967299998], [28.34032480400009, -17.395601579999834], [28.334352970000168, -17.394293481999966], [28.327346173000137, -17.401462050999953], [28.31522350900019, -17.397799772999974], [28.304204820000052, -17.40046199099993], [28.297327007000035, -17.394230506999975], [28.285383347000163, -17.400335996999956], [28.279606504000128, -17.394163514999946], [28.2650019190001, -17.400954060999936], [28.25266926600011, -17.402133163999963], [28.24224855500006, -17.399298948999956], [28.239203632000113, -17.389572186999942], [28.24239152800004, -17.372936874999937], [28.23381975200016, -17.355056474999856], [28.22105210500007, -17.350040089999936], [28.20990641800006, -17.350383126999873], [28.204586560000052, -17.342230488999974], [28.196335790000035, -17.341793460999895], [28.193272871000033, -17.336031009999886], [28.197851736000075, -17.32911446199995], [28.182040167000025, -17.315756422999925], [28.17312342400004, -17.323441034999917], [28.171767448000082, -17.307973817999937], [28.163520678000054, -17.307137758999943], [28.165439613000103, -17.296642931999884], [28.17210341700013, -17.285774069999945], [28.172124413000063, -17.282204788999877], [28.16451062400006, -17.278994541999907], [28.165984578000177, -17.27365211999995], [28.17197340900003, -17.27269103899988], [28.170558444000108, -17.267727648999937], [28.153035933000012, -17.265854515999933], [28.14213423400014, -17.26084112899997], [28.14218122500006, -17.25271548899991], [28.1471500830001, -17.249570236999944], [28.150813988000152, -17.25791289099982], [28.15661082300005, -17.254374607999978], [28.164668597000116, -17.25441660399997], [28.164065610000023, -17.249600224999938], [28.143702173000122, -17.24253268399991], [28.150517973000092, -17.23176482899993], [28.138359310000112, -17.228310566999937], [28.136007370000186, -17.221407023999916], [28.137621322000143, -17.21807175999993], [28.152450907000116, -17.218181755999865], [28.155963804000066, -17.212865333999957], [28.153880852000043, -17.20194947399989], [28.14584007999997, -17.2045796889999], [28.135500361000084, -17.195342967999864], [28.136169332000065, -17.18346002999988], [28.13103746100012, -17.16761378299998], [28.14342110300015, -17.154705752999973], [28.143038105000073, -17.14534201399988], [28.134691334000024, -17.139758579999977], [28.118029797000133, -17.136398327999927], [28.10815507500007, -17.139037544999894], [28.095113448000006, -17.147883253999908], [28.087384652000026, -17.134118172999933], [28.092870489000177, -17.124003369999855], [28.070919083000035, -17.101044572999967], [28.062727310000184, -17.09905442299987], [28.045262809000178, -17.111375410999926], [28.031684179000024, -17.1004545589999], [28.033015139000042, -17.09718929999991], [28.04773272200015, -17.090743777999876], [28.052305588000138, -17.08438027099993], [28.052729558000067, -17.061267442999906], [28.046946704000106, -17.045315183999946], [28.06774910700011, -17.02632766699992], [28.065313450000133, -17.022879167999974], [28.047550667999985, -17.02302041999991], [28.032537084000182, -17.019151125999883], [28.040136862000168, -17.00787222699995], [28.029130160000193, -16.99762142499992], [28.020364390000168, -16.980475073999912], [28.033006008000086, -16.948921563999875], [28.02877971500004, -16.92592235199993], [28.029841997000176, -16.89617846999988], [28.01395947600014, -16.87657984499998], [28.06337607500012, -16.852933927999914], [28.135883025000112, -16.823846560999925], [28.238402090000193, -16.73889973199988], [28.246847851000098, -16.735094422999907], [28.248199801000055, -16.720942296999908], [28.26325637700006, -16.71671694899993], [28.263883345000067, -16.70021763699998], [28.273382079000157, -16.698233471999913], [28.287095699000076, -16.701867749999963], [28.295876452000186, -16.699624564999908], [28.314960907000113, -16.684597354999937], [28.321945701000004, -16.671467304999965], [28.330007469000066, -16.66369468099998], [28.36687243200015, -16.65333882799996], [28.38470493900013, -16.658952260999968], [28.406831317000126, -16.65359181799994], [28.411760179999987, -16.65419686199988], [28.429555694000157, -16.667657919999897], [28.440039401000092, -16.667222876999972], [28.44845115800007, -16.65694005299997], [28.461793779999994, -16.650894561999962], [28.471363500999985, -16.636379398999964], [28.483270163000157, -16.62946083999998], [28.482633175000046, -16.62151420799995], [28.488808999000184, -16.61701984499996], [28.502238627000054, -16.620207088999905], [28.64002673500005, -16.561944346999894], [28.742030873000033, -16.542695739999942], [28.770943892000048, -16.512385662999918], [28.81581276900016, -16.484170021999944], [28.823917529000028, -16.465146498999957], [28.817222701000105, -16.446257996999975], [28.81806367100006, -16.436820242999943], [28.823167520000027, -16.425367324999854], [28.839559049000115, -16.407350875999953], [28.846615829000086, -16.376756426999975], [28.850945705000072, -16.37222806299991], [28.84945774000016, -16.36253928999986], [28.840492980000192, -16.349233232999893], [28.844206868000185, -16.338780394999844], [28.842434910000122, -16.32846657199991], [28.828401295000106, -16.319693879999875], [28.82300543800011, -16.309689083999956], [28.823678414000028, -16.30204747199997], [28.835702059000027, -16.27535532899992], [28.85500350300009, -16.251923440999974], [28.857292431000133, -16.240541528999927], [28.855700472000137, -16.23630519099993], [28.84274983000006, -16.23194885099997], [28.835618013000158, -16.21041513199998], [28.83977188100016, -16.187854321999964], [28.836283959000014, -16.162275274999956], [28.839930851000133, -16.153279551999958], [28.854164444000048, -16.13969945399998], [28.864481140000123, -16.115932541999825], [28.863504157000193, -16.10261447399995], [28.853249425000058, -16.07755947199996], [28.847641556000156, -16.042567667999947], [28.85124245000003, -16.035064062999936], [28.87129188200015, -16.02177598299994], [28.876908720000188, -16.01413836599994], [28.889411351000035, -15.98477099899992], [28.903213954000137, -15.966455517999918], [28.91330765600003, -15.943817691999925], [28.928562227000043, -15.937733192999929], [28.96423823600003, -15.939601319999952], [28.981712747000188, -15.936037021999937], [29.01515381900009, -15.940408350999917], [29.028544441999998, -15.934315852999873], [29.03562423900007, -15.925335126999869], [29.043467006000128, -15.905206502999931], [29.06469739700003, -15.878263322999942], [29.091843631000074, -15.86283506399991], [29.15804075500006, -15.813281033999885], [29.194463726000038, -15.790659189999815], [29.214393157000075, -15.768773414999885], [29.2281387700001, -15.761950856999931], [29.24558728600016, -15.763401962999978], [29.268985629000156, -15.755144282999936], [29.294239919000177, -15.74364934199997], [29.30798452900018, -15.732148406999897], [29.333972802999995, -15.726042898999935], [29.345113486000116, -15.715977080999892], [29.364046954000116, -15.708069431999945], [29.39596606900011, -15.71166870299993], [29.403760849000093, -15.708072408999953], [29.421949332000167, -15.690812005999817], [29.436423927000078, -15.686854678999964], [29.463885164000033, -15.687926748999928], [29.492458367000097, -15.683961412999906], [29.499587168999994, -15.685960569999963], [29.52682340400014, -15.674103597999874], [29.54450789900011, -15.6517597859999], [29.55788752000001, -15.641712967999979], [29.58093188000015, -15.643275079999967], [29.600260352000134, -15.659837404999962], [29.624761672000034, -15.661957562999874], [29.63639734700007, -15.660140408999894], [29.670946376000074, -15.643523049999885], [29.70538441500014, -15.63840361799987], [29.73821149500003, -15.62674065899995], [29.759776893000037, -15.62405242999995], [29.775813443000118, -15.617740911999874], [29.788895074000095, -15.608125128999973], [29.807165566000094, -15.60971524699994], [29.83080990700006, -15.607143026999893]]]}}, {"type": "Feature", "properties": {"PROVINCE": "Masvingo", "NAME": "Masvingo", "PCODE": "ZW18", "AREA_SQKM": 56455.7, "CAPITAL": "Masvingo", "PRIMARY_MINERALS": "Lithium (Bikita), Gold, Tantalite, Diamonds (Murowa border), Coal", "JURISDICTION": "Masvingo Provincial Mining Directorate"}, "geometry": {"type": "Polygon", "coordinates": [[[30.937620778000166, -19.14856247399996], [30.969491877000053, -19.1556639989999], [30.99906303700004, -19.15564298399994], [30.98950333000016, -19.195290007999972], [30.989093357000115, -19.22502027099995], [31.00013705600003, -19.24874006999994], [30.99600317800008, -19.257869765999942], [31.08213172300009, -19.244013671999937], [31.18850340900019, -19.233831404999876], [31.193229563999978, -19.240696368999977], [31.203645268000116, -19.239767292999943], [31.209289110000043, -19.244402642999944], [31.21779286800006, -19.244789668999942], [31.230572510000172, -19.254760421999947], [31.241424204000054, -19.258575706999977], [31.258809716000087, -19.27292879099997], [31.28383300900009, -19.280833379999876], [31.293852729000093, -19.29109415599993], [31.311245238000026, -19.299454783999977], [31.318139457000143, -19.309383546999925], [31.33832047800007, -19.31881224199998], [31.364908729999968, -19.336921605999976], [31.396004860000176, -19.36877901099996], [31.406769557000132, -19.374293423999973], [31.42513903200006, -19.370007091999867], [31.4337697900001, -19.377480654999943], [31.443832496000084, -19.360132334999946], [31.44835436800014, -19.362424506999957], [31.46129600900008, -19.381262930999924], [31.480015472000048, -19.372664270999962], [31.489258211000163, -19.376767577999942], [31.49230412800017, -19.38516421399993], [31.52156740700019, -19.390497911999944], [31.526441161000037, -19.394678921999912], [31.52496320800003, -19.405732759999978], [31.527502139000035, -19.41183422199998], [31.54864454000011, -19.41733162999998], [31.57301386300003, -19.456891617999872], [31.583169573000077, -19.45387538499989], [31.589645389000168, -19.455876533999913], [31.59366627300011, -19.45067313899989], [31.61035879600007, -19.447054857999944], [31.621985472000176, -19.463354087999903], [31.639613968000162, -19.45750763899997], [31.649343695000084, -19.466492314999982], [31.67464797200006, -19.46141192099998], [31.67776388600015, -19.468313441999896], [31.67594094600014, -19.486611827999923], [31.679318852000165, -19.492695286999947], [31.6831727550001, -19.52232952799983], [31.703133187000162, -19.524324670999874], [31.709538006000116, -19.528637994999883], [31.714341875000116, -19.540536892999967], [31.726474530000075, -19.54239902899991], [31.7393451800001, -19.58398216699993], [31.75627769900018, -19.58583830099991], [31.77013830300018, -19.58369413399987], [31.774723175000133, -19.59012361799995], [31.79097371300014, -19.593959901999938], [31.795507589000124, -19.6050957409999], [31.82549374000007, -19.620305877999954], [31.827707680999993, -19.63035663599993], [31.82351381000001, -19.65519251199987], [31.832943542000066, -19.656947640999874], [31.835306478000177, -19.664919240999893], [31.842979260000163, -19.667934465999963], [31.84348925000006, -19.678517262999947], [31.85891181200003, -19.68381065699998], [31.877019303000168, -19.701993020999964], [31.899376670000038, -19.711848755999938], [31.92667991200011, -19.76795397099994], [31.967821750000155, -19.79957033599993], [31.977802481000026, -19.84019838699993], [31.98481728400003, -19.848965042999907], [32.01660638200019, -19.86322310399987], [32.03342090300009, -19.86531225499988], [32.052269363000164, -19.862113008999927], [32.07584669300019, -19.87005759799996], [32.08293449700005, -19.88736889599994], [32.08999929700019, -19.892950311999982], [32.09555714300018, -19.90452217899997], [32.141873819000125, -19.901498937999918], [32.19631226600012, -19.90372508799993], [32.20219809900016, -19.909371509999914], [32.20957089600006, -19.930731109999954], [32.23360721300014, -19.941397902999938], [32.25504460600007, -19.958842204999883], [32.26742325400005, -19.961087368999927], [32.284836762000054, -19.97826965199988], [32.31837880400013, -19.98165189599996], [32.32936049200015, -19.985467177999908], [32.340591175999975, -19.99996926199998], [32.343360100000154, -20.011927155999956], [32.33737527900013, -20.036180973999876], [32.33909523600005, -20.0559414519999], [32.345062072000076, -20.076552991999904], [32.33956923500011, -20.096030448999954], [32.33905726900019, -20.15745403799997], [32.3271636180001, -20.18754228699987], [32.31970985500004, -20.26007869599988], [32.31459800400012, -20.26900236299997], [32.29582656600002, -20.344330973999888], [32.288914781000074, -20.39706489499997], [32.28425693400004, -20.454626168999937], [32.289128806000065, -20.489641764999874], [32.28271999700013, -20.512199437999982], [32.28775185900014, -20.531930898999917], [32.28863684300018, -20.559001902999967], [32.271219356000074, -20.59985092999989], [32.2568537730001, -20.616732182999897], [32.26085066900009, -20.645752325999922], [32.25549583100002, -20.67094818899983], [32.24701207800018, -20.681849995999983], [32.22887360200008, -20.690646650999952], [32.225604698000154, -20.698561235999875], [32.22768364300009, -20.71180721299993], [32.21728894800009, -20.729670533999922], [32.212692087000164, -20.750836095999944], [32.20880120000015, -20.754223346999936], [32.209129196000106, -20.76898743499987], [32.21970289600017, -20.78065729099984], [32.210838156000136, -20.797092503999977], [32.1965865680001, -20.804318040999817], [32.183281963000184, -20.840455704999897], [32.15686173600005, -20.87757744299995], [32.156266758000186, -20.89091842399995], [32.14962495300017, -20.904070391999937], [32.13982623900017, -20.91426014399991], [32.13554936600002, -20.926615052999978], [32.14008124000003, -20.938042889999963], [32.14731003300011, -20.9400820379999], [32.1571017550001, -20.94897068699987], [32.15867771400019, -20.960829556999897], [32.152028911000116, -20.978372845999957], [32.157727754999996, -20.99777226599997], [32.164887552000096, -21.005342818999964], [32.1905408180001, -21.016375618999916], [32.19606466200008, -21.024042178999935], [32.19526668900005, -21.035500018999983], [32.186023958000135, -21.04552975699994], [32.19466471600009, -21.06425512499993], [32.21648709000016, -21.068560432999902], [32.22471185600017, -21.076978046999898], [32.23380559600014, -21.079521229999898], [32.24044741100016, -21.09754654699998], [32.257734913000036, -21.096881492999955], [32.2707235420001, -21.104517046999945], [32.28577912800006, -21.159641070999953], [32.289224037000054, -21.184348874999955], [32.30588256400006, -21.202247175999958], [32.30466160200007, -21.21019975599995], [32.312443381000094, -21.22214762599998], [32.337898656000164, -21.24607936299992], [32.37654754599998, -21.25473698299993], [32.39235909300004, -21.262500543999977], [32.41748937900013, -21.293296779999878], [32.43585285300003, -21.30482561399998], [32.448078502000044, -21.30812985199998], [32.41387749000012, -21.316299455999967], [31.757800707000058, -21.993941616999905], [31.408118020000018, -22.347922021999977], [31.37628196100019, -22.379717294999978], [31.309615919000123, -22.421047258999863], [31.304623060000097, -22.414622805999954], [31.285959596000055, -22.404147071999944], [31.274273917000187, -22.372737848999975], [31.264632191000146, -22.363759216999938], [31.248757650000073, -22.361716079999894], [31.226095311000165, -22.36660743899995], [31.210928749000118, -22.363963258999945], [31.197747126000024, -22.35489762199984], [31.18559746599999, -22.33411915199997], [31.173598811000147, -22.32900179399985], [31.147810559000163, -22.328484770999978], [31.120517356000107, -22.338220476999936], [31.113327460000107, -22.337528765999878], [31.098563978000186, -22.31432279099988], [31.08609833200012, -22.301998920999836], [31.08408638300017, -22.28972204899992], [31.080200494999985, -22.28851296499988], [31.06831284300017, -22.294060365999883], [31.06112604599997, -22.28522474099998], [31.051229333000094, -22.285886793999964], [31.04958137200009, -22.27157677599996], [31.05330426100005, -22.266607420999946], [31.034297812000148, -22.266733439999882], [31.02761499600018, -22.25186638499997], [31.013466406000134, -22.250893322999957], [31.016237359000172, -22.233136103999925], [31.03184707400004, -22.235787066999876], [31.03597039000016, -22.2269504919999], [31.030374451000114, -22.221353998999973], [31.020360670000173, -22.218408479999937], [31.010935943000106, -22.227539610999884], [31.00592905200017, -22.22459408899988], [31.01329211400008, -22.20839370199991], [31.002394766000123, -22.207215497999925], [31.009757831000115, -22.19396063399995], [31.005339977000176, -22.17864390999989], [30.987668600000063, -22.174225632999878], [30.98943573500003, -22.169218239999907], [30.982956226000056, -22.161854431999927], [30.962634144000106, -22.159792575999973], [30.954682023000032, -22.155079740999895], [30.947855127000082, -22.136501058999954], [30.948059765000096, -22.12499830799993], [30.944063675000052, -22.112850188999914], [30.93118487800018, -22.105333688999906], [30.93528456600012, -22.086197615999936], [30.931300673000067, -22.073833733999948], [30.917083085, -22.073566722999885], [30.899738593000052, -22.08351244299996], [30.889501890000133, -22.084318506999978], [30.873400328000116, -22.04181447499991], [30.859518725000044, -22.03434994899993], [30.857413774000065, -22.016665683999918], [30.832958469000175, -21.99747532299989], [30.803689317000135, -21.99907345399987], [30.79660151000013, -21.980819149999945], [30.80106237700005, -21.975267749999887], [30.808716156000116, -21.974840714999914], [30.80684120600006, -21.969763351999916], [30.79806245700013, -21.964228959999957], [30.782998891999966, -21.964436983999917], [30.766191371000104, -21.954001244999972], [30.75689763200006, -21.94144634999998], [30.755027679000136, -21.930630574999896], [30.771257204000165, -21.92233196999996], [30.760246516000052, -21.913477339999872], [30.761371479000104, -21.907023875999982], [30.750274798000078, -21.90352963199996], [30.738103141000124, -21.89125675699995], [30.727629443000183, -21.89030469499994], [30.73047135100012, -21.875065598999925], [30.716654750000146, -21.875269620999916], [30.712760861000106, -21.87211839699995], [30.710145929000078, -21.861827658999914], [30.715075783000145, -21.855964234999817], [30.71081690200009, -21.850274827999897], [30.702882129000045, -21.84725061499995], [30.68520562900011, -21.831560496999828], [30.67022206100006, -21.829454353999893], [30.66978007, -21.823735942999974], [30.67418693800016, -21.81744448799998], [30.665074197000138, -21.811245046999886], [30.66902407300006, -21.797187032999943], [30.665864155000122, -21.78242697199994], [30.653205520000142, -21.781377903999953], [30.634825042999978, -21.770110102999865], [30.648806627000056, -21.753127870999947], [30.648499633000085, -21.74848753699996], [30.64448074900008, -21.748109511999928], [30.63157312900006, -21.759392332999937], [30.61952448000011, -21.76324961799986], [30.607149825000022, -21.74582236899988], [30.5995420430001, -21.743053173999897], [30.59646513700011, -21.751899813999955], [30.59018232000011, -21.754043971999977], [30.582105540999976, -21.735954672999924], [30.57121285600016, -21.73744478699996], [30.56219311100017, -21.72982824299993], [30.553957360000084, -21.7453323659999], [30.544264642000144, -21.747916557999872], [30.54083873800016, -21.745000349999884], [30.543108667000126, -21.73599669999993], [30.535276887000123, -21.728313149999963], [30.53410791500005, -21.71992854599995], [30.5243291970001, -21.71981754399991], [30.51847035999998, -21.71147994699993], [30.50376278400006, -21.71025786799987], [30.49822194000012, -21.704967488999955], [30.501912824000158, -21.691424508999887], [30.499234894000097, -21.681776814999978], [30.50764664600007, -21.673832235999953], [30.50814962400011, -21.663367479999977], [30.50351475400015, -21.65813910499992], [30.489893146000043, -21.65679601599993], [30.48252136300016, -21.663216484999907], [30.470394705000103, -21.651565649999952], [30.45021528800015, -21.65256773599998], [30.44609040300014, -21.647026337999876], [30.446364387000074, -21.63572852099992], [30.443351470000096, -21.63120519599994], [30.426927943000067, -21.630511155999955], [30.407532498000137, -21.62455573799997], [30.395231842000044, -21.60881760799998], [30.381185248000065, -21.61083776299995], [30.372220499000036, -21.60103105899998], [30.361091816000055, -21.594860619999963], [30.355920965000053, -21.59558467499994], [30.338270486000056, -21.611077807999948], [30.32815276900004, -21.60020102699997], [30.306049407000103, -21.601397127999974], [30.294980722000105, -21.595319695999933], [30.275704279000024, -21.596927824999966], [30.263905615000112, -21.59158744599995], [30.233402496000053, -21.59437766799988], [30.229787594000072, -21.585763046999944], [30.23967530100009, -21.575827320999963], [30.242854201, -21.563554430999943], [30.241802222000103, -21.55195859199995], [30.236141381000095, -21.545756145999917], [30.23075453400014, -21.544009022999944], [30.218284901000175, -21.553862744999833], [30.208550170000024, -21.538684651999972], [30.193030610000108, -21.528662935999876], [30.172515203000046, -21.53185818199995], [30.166110376000063, -21.516192049999916], [30.170146250000016, -21.504091169999924], [30.16577737300014, -21.50049091199992], [30.14617794200018, -21.5058073109999], [30.12687749100013, -21.496519649999982], [30.096138379000138, -21.500740977999953], [30.097030347000043, -21.49279239999987], [30.107029055000112, -21.487519010999904], [30.108663005000096, -21.483413711999958], [30.09354543500018, -21.476220200999933], [30.072741036000025, -21.47894041199993], [30.068879132000063, -21.459392995999963], [30.041535903000124, -21.43939856299994], [30.04021192900018, -21.42302637499995], [30.02471936200004, -21.407364247999908], [30.01881951700011, -21.387831831999904], [29.999079071000153, -21.37126063999989], [29.953815360000192, -21.353634389999968], [29.94812452000008, -21.348865045999958], [29.93642082399998, -21.308276098999897], [29.92140324800016, -21.29851539899994], [29.91902231199998, -21.29338002599991], [29.918847303000177, -21.276779815999816], [29.901248802000055, -21.268062192999878], [29.89142408600003, -21.26978132599993], [29.886469224000052, -21.26336786099995], [29.892383043000052, -21.250974952999968], [29.88742818200018, -21.245958590999976], [29.886188206000043, -21.231655547999935], [29.89466995800018, -21.226589171999876], [29.87909339200013, -21.21004397599995], [29.851046194000105, -21.204422584999975], [29.846864311000047, -21.200684314999933], [29.84568133500005, -21.18899646199992], [29.842212433999975, -21.18840542199996], [29.83846753400013, -21.178957733999937], [29.831134741000085, -21.17409938399993], [29.83142972500019, -21.164866708999966], [29.843440375000057, -21.158526236999933], [29.8411724340001, -21.15153372799989], [29.801323566000065, -21.13564659499997], [29.774056329000018, -21.11137583899989], [29.766002550000053, -21.099413968999954], [29.765964543000052, -21.08889919899991], [29.75674980900004, -21.090862349999895], [29.75212093900018, -21.08728009099997], [29.731033499000148, -21.033302151999976], [29.73070050000001, -21.022919390999903], [29.767367456000045, -21.032358055999907], [29.78283001200009, -21.032037020999894], [29.823563827000044, -21.01286858599991], [29.882299098000146, -20.95861056299998], [29.902949494999973, -20.945408578999945], [29.92744877399997, -20.922802900999955], [29.946786379000116, -20.911732200999836], [29.954338841000094, -20.915277646999982], [29.970679524000047, -20.90943388799991], [29.987586039999997, -20.91135601799988], [29.991050945999973, -20.918101510999975], [30.049197310000125, -20.959348501999955], [30.059486918999994, -20.96028015999991], [30.068819752000138, -20.966317999999887], [30.067281802000082, -20.974541604999956], [30.07357963400011, -20.99013374499998], [30.109021629000097, -21.00703996099992], [30.131292991000066, -21.008447049999916], [30.165945015000148, -21.034525938999934], [30.179440623000175, -21.027840439999977], [30.19475419100013, -21.038065178999943], [30.21706754500019, -21.031712698999968], [30.229411195000125, -21.037449111999877], [30.250111603000107, -21.041004358999885], [30.25329050400012, -21.0297915349999], [30.281686681000167, -21.0194477579999], [30.30092714100016, -21.036573000999965], [30.308903907000058, -21.030690564999873], [30.316332694000153, -21.03011951899998], [30.33719710400004, -21.043058453999947], [30.35683053700012, -21.039859206999893], [30.378334906000134, -21.020425768999928], [30.393381473000147, -21.019536694999886], [30.402668193000068, -20.99977223899998], [30.409282162000125, -20.999331959999893], [30.417522589000043, -20.986536715999932], [30.445177502000035, -20.962508860999947], [30.44340675400008, -20.92314072599993], [30.453440587999978, -20.882608810999955], [30.450822207000158, -20.869201136999948], [30.45430880400005, -20.831056797999906], [30.469147449000104, -20.769585776999918], [30.47342958500019, -20.7562798969999], [30.480057760000193, -20.74835585999989], [30.481419527000128, -20.715144162999877], [30.48686559300006, -20.704910478999864], [30.50980998, -20.691874677999976], [30.51991361200004, -20.682264798999938], [30.492518399000062, -20.684032945999945], [30.481523711000023, -20.680234671999926], [30.47882778600018, -20.67610336799993], [30.481538701000034, -20.66585060899996], [30.47877077400011, -20.656253901999946], [30.458345353000027, -20.646724209999945], [30.45060256500011, -20.632857188999935], [30.44898461200006, -20.624881750999975], [30.45380046300005, -20.61732203799994], [30.449469582000063, -20.60920944099996], [30.45055653700001, -20.58953998499993], [30.444876689000125, -20.573014764999982], [30.448101591000125, -20.565680219999933], [30.46025824100019, -20.56289900699994], [30.46095821700004, -20.55664454299989], [30.44375469100015, -20.52803043299997], [30.412324565000063, -20.49121372299993], [30.413482523000084, -20.477745722999884], [30.371742691000122, -20.438944868999897], [30.36015200700018, -20.41611217999997], [30.345203438999988, -20.42305170399993], [30.339072611000063, -20.418119341999954], [30.318323184000178, -20.38761508799996], [30.320143120000125, -20.37134787699995], [30.313843296000073, -20.364932403999887], [30.286800064000033, -20.356568798999945], [30.258035883000105, -20.352263495999978], [30.244032272000084, -20.335713273999886], [30.24360927400005, -20.32195524999986], [30.26133873499998, -20.27636584299995], [30.26714156700018, -20.271982512999898], [30.26811353200003, -20.262717821999956], [30.27479533700017, -20.256938386999934], [30.279542192000065, -20.242548311999883], [30.277780233000044, -20.22904530599982], [30.197767478000173, -20.171677073999945], [30.158545623000066, -20.206538700999943], [30.15645478000016, -20.20725698399997], [30.153551761000017, -20.200383244999898], [30.148138915000175, -20.199175157999946], [30.152317789000108, -20.19063351799997], [30.16003856700013, -20.187748297999974], [30.166708353000047, -20.15503985099997], [30.158165577000034, -20.126688737999928], [30.16829528200003, -20.118794140999967], [30.176747028000136, -20.10014074099996], [30.187454721000165, -20.09804657799998], [30.18531776900005, -20.08064227699998], [30.191673579000167, -20.0672912739999], [30.17070616799998, -20.054462326999897], [30.16681927100018, -20.043579514999976], [30.16042445400018, -20.044027551999932], [30.144024172000172, -20.033325138999942], [30.142966940000065, -20.02651325199986], [30.150120732999994, -20.023334008999882], [30.21981674, -20.016817476999904], [30.223801624000032, -20.012546154999825], [30.25068085300012, -20.00626666799991], [30.322097811000162, -19.99955112099991], [30.334174462000078, -19.99281360899988], [30.354811875999985, -19.997408940999946], [30.431003989000146, -19.990106283999978], [30.43139001300011, -19.98610443399997], [30.42794061700016, -19.984961455999894], [30.433310614000106, -19.962152250999964], [30.422747914000126, -19.96118918499991], [30.426313807000042, -19.952073499999926], [30.425417826000057, -19.943342844999904], [30.430737671000145, -19.937490402999913], [30.44288332600013, -19.939832571999887], [30.450392105000105, -19.92976681199997], [30.45492397800018, -19.932363003999967], [30.45700791200011, -19.92186621499991], [30.47048951500011, -19.9037378459999], [30.46957753900017, -19.900813626999877], [30.46449468500009, -19.902194733999977], [30.45767387500007, -19.89489618999994], [30.454471967000188, -19.89516921199987], [30.45945381900009, -19.886138530999972], [30.451151055000025, -19.884912443999895], [30.454408957000112, -19.87728786899993], [30.448215989000175, -19.86943576999994], [30.45904381600019, -19.863147803999937], [30.453851955000005, -19.849915812999882], [30.45897480600013, -19.845673490999957], [30.459870777000106, -19.839688039999885], [30.469451505000052, -19.842346234999923], [30.522016003000033, -19.83650176499998], [30.633869833000176, -19.866361946999973], [30.686476330000175, -19.86140454599996], [30.692633151000052, -19.85601013699994], [30.69217916200006, -19.85183682399986], [30.677785566000182, -19.841940087999888], [30.67905552300016, -19.83015420099997], [30.683066405000034, -19.824423767999917], [30.680264484000134, -19.823351688999935], [30.67761155400018, -19.81336593899988], [30.68110745200005, -19.809230625999874], [30.67883651200009, -19.802240101999928], [30.68347037000018, -19.78474078299996], [30.692803101000095, -19.779523384999834], [30.688275216000136, -19.756354642999952], [30.690203156000166, -19.748378040999967], [30.695621999000082, -19.744156719999864], [30.704705651000097, -19.74411729799988], [30.69610047800012, -19.71807521099987], [30.696486539000034, -19.69111725399995], [30.70552729100001, -19.686556877999976], [30.705472007000083, -19.65892390099998], [30.70937471400015, -19.63686778699997], [30.68719427100018, -19.58794026399994], [30.694926256000144, -19.580387298999938], [30.69777971000019, -19.56894568599995], [30.71271979700009, -19.55893294999987], [30.709205101000066, -19.553786951999882], [30.709737434000147, -19.54784205999988], [30.71895453700006, -19.530103708999945], [30.71822719000005, -19.463686523999968], [30.70934843800012, -19.456502984999872], [30.714037289000032, -19.42899689799998], [30.753402856000093, -19.437404136999874], [30.75405643800019, -19.422510207999892], [30.759999811000114, -19.41449395199993], [30.755170050000117, -19.406770384999902], [30.758368674999986, -19.402552149999963], [30.69566171000008, -19.395849492999957], [30.88760225300007, -19.247945063999964], [30.89390807200016, -19.244461795999882], [30.9084526580001, -19.243900745999895], [30.906972689000156, -19.222268100999884], [30.889780163000125, -19.197339211999974], [30.892378087000168, -19.192016804999923], [30.92140526200012, -19.192276810999942], [30.91999029600015, -19.18017789099997], [30.937620778000166, -19.14856247399996]]]}}, {"type": "Feature", "properties": {"PROVINCE": "Matabeleland North", "NAME": "Matabeleland North", "PCODE": "ZW15", "AREA_SQKM": 75455.5, "CAPITAL": "Lupane", "PRIMARY_MINERALS": "Coal (Hwange), Coal-Bed Methane (Lupane), Tin, Lithium, Gold", "JURISDICTION": "Matabeleland North Provincial Mining Directorate"}, "geometry": {"type": "Polygon", "coordinates": [[[28.020364390000168, -16.980475073999912], [28.04011486400009, -17.009524357999965], [28.032630082000026, -17.01933614099994], [28.047550667999985, -17.02302041999991], [28.065313450000133, -17.022879167999974], [28.067751106000003, -17.02659868799998], [28.046946704000106, -17.045315183999946], [28.052729558000067, -17.061267442999906], [28.052305588000138, -17.08438027099993], [28.04773272200015, -17.090743777999876], [28.03245315500004, -17.09753032799989], [28.03210916800009, -17.10174266099989], [28.046251782000184, -17.111369409999895], [28.062727310000184, -17.09905442299987], [28.070919083000035, -17.101044572999967], [28.092870489000177, -17.124003369999855], [28.087384652000026, -17.134118172999933], [28.095113448000006, -17.147883253999908], [28.10815507500007, -17.139037544999894], [28.118029797000133, -17.136398327999927], [28.134691334000024, -17.139758579999977], [28.143747087000122, -17.146355093999944], [28.140192198000022, -17.16042820799987], [28.13103746100012, -17.16761378299998], [28.136169332000065, -17.18346002999988], [28.135500361000084, -17.195342967999864], [28.14584007999997, -17.2045796889999], [28.153880852000043, -17.20194947399989], [28.155963804000066, -17.212865333999957], [28.152450907000116, -17.218181755999865], [28.137621322000143, -17.21807175999993], [28.136007370000186, -17.221407023999916], [28.138359310000112, -17.228310566999937], [28.150517973000092, -17.23176482899993], [28.143702173000122, -17.24253268399991], [28.164065610000023, -17.249600224999938], [28.164668597000116, -17.25441660399997], [28.15661082300005, -17.254374607999978], [28.150813988000152, -17.25791289099982], [28.1471500830001, -17.249570236999944], [28.14218122500006, -17.25271548899991], [28.14213423400014, -17.26084112899997], [28.153035933000012, -17.265854515999933], [28.170558444000108, -17.267727648999937], [28.17197340900003, -17.27269103899988], [28.165984578000177, -17.27365211999995], [28.16451062400006, -17.278994541999907], [28.172124413000063, -17.282204788999877], [28.17210341700013, -17.285774069999945], [28.165439613000103, -17.296642931999884], [28.163520678000054, -17.307137758999943], [28.171767448000082, -17.307973817999937], [28.17312342400004, -17.323441034999917], [28.182040167000025, -17.315756422999925], [28.197851736000075, -17.32911446199995], [28.193272871000033, -17.336031009999886], [28.196335790000035, -17.341793460999895], [28.204586560000052, -17.342230488999974], [28.20990641800006, -17.350383126999873], [28.22105210500007, -17.350040089999936], [28.23381975200016, -17.355056474999856], [28.24239152800004, -17.372936874999937], [28.239398629000164, -17.391951373999973], [28.24265954400005, -17.399697980999917], [28.250369329000137, -17.400964073999944], [28.247435413000062, -17.40355828099996], [28.243493543000056, -17.42542800399997], [28.25182432600019, -17.44386944699994], [28.227724024000054, -17.469330467999896], [28.222700182000096, -17.488121947999957], [28.226904078000075, -17.50403919499996], [28.216608374000145, -17.512245847999964], [28.208618610000087, -17.525958930999877], [28.209520597000164, -17.540355060999957], [28.204454744000145, -17.545737486999883], [28.209776609000073, -17.56151672099992], [28.202229835000026, -17.576518903999897], [28.216307438000115, -17.57475075399998], [28.218683378000094, -17.58153328399993], [28.208935670000187, -17.602561940999976], [28.197939990000066, -17.615833990999874], [28.196984055000144, -17.65765826899991], [28.193059170000026, -17.66284267799989], [28.19484212300017, -17.666491961999952], [28.181048522000083, -17.679425986999945], [28.18425743800003, -17.68546745699996], [28.18229250100012, -17.694642176999935], [28.171708804000048, -17.700561648999894], [28.16522199900004, -17.714409737999972], [28.143272636000177, -17.737370552999835], [28.11671237200011, -17.72717077799996], [28.10157780200001, -17.733557289999965], [28.093706033000046, -17.744438147999915], [28.097097943000165, -17.750291602999937], [28.09345105300008, -17.75796220599989], [28.0699087430001, -17.78954669599989], [28.074274623000065, -17.792218900999956], [28.08078847000013, -17.82444441299998], [28.09122518999999, -17.8382544829999], [28.086388344, -17.85757399599993], [28.076828627000168, -17.87244216499994], [28.07961356600009, -17.891210626999964], [28.06934987300008, -17.910716157999957], [28.065907986000127, -17.928454543999976], [28.0685359200001, -17.93655117299994], [28.049863448000053, -17.940517498999952], [28.043250653000143, -17.960359050999955], [28.012703549000037, -17.999526129999936], [28.008278691000044, -18.01814458299998], [28.017563188000054, -18.040679002999923], [28.025558614999966, -18.049000362999948], [28.030397882999978, -18.06113983599994], [28.03756432900019, -18.063382446999924], [28.05021776600006, -18.052669556999945], [28.070922425000163, -18.05939878399994], [28.06781685600015, -18.071581054999967], [28.071989523000127, -18.104251475999888], [28.068837304, -18.10883086499996], [28.069807774000026, -18.137717361999876], [28.04920712800009, -18.14999581199993], [28.04688497300009, -18.160652870999968], [28.054087645000095, -18.1682166409999], [28.0509794030001, -18.18039866299995], [28.10191748700015, -18.18619560099995], [28.109894834000045, -18.189951153999914], [28.098059835000186, -18.20522523199992], [28.09011509700008, -18.206791144999897], [28.059861098, -18.202398831999915], [28.027266695000094, -18.205617365999956], [28.001954212000157, -18.223228743999982], [27.997499206000157, -18.23720961899994], [27.99876128000011, -18.348935275999963], [28.001189889000045, -18.35022511099993], [28.00133122200009, -18.363064366999936], [27.999936393999974, -18.497778781999955], [28.00204635500006, -18.517971338999928], [27.999030443000095, -18.52121859199997], [27.9994630380001, -18.546735706999925], [28.030335590999982, -18.551400892999936], [28.042284250000023, -18.546574509999914], [28.058624789000135, -18.54695252399995], [28.0649696160001, -18.55221292399989], [28.07106744500004, -18.552857967999955], [28.086229006000167, -18.541001039999912], [28.095726740000146, -18.543326210999908], [28.100248608000186, -18.538621843999977], [28.108036390999985, -18.54135904899988], [28.111244298000145, -18.53829180899993], [28.120041056000048, -18.54498331699989], [28.142169436000017, -18.548756588999936], [28.15228816000007, -18.55807529899994], [28.16366283299999, -18.55168279599991], [28.179066399000135, -18.552113815999974], [28.197484888000076, -18.55978939199997], [28.20697961700006, -18.55717818199986], [28.221753209000155, -18.56583283699996], [28.235962807000078, -18.564094689999877], [28.24287861500011, -18.56730893199989], [28.259043153000164, -18.56081441699996], [28.27135480999999, -18.56565677999987], [28.281117533000156, -18.563978641999938], [28.289155309000137, -18.566669842999943], [28.314119602000062, -18.562975535999897], [28.329607172000067, -18.569787046999977], [28.33328006500011, -18.566311775999907], [28.342702801000087, -18.5678348859999], [28.35135055300009, -18.564312606999977], [28.368165079999983, -18.565012645999957], [28.3835476430001, -18.56149136199997], [28.38893549300019, -18.56427757199998], [28.395012318, -18.559858225999903], [28.406495995000114, -18.56068627999997], [28.407437966000145, -18.55835909999996], [28.42947635100012, -18.565717648999964], [28.438409098000136, -18.563942504999886], [28.442445985999996, -18.56642769299998], [28.451091739000105, -18.562730400999953], [28.45798754900011, -18.567735780999953], [28.46043747600004, -18.56320742999992], [28.472850127000072, -18.565466593999872], [28.47603403400018, -18.561111254999958], [28.484616795000022, -18.56478753099998], [28.48784370100003, -18.561128246999942], [28.5516341660001, -18.55974699099994], [28.57161893600005, -18.555337031999954], [28.57477255700013, -18.559555286999966], [28.581911563000176, -18.561617832999957], [28.588562535000165, -18.559015233999958], [28.594827484000064, -18.562782442999946], [28.608585716000164, -18.558845589999976], [28.61883571200019, -18.560455713999943], [28.62370215400017, -18.5574427709999], [28.64471285900015, -18.561863205999884], [28.65665238800011, -18.553671462999944], [28.680697926000107, -18.55065781499991], [28.75059236300001, -18.5706528529999], [28.941388914000015, -18.575410983999973], [29.008614021000028, -18.580470322999872], [29.09030671200003, -18.578616118999946], [29.12887265100005, -18.61226968199992], [29.125465764000126, -18.633378309999955], [28.922949548000076, -18.70885826999995], [28.866923418, -18.723330232999956], [28.937664392000045, -19.009895335999886], [28.951065021000147, -19.020109106999882], [28.977649270000143, -19.021008153999844], [28.974734366000177, -19.036703355999975], [28.986650034000036, -19.04329084999995], [28.992443883000078, -19.05833599499988], [29.001780624000162, -19.064762477999977], [29.011086917, -19.085204797999836], [29.009529461000113, -19.08982333299997], [29.014799619000087, -19.092066518999957], [29.01734465500016, -19.10239207099994], [29.010952339000085, -19.107447003999937], [29.00310808500012, -19.125938709999957], [29.00839791100009, -19.129715613999906], [29.000872763000075, -19.141301504999944], [28.999462496000035, -19.158189143999948], [29.00613533400002, -19.176138946999913], [29.00096435800009, -19.18233076899992], [29.004233975000034, -19.185746202999894], [29.00281370800019, -19.19561645799996], [29.015367363000166, -19.207816376999972], [29.01660733799997, -19.219543268999928], [29.032790899000076, -19.242375994999975], [29.018888307000168, -19.258792254999946], [29.01701536800016, -19.267886947999898], [29.020950262000156, -19.274418441999956], [29.02168725500013, -19.289392579999912], [29.028879056000164, -19.295006000999933], [29.03420391800006, -19.31037316499993], [29.047814533000064, -19.311941273999878], [29.057990260999986, -19.33103071599993], [29.072126868000055, -19.339677361999918], [29.072758859000032, -19.35051818499994], [29.08550250600007, -19.359913888999927], [29.092033332000085, -19.373476912999877], [29.121173519000024, -19.389400098999943], [29.12898129700011, -19.388689038999928], [29.148655744000052, -19.395067507999897], [29.155384559000026, -19.401633000999936], [29.163238354000157, -19.422722594999982], [29.19344651800003, -19.447851476999915], [29.196240447000037, -19.45858128799989], [29.200740322000115, -19.46134749399988], [29.207289134000177, -19.4595293509999], [29.21916081100005, -19.47603659299989], [29.233794593000084, -19.482402615999945], [29.215483989999996, -19.529599888999883], [29.17186108100009, -19.49766982799997], [29.107254231000127, -19.49031476099998], [29.092111400000135, -19.50150933799995], [29.090340464000178, -19.506459316999894], [29.082126801000072, -19.509743755999978], [29.083472322000148, -19.519297320999954], [29.094367746000103, -19.534249828999975], [29.127096413000118, -19.534737292999978], [29.195084928000085, -19.564659011999936], [29.115732080000157, -19.601272834999975], [29.06917048600019, -19.65435563199992], [29.041662857000176, -19.657279999999957], [29.102941362000024, -19.70934676399986], [29.103500270000097, -19.775383658999942], [29.085816375000036, -19.807209150999938], [29.09785298100013, -19.8140272039999], [29.072019921000162, -19.82998701699995], [29.046580794000192, -19.853188119999913], [28.955004622000047, -19.82167989699991], [28.991437696000048, -19.942692960999977], [28.984584903000155, -19.955856954999888], [28.961836566000102, -19.972818245999974], [28.89562051300004, -20.039868325999976], [28.81600678500007, -20.04466275199991], [28.860191556000075, -20.07599806199994], [28.793309534000116, -20.13094621299996], [28.791705551000007, -20.121936556999913], [28.778674926000008, -20.125491833999945], [28.773320086000183, -20.13336842699988], [28.77671699000001, -20.134652519999918], [28.774489058000086, -20.138813832999972], [28.770783162000043, -20.137001700999974], [28.767830249000042, -20.14036895499993], [28.78121787000009, -20.142877130999977], [28.752798633000168, -20.21487542899996], [28.742420051000124, -20.22077298299996], [28.713876895999988, -20.25273539299991], [28.722425664000184, -20.26528432099991], [28.669050219000155, -20.29826482599998], [28.605319598000108, -20.22744280799992], [28.608349433000058, -20.230731891999937], [28.627040049000186, -20.232057019999957], [28.63801507300019, -20.229884349999963], [28.640910312000017, -20.22642094799994], [28.65055446500014, -20.22660487099995], [28.662493518000076, -20.23640338299998], [28.66507005699998, -20.23330754799997], [28.66315308100019, -20.22187338699996], [28.67233897600005, -20.219861841999887], [28.67358620900012, -20.215218573999948], [28.68456732400017, -20.220809061999944], [28.69317000300009, -20.202053002999946], [28.69678314600003, -20.202476506999915], [28.69649612700016, -20.19098995199994], [28.675629749999985, -20.181977942999936], [28.676954253000076, -20.176339476999942], [28.670326512000145, -20.17234014899998], [28.67517563900003, -20.168228305999946], [28.664464649000024, -20.166353312999888], [28.651256268000054, -20.15295051699991], [28.6765418870001, -20.11433427399993], [28.651199973000075, -20.113270635999925], [28.65747975200003, -20.100104904999966], [28.656631151000056, -20.089304324999887], [28.660446643000057, -20.088980277999894], [28.667915226000105, -20.06760616799994], [28.643576014000132, -20.06865166999995], [28.661784572000045, -20.02796455899994], [28.66799239000011, -20.024039309999978], [28.671169237000186, -20.016309117999867], [28.64359755200013, -20.004159333999894], [28.607239842000183, -19.96147483799996], [28.573762010000053, -20.028093939999906], [28.55415947400013, -20.044337305999875], [28.553712887000074, -20.056503774999953], [28.54693143000003, -20.04932215599996], [28.54770115900004, -20.044434727999942], [28.530764834000138, -20.03047142299988], [28.51264661500005, -20.042969947999893], [28.513024179000183, -20.059239342999945], [28.46870236000018, -20.070582100999957], [28.44583766700009, -20.040628305999974], [28.408708132000072, -20.018030029999977], [28.415139616000033, -20.11845049799996], [28.404116012000088, -20.118744735999883], [28.39667326200015, -20.13458913799991], [28.41537510900008, -20.132490813999937], [28.42813947600007, -20.153620942999964], [28.387414620000015, -20.153894543999968], [28.39775564399997, -20.170218006999903], [28.44254678900012, -20.177742346999935], [28.436913151000113, -20.167127178999976], [28.43781478799997, -20.162525289999962], [28.432514479000133, -20.161393819999944], [28.43149702200003, -20.15773621799991], [28.491440223000097, -20.17073930499987], [28.480981730999986, -20.19079524999995], [28.49994182100005, -20.18929207799988], [28.513109996000082, -20.200937734999968], [28.49656915300011, -20.235452042999952], [28.48105350700007, -20.236655242999916], [28.458771171000137, -20.265376405999916], [28.42969602800008, -20.293147503999876], [28.413104503000113, -20.295331681999983], [28.389597167000034, -20.28968128199989], [28.380379435000123, -20.29446964799996], [28.36609386400005, -20.31492718599992], [28.343429559000185, -20.3619397089999], [28.331586889000164, -20.354618174999928], [28.314414358000136, -20.272569058999977], [28.306613643000105, -20.28236405699994], [28.29067468900007, -20.253992769999854], [28.276211536000062, -20.247739141999944], [28.27102719500016, -20.237112673999945], [28.25104528100013, -20.226367852999886], [28.249726003000035, -20.21461276499997], [28.23710468300004, -20.204501718999893], [28.235270585000023, -20.194030950999945], [28.222403701000133, -20.187642567999944], [28.19920543900008, -20.145715709999934], [28.190068693000114, -20.139911284999982], [28.191070645000025, -20.12254198399995], [28.166186343999982, -20.113290314999972], [28.161329484000134, -20.11487743899994], [28.154553672000134, -20.11035910699991], [28.14886583500015, -20.111537200999976], [28.14101504600012, -20.10059238899987], [28.137154910999982, -20.08609385199992], [28.09194140300019, -20.097351595999953], [28.033440982000172, -20.10262380299997], [27.992643847000124, -20.12250622499988], [27.94419305000008, -20.05888225299998], [27.8971677400001, -20.184150616999943], [27.89027327700012, -20.18820318799993], [27.880124561000116, -20.183611854999924], [27.86832990000005, -20.18659708999985], [27.86107009500006, -20.176997378999943], [27.857082213000126, -20.18026462699993], [27.8486174520001, -20.17859151099998], [27.83722676700006, -20.171073959999944], [27.830364967000037, -20.175244278999912], [27.818684299000097, -20.174889263999944], [27.812510471000166, -20.17141401099991], [27.80507165900019, -20.151377519999983], [27.780136361000075, -20.144331017999946], [27.766641729000128, -20.130408989999978], [27.758819956000025, -20.134504303999904], [27.7522041200001, -20.113422732999823], [27.74601629100016, -20.109727462999956], [27.740744429000017, -20.09878664899992], [27.731736683000122, -20.097040526999876], [27.726163829000143, -20.08665075499988], [27.709434291000093, -20.074637871999983], [27.69948657000009, -20.071205624999948], [27.68909485400019, -20.06168792199992], [27.68281102000003, -20.05063710099995], [27.661691611000094, -20.042322498999965], [27.65212787100012, -20.03203773799987], [27.644279074000053, -20.014980465999884], [27.60987603200016, -19.998063231999936], [27.590283567000085, -19.979508859999953], [27.575856947000148, -19.95413196899989], [27.5730270090001, -19.938411790999965], [27.566065193000156, -19.92677892399996], [27.564354206000075, -19.896363638999958], [27.55853836400007, -19.889903158999914], [27.548559645000182, -19.888135036999813], [27.54085385600007, -19.8818705729999], [27.538540908000186, -19.870192696999936], [27.517083498999966, -19.854745556999944], [27.503161896000165, -19.856010666999964], [27.461076077000087, -19.845480917999964], [27.44797845000005, -19.845984969999904], [27.423168125000075, -19.82228621099989], [27.40916851500009, -19.816067756999814], [27.385885155999972, -19.79931951999987], [27.37010560900012, -19.803992888999915], [27.362840813000105, -19.802575789999935], [27.356637982000166, -19.797172388999968], [27.33830750600015, -19.80051065999993], [27.30582241800016, -19.793016129999955], [27.297334662000026, -19.795596333999924], [27.28945389600011, -19.80487304199994], [27.271361418000026, -19.812193612999977], [27.265162607000093, -19.8229464289999], [27.22047686000019, -19.811659626999926], [27.194296609000162, -19.816745038999898], [27.1835989060001, -19.812342718999957], [27.181271964000132, -19.805680219999942], [27.176450098000146, -19.803671072999975], [27.159412582000186, -19.804489153999953], [27.1364009080001, -19.795750363999957], [27.10808103800008, -19.805441281999947], [27.075336970000137, -19.808279531999972], [27.06469827900014, -19.81427499599988], [27.049084714000116, -19.808485576999942], [26.99586623300013, -19.817499314999964], [26.982188617000133, -19.814367094999966], [26.975682794000193, -19.808098628999915], [26.95316143400015, -19.810202812999933], [26.947100611000053, -19.813867095999967], [26.923842266000065, -19.810831893999932], [26.884083403000147, -19.819375582999953], [26.861094055000137, -19.820033658999932], [26.840209662000063, -19.8316585579999], [26.805727651000097, -19.84157134499992], [26.78149135600006, -19.85546041899994], [26.75676406000008, -19.85809664599998], [26.74927527700015, -19.861790932999952], [26.73342075400012, -19.883303570999885], [26.70302162400003, -19.890064114999973], [26.696773809000092, -19.88639800999988], [26.663738746000092, -19.887127103999887], [26.622676898000122, -19.87863851299994], [26.616299075000086, -19.875998321999873], [26.594452651000097, -19.844171951999897], [26.57211121600011, -19.79316713399993], [26.556882633000157, -19.782100317999948], [26.536654195000153, -19.77469578299997], [26.52586448800008, -19.76547410099994], [26.51144189600012, -19.765173094999966], [26.50071318900018, -19.757289512999876], [26.49231542399997, -19.755231367999954], [26.452750535999996, -19.74993801599993], [26.431844115000104, -19.74064133899998], [26.415306560000033, -19.723399056999938], [26.405738786000086, -19.690567587999908], [26.396508035000124, -19.681437908999953], [26.390635182000096, -19.66704982899995], [26.35069831800007, -19.67238928099988], [26.33887164200013, -19.66452069999997], [26.329052917000126, -19.663090603999933], [26.329397888000187, -19.648381490999952], [26.340480548000016, -19.62890200399994], [26.357183051999982, -19.61101763099998], [26.335882639000033, -19.599730801999897], [26.311993278000045, -19.573574849999886], [26.24481718800007, -19.58223158699991], [26.215331990000095, -19.560035941999956], [26.196720511000024, -19.556138668999893], [26.17149820600008, -19.543639752999923], [26.16622834400016, -19.535923174999937], [26.158730512999966, -19.504590807999932], [26.154349630000127, -19.499549430999878], [26.141683914000055, -19.44632240599998], [26.142299883000135, -19.43619963599997], [26.127251292000153, -19.425361830999975], [26.11017468700004, -19.362063039999896], [26.098707989000047, -19.345826817999978], [26.091182168000046, -19.32157098099998], [26.07701453200002, -19.29605605599994], [26.07165864600006, -19.269008000999918], [26.044428368000183, -19.23598951699995], [26.042202392000036, -19.207516347999956], [25.99525963400015, -19.14908594499991], [25.97557816200009, -19.129593478999936], [25.965963401000067, -19.106575731999953], [25.96290845100009, -19.08030972699993], [25.96794328200002, -19.060618213999817], [25.99668843200004, -19.030185848999906], [25.986835636000023, -18.976709764999896], [25.971165041000063, -18.949742715999946], [25.968163109000045, -18.937685794999936], [25.944168735000176, -18.901936081999963], [25.92490327000013, -18.896790709999948], [25.874335640000027, -18.859207885999922], [25.863678932000028, -18.853432455999894], [25.85507317300005, -18.852627403999918], [25.84663939899997, -18.844422783999903], [25.82611296200008, -18.83487807599994], [25.819529105000072, -18.80378969399993], [25.807165431999977, -18.78870854999991], [25.79671167300006, -18.75049262199991], [25.791149784000027, -18.717843113999947], [25.793545701000085, -18.70607820499987], [25.791758737000066, -18.695871420999936], [25.804091375000098, -18.683798474999946], [25.79087571499997, -18.660948729999916], [25.78779476400007, -18.633924649999926], [25.782954885000095, -18.62297781099994], [25.75957051400019, -18.603062302999888], [25.733628228000043, -18.592700534999892], [25.71974661500019, -18.59061539099997], [25.69148237900015, -18.569266776999882], [25.67388384000003, -18.54536595199994], [25.66576804000016, -18.525648438999895], [25.653868356000032, -18.512232415999904], [25.649024467999993, -18.495243107999954], [25.619432284000084, -18.485280373999956], [25.60457068700009, -18.475194611999882], [25.574954458000036, -18.432266325999876], [25.5213988860001, -18.379168278999828], [25.517868958000065, -18.35947675699998], [25.500550382000142, -18.315049331999944], [25.49239060399998, -18.310247968999875], [25.474653052000008, -18.27530327799991], [25.461624393000022, -18.257961947999945], [25.46308334100013, -18.25001532799996], [25.456510491000188, -18.22488438399995], [25.447874721999995, -18.217108789999884], [25.444517795000024, -18.20206462399989], [25.42579728100003, -18.174196479999978], [25.41915244100005, -18.155720050999946], [25.394892071000186, -18.120284321999975], [25.38852924500003, -18.11712908399994], [25.374548636000156, -18.117118100999903], [25.368698795000114, -18.11347482399998], [25.362650933999987, -18.091916151999953], [25.320089103000157, -18.07647700299998], [25.316599181000015, -18.062122887999976], [25.29863265500012, -18.041951337999876], [25.288420914000085, -18.02269184799991], [25.282084067000085, -18.005464511999946], [25.282384033000028, -17.986947065999914], [25.26862436900001, -17.95155131899992], [25.252469801000075, -17.937338228999977], [25.237597176999998, -17.908559998999976], [25.24260302100015, -17.897064093999973], [25.23920108300001, -17.873214232999942], [25.24880377800008, -17.846089098999926], [25.264768290999996, -17.81606372899995], [25.26302630400005, -17.790121699999872], [25.310375028000124, -17.82360926299998], [25.348358986000164, -17.837597310999968], [25.368969402000175, -17.83141280199993], [25.380983080000135, -17.84150157599987], [25.396321662000048, -17.848935138999877], [25.42024698900019, -17.845665853999947], [25.432270659999972, -17.85085024499989], [25.457034954000164, -17.83989535799998], [25.481074292000187, -17.846949879999954], [25.49994178000003, -17.858136731999878], [25.514814370000124, -17.862467052999875], [25.529875942000047, -17.856797590999918], [25.55263427800014, -17.835570902999905], [25.580301505000023, -17.836167916999898], [25.590604224000117, -17.84081126799998], [25.607695741000043, -17.83693894399994], [25.61951941300009, -17.83864806399987], [25.64277675600016, -17.83303759699993], [25.664079138000034, -17.815454194999973], [25.685667525000042, -17.80848862499988], [25.69886416200012, -17.81287995299988], [25.69894417600017, -17.82547093799991], [25.70426804000016, -17.83496867499997], [25.732940245000066, -17.83948099399987], [25.748877810000067, -17.847553605999963], [25.759581505000085, -17.84286722699983], [25.76709429699997, -17.844561350999925], [25.77606005900003, -17.854091085999983], [25.790208671000073, -17.860358558999962], [25.793107611000096, -17.876646828999924], [25.80466429900008, -17.885162480999952], [25.84122928800008, -17.89385111699994], [25.85122902400002, -17.905851042999927], [25.84922809400007, -17.916850904999933], [25.85321299600008, -17.926850680999962], [25.852722021000034, -17.936115405999942], [25.84707918900017, -17.943907020999916], [25.850044113000138, -17.94918742899995], [25.863561739000033, -17.952149644999963], [25.86087982900017, -17.96385156199989], [25.86536571700009, -17.974141358999873], [25.877120390000186, -17.97567646499988], [25.883489222000094, -17.983865096999978], [25.890559023000037, -17.982672995999962], [25.91078846500011, -17.98883245199994], [25.916634315000124, -17.99915825099987], [25.940229649000003, -17.995086905999926], [25.954228264000164, -18.000430306999874], [25.959062126000106, -17.997695087999944], [25.969471839000107, -18.001454368999873], [25.97647963900016, -17.997950086999936], [25.994810100000052, -17.977765490999957], [26.01242960100018, -17.97323711699994], [26.033504018000087, -17.978365492999956], [26.04406471200008, -17.970321853999963], [26.052059499000165, -17.978488481999932], [26.06899402600004, -17.97922051899991], [26.075009854000086, -17.976666312999953], [26.08789950100015, -17.982253733999983], [26.093312344000083, -17.977643367999974], [26.097426213000006, -17.965297399999884], [26.09656222800004, -17.95838686199994], [26.10746690899998, -17.947114969999973], [26.091048364000187, -17.943670718999897], [26.08803343800014, -17.93511505499987], [26.0900073790001, -17.932070814999975], [26.10254601700018, -17.92317610599997], [26.10796186800019, -17.925474278999957], [26.12635234300012, -17.916816581999853], [26.13614307299997, -17.920268840999938], [26.142409890000067, -17.91409035099997], [26.152751604000116, -17.916797550999945], [26.161322354000106, -17.908747911999967], [26.17517396300019, -17.905920675999823], [26.21851072000004, -17.880657652999957], [26.227099490000114, -17.88892128899988], [26.226330521000023, -17.89690591399983], [26.247776945000112, -17.91624239999993], [26.286172871000133, -17.91666739099992], [26.293320674000142, -17.919660616999977], [26.309563238000067, -17.93483078299988], [26.349498111000173, -17.927302150999935], [26.37975427400005, -17.93517973199988], [26.40652652400007, -17.934590656999944], [26.415458277000084, -17.93747487199994], [26.42653998100019, -17.949058763999915], [26.43819865900008, -17.95268303399996], [26.44774739000013, -17.951864959999966], [26.45823311000015, -17.962933811999903], [26.465101916000037, -17.96132567899997], [26.470672763000096, -17.964371910999944], [26.485950355000114, -17.980475149999904], [26.512871610000104, -17.988213723999934], [26.54128280900011, -17.983754345999955], [26.56044927400012, -17.985020423999913], [26.56962102500006, -17.992463993999934], [26.574850906000165, -18.01555178899997], [26.590849468000158, -18.023616399999923], [26.60120018900011, -18.033705174999966], [26.597199315000182, -18.045072064999886], [26.59896326900008, -18.04828231299996], [26.610318957000175, -18.05291266099988], [26.652851766000083, -18.053970697999944], [26.67556214500007, -18.067656739999904], [26.69498260800009, -18.073866201999977], [26.697333538000123, -18.07043293199996], [26.69444961300013, -18.065308535999975], [26.699447465000162, -18.05844399699987], [26.71938789100011, -18.04505893299995], [26.741959230000134, -18.02143306799985], [26.751634954999986, -18.0174267459999], [26.769216461000042, -18.016493653999873], [26.7993326240001, -18.022779112999956], [26.802685527000108, -18.02029791599989], [26.804277470000102, -18.009310057999983], [26.824635902000068, -18.01173122499995], [26.829942751000146, -18.00964805699988], [26.824864879000074, -17.997783137999875], [26.831090697000093, -17.990479561999962], [26.861469847000137, -17.992154660999915], [26.86840465000006, -17.989764466999873], [26.876345418000028, -17.981294798999954], [26.888450085000102, -17.98679621499997], [26.89692284700004, -17.98690521499998], [26.91300738700005, -17.978229521999936], [26.95304125399997, -17.968930754999974], [26.967311847000076, -17.962662251999973], [26.984070383000073, -17.96770562799992], [26.998359972000117, -17.95870391099993], [27.019893361000072, -17.952205382999978], [27.04075978500009, -17.960170982999898], [27.082302555000126, -17.900628294999876], [27.15341949000009, -17.83489808999991], [27.144130718000156, -17.804915754999968], [27.31962257300006, -17.58785758199997], [27.546347052000158, -17.415774849999934], [27.620723889000033, -17.331932181999946], [27.629853557000104, -17.25325897199997], [27.642773331000114, -17.225415975999965], [27.74929108000009, -17.082086949999905], [27.826829730000043, -16.963820919999876], [27.91924954000018, -16.92387676999988], [28.01395947600014, -16.87657984499998], [28.029841997000176, -16.89617846999988], [28.02877971500004, -16.92592235199993], [28.033006008000086, -16.948921563999875], [28.020364390000168, -16.980475073999912]]]}}, {"type": "Feature", "properties": {"PROVINCE": "Matabeleland South", "NAME": "Matabeleland South", "PCODE": "ZW16", "AREA_SQKM": 54124.6, "CAPITAL": "Gwanda", "PRIMARY_MINERALS": "Gold (Colleen Bawn), Nickel, Limestone, Copper, Coal (Beitbridge)", "JURISDICTION": "Matabeleland South Provincial Mining Directorate"}, "geometry": {"type": "Polygon", "coordinates": [[[29.239908229000036, -19.484115188999965], [29.246009068000035, -19.498104243999933], [29.25376985100013, -19.502609578999966], [29.257949740000186, -19.511966283999982], [29.26514753800012, -19.514903500999935], [29.2798301360001, -19.532261803999972], [29.282307093000156, -19.565065282999967], [29.301490555000044, -19.574291965999976], [29.29553973200018, -19.583460663999915], [29.307581400000174, -19.595268546999932], [29.30696142200003, -19.601118989999918], [29.316675153000176, -19.609194592999927], [29.31646116600018, -19.61731320599995], [29.348227275000113, -19.631657265999877], [29.356761040000038, -19.641350991999957], [29.35438810900007, -19.64318413199993], [29.358785990000058, -19.64959361199982], [29.356711053000026, -19.65487501299998], [29.361843912000097, -19.660613441999885], [29.35968998000004, -19.66903107899992], [29.363065892000122, -19.67908183399993], [29.370271686000024, -19.67769672499992], [29.376882507000175, -19.68820851299995], [29.401465817000087, -19.699016309999877], [29.400700842000106, -19.703222626999946], [29.406357690000107, -19.71443846899996], [29.40353277500003, -19.719336839999983], [29.412974518000112, -19.733290884999917], [29.41364750700012, -19.74353965699987], [29.409487629000182, -19.74784698399992], [29.41211255799999, -19.751970292999943], [29.416752424000038, -19.750393170999928], [29.423581235000086, -19.75667263899993], [29.416022456000064, -19.763625167999976], [29.41840439000015, -19.765904337999928], [29.412758585000063, -19.806843423999965], [29.403685852000024, -19.818343295999966], [29.40323788500018, -19.842677125999955], [29.413849620000008, -19.88708445599991], [29.47243192000019, -19.84775145699996], [29.50240407700005, -19.86136545799991], [29.517621646000123, -19.863453603999915], [29.562247393000064, -19.886067270999945], [29.582244849000176, -19.91816466699987], [29.598462400000074, -19.934209859999896], [29.618498828000043, -19.932197693999967], [29.654059799000095, -19.912213168999926], [29.680213048000155, -19.905143619999876], [29.69523267300002, -19.972157637999942], [29.710966225000107, -19.972863679999875], [29.752793019000023, -19.955068315999938], [29.797665732000098, -19.944947525999964], [29.798161717000028, -19.952601937999873], [29.80141262500007, -19.95408804699997], [29.800425691000157, -20.003238733999865], [29.80944343200008, -20.000087490999874], [29.87559855000012, -20.00569886699992], [29.873444660000075, -20.06143220299998], [29.84081362500018, -20.105977556999846], [29.815963375000024, -20.159152547999952], [29.792143099000157, -20.215530772999898], [29.79219011600003, -20.239172536999945], [29.77817555200005, -20.284640934999857], [29.730887988000063, -20.39152592199997], [29.73119703000009, -20.455580679999855], [29.713404546000163, -20.47359487599988], [29.701124932000027, -20.516161042999954], [29.605308130000026, -20.57531648799994], [29.620303316000104, -20.595186107999893], [29.58449834800018, -20.604275806999965], [29.596804035000105, -20.650612224999975], [29.607881732000124, -20.668182514999955], [29.661663181000165, -20.65472848099995], [29.675368802000094, -20.670484635999912], [29.66680008200001, -20.712660756999924], [29.650635581000074, -20.75569194399992], [29.6242994750001, -20.891184300999953], [29.58571125399999, -20.925993725999888], [29.541428737000047, -20.953384708999977], [29.48938875200008, -20.995268620999866], [29.45778332400016, -21.015580057999898], [29.534468143000026, -21.03680655599993], [29.592461482000033, -21.040537784999913], [29.68960367800014, -21.021338304999915], [29.73070050000001, -21.022919390999903], [29.731033499000148, -21.033302151999976], [29.75212093900018, -21.08728009099997], [29.75674980900004, -21.090862349999895], [29.765964543000052, -21.08889919899991], [29.765521563000163, -21.098024867999868], [29.770680423000158, -21.107396549999976], [29.801323566000065, -21.13564659499997], [29.841058437000186, -21.151373715999966], [29.843440375000057, -21.158526236999933], [29.83142972500019, -21.164866708999966], [29.831134741000085, -21.17409938399993], [29.83846753400013, -21.178957733999937], [29.842212433999975, -21.18840542199996], [29.84568133500005, -21.18899646199992], [29.846864311000047, -21.200684314999933], [29.851046194000105, -21.204422584999975], [29.87909339200013, -21.21004397599995], [29.89466995800018, -21.226589171999876], [29.886188206000043, -21.231655547999935], [29.88742818200018, -21.245958590999976], [29.892383043000052, -21.250974952999968], [29.886469224000052, -21.26336786099995], [29.89142408600003, -21.26978132599993], [29.901248802000055, -21.268062192999878], [29.918847303000177, -21.276779815999816], [29.91902231199998, -21.29338002599991], [29.92140324800016, -21.29851539899994], [29.93642082399998, -21.308276098999897], [29.94812452000008, -21.348865045999958], [29.953815360000192, -21.353634389999968], [29.999079071000153, -21.37126063999989], [30.01881951700011, -21.387831831999904], [30.02471936200004, -21.407364247999908], [30.04021192900018, -21.42302637499995], [30.041535903000124, -21.43939856299994], [30.068879132000063, -21.459392995999963], [30.072741036000025, -21.47894041199993], [30.09354543500018, -21.476220200999933], [30.108663005000096, -21.483413711999958], [30.107029055000112, -21.487519010999904], [30.097030347000043, -21.49279239999987], [30.096138379000138, -21.500740977999953], [30.12687749100013, -21.496519649999982], [30.14617794200018, -21.5058073109999], [30.16577737300014, -21.50049091199992], [30.170146250000016, -21.504091169999924], [30.166110376000063, -21.516192049999916], [30.172515203000046, -21.53185818199995], [30.193030610000108, -21.528662935999876], [30.208550170000024, -21.538684651999972], [30.218284901000175, -21.553862744999833], [30.23075453400014, -21.544009022999944], [30.236141381000095, -21.545756145999917], [30.241802222000103, -21.55195859199995], [30.242854201, -21.563554430999943], [30.23967530100009, -21.575827320999963], [30.229787594000072, -21.585763046999944], [30.233402496000053, -21.59437766799988], [30.263905615000112, -21.59158744599995], [30.275704279000024, -21.596927824999966], [30.294980722000105, -21.595319695999933], [30.306049407000103, -21.601397127999974], [30.32815276900004, -21.60020102699997], [30.338270486000056, -21.611077807999948], [30.355920965000053, -21.59558467499994], [30.361091816000055, -21.594860619999963], [30.372220499000036, -21.60103105899998], [30.381185248000065, -21.61083776299995], [30.395231842000044, -21.60881760799998], [30.407532498000137, -21.62455573799997], [30.426927943000067, -21.630511155999955], [30.443351470000096, -21.63120519599994], [30.446364387000074, -21.63572852099992], [30.44609040300014, -21.647026337999876], [30.45021528800015, -21.65256773599998], [30.470394705000103, -21.651565649999952], [30.48252136300016, -21.663216484999907], [30.489893146000043, -21.65679601599993], [30.50351475400015, -21.65813910499992], [30.50814962400011, -21.663367479999977], [30.50764664600007, -21.673832235999953], [30.499234894000097, -21.681776814999978], [30.501912824000158, -21.691424508999887], [30.49822194000012, -21.704967488999955], [30.50376278400006, -21.71025786799987], [30.51847035999998, -21.71147994699993], [30.5243291970001, -21.71981754399991], [30.53410791500005, -21.71992854599995], [30.535276887000123, -21.728313149999963], [30.543108667000126, -21.73599669999993], [30.54083873800016, -21.745000349999884], [30.544264642000144, -21.747916557999872], [30.553957360000084, -21.7453323659999], [30.56219311100017, -21.72982824299993], [30.57121285600016, -21.73744478699996], [30.582105540999976, -21.735954672999924], [30.59018232000011, -21.754043971999977], [30.59646513700011, -21.751899813999955], [30.5995420430001, -21.743053173999897], [30.607149825000022, -21.74582236899988], [30.61952448000011, -21.76324961799986], [30.63157312900006, -21.759392332999937], [30.64448074900008, -21.748109511999928], [30.648499633000085, -21.74848753699996], [30.64983459600012, -21.751393744999973], [30.637557959000162, -21.76399466099997], [30.635351028000116, -21.77134819199989], [30.653205520000142, -21.781377903999953], [30.665223173000186, -21.78162191399997], [30.66902407300006, -21.797187032999943], [30.665074197000138, -21.811245046999886], [30.67418693800016, -21.81744448799998], [30.66978007, -21.823735942999974], [30.67022206100006, -21.829454353999893], [30.68520562900011, -21.831560496999828], [30.702882129000045, -21.84725061499995], [30.71081690200009, -21.850274827999897], [30.715075783000145, -21.855964234999817], [30.710145929000078, -21.861827658999914], [30.712760861000106, -21.87211839699995], [30.716654750000146, -21.875269620999916], [30.73047135100012, -21.875065598999925], [30.727629443000183, -21.89030469499994], [30.738103141000124, -21.89125675699995], [30.750274798000078, -21.90352963199996], [30.761371479000104, -21.907023875999982], [30.760246516000052, -21.913477339999872], [30.771257204000165, -21.922212960999957], [30.754169705000038, -21.932629718999976], [30.76155850200007, -21.9491849019999], [30.783314883000116, -21.96460899599998], [30.79806245700013, -21.964228959999957], [30.80684120600006, -21.969763351999916], [30.808716156000116, -21.974840714999914], [30.80106237700005, -21.975267749999887], [30.79660151000013, -21.980819149999945], [30.803689317000135, -21.99907345399987], [30.832958469000175, -21.99747532299989], [30.857413774000065, -22.016665683999918], [30.859518725000044, -22.03434994899993], [30.873400328000116, -22.04181447499991], [30.889501890000133, -22.084318506999978], [30.899738593000052, -22.08351244299996], [30.917083085, -22.073566722999885], [30.931300673000067, -22.073833733999948], [30.93528456600012, -22.086197615999936], [30.93118487800018, -22.105333688999906], [30.944063675000052, -22.112850188999914], [30.948059765000096, -22.12499830799993], [30.947855127000082, -22.136501058999954], [30.954682023000032, -22.155079740999895], [30.962634144000106, -22.159792575999973], [30.982956226000056, -22.161854431999927], [30.98943573500003, -22.169218239999907], [30.987668600000063, -22.174225632999878], [31.005339977000176, -22.17864390999989], [31.009757831000115, -22.19396063399995], [31.002394766000123, -22.207215497999925], [31.01329211400008, -22.20839370199991], [31.00592905200017, -22.22459408899988], [31.010935943000106, -22.227539610999884], [31.020360670000173, -22.218408479999937], [31.030374451000114, -22.221353998999973], [31.03597039000016, -22.2269504919999], [31.03184707400004, -22.235787066999876], [31.016237359000172, -22.233136103999925], [31.013092416000063, -22.250434290999976], [31.02761499600018, -22.25186638499997], [31.034297812000148, -22.266733439999882], [31.05330426100005, -22.266607420999946], [31.04958137200009, -22.27157677599996], [31.051229333000094, -22.285886793999964], [31.06112604599997, -22.28522474099998], [31.06831284300017, -22.294060365999883], [31.080200494999985, -22.28851296499988], [31.08408638300017, -22.28972204899992], [31.08609833200012, -22.301998920999836], [31.098563978000186, -22.31432279099988], [31.113327460000107, -22.337528765999878], [31.098442001000137, -22.345260988999883], [31.087038332000077, -22.345269995999956], [31.070475807000093, -22.33738444399995], [31.03662678500018, -22.33105201299992], [30.999785842000108, -22.313739801999873], [30.995089979000113, -22.315488928999912], [30.989824138000074, -22.3249556049999], [30.982339355000136, -22.325602654999955], [30.9733966120001, -22.321917397999982], [30.97048969100001, -22.313741818999972], [30.94582640600015, -22.31242773899993], [30.93969057800018, -22.303304093999884], [30.932898772000044, -22.30019987699984], [30.899070749000032, -22.294325477999962], [30.88346320700009, -22.302650078999875], [30.865584720000072, -22.295219560999954], [30.83329065300012, -22.28920415099998], [30.70696033200005, -22.314793044999874], [30.671328360000075, -22.308200597999928], [30.66134165000011, -22.309163672999944], [30.650155978999976, -22.316383192999922], [30.638988313000027, -22.33059820999995], [30.63054156000004, -22.33437548399985], [30.62076684200008, -22.331912314999954], [30.60124139900006, -22.31894540499991], [30.571686255000145, -22.318394383999873], [30.555529731000036, -22.32906115299994], [30.54913991700016, -22.33006822799996], [30.52950248100001, -22.32304874199997], [30.50365822800012, -22.320227557999942], [30.48543475200006, -22.314312148999875], [30.455297636000182, -22.32858818299991], [30.390872517000048, -22.347058537999942], [30.335904111000104, -22.348749693999878], [30.31771063600013, -22.3454424709999], [30.28929546700016, -22.35486715999997], [30.274576885000045, -22.345030470999916], [30.255296421000082, -22.315937415999883], [30.238969886000064, -22.30607972599995], [30.233235044000025, -22.29459891399995], [30.158240218999993, -22.298774261999938], [30.13209098499999, -22.30879999399997], [30.125005190000024, -22.30884900199993], [30.100471881000033, -22.284624295999947], [30.07492161000016, -22.27185140499995], [30.054859177000083, -22.25411015599991], [30.032446825000193, -22.25415617599998], [30.023165091000124, -22.250596928999926], [30.018955577000042, -22.229555334999873], [29.99773249700013, -22.229481913999905], [29.970699582000123, -22.22264544199993], [29.96511437600003, -22.21384314099987], [29.96104079700001, -22.21356801999991], [29.92683975100016, -22.188349785999947], [29.930125730000157, -22.186158402999922], [29.88614400600011, -22.190190722999944], [29.8567898390001, -22.171177387999933], [29.833830502000126, -22.170084326999927], [29.811744136000016, -22.16464195499998], [29.773401222000132, -22.138273100999925], [29.716378874000043, -22.141836399999818], [29.695736465000152, -22.135258945999965], [29.67479407200011, -22.13709609299991], [29.659936490000064, -22.123473130999912], [29.65261870100005, -22.12362314799998], [29.626120477000143, -22.134144919999983], [29.617649735000043, -22.149024989999873], [29.609087988000113, -22.15396434999991], [29.583432716000118, -22.139215315999934], [29.578214867000156, -22.13910831299995], [29.54539584000014, -22.165327211999966], [29.525400426000033, -22.174556886999937], [29.515813705000028, -22.176385024999945], [29.484969586000148, -22.165033238999968], [29.465324153000154, -22.163208124999926], [29.42508932300018, -22.17018965699998], [29.380218640000066, -22.19088317099994], [29.362834142000168, -22.190250139999876], [29.35231643700007, -22.181656534999945], [29.336142884000083, -22.159878993999882], [29.284636329000136, -22.115390858999888], [29.273793613000066, -22.085170706999975], [29.25700707599998, -22.063172146999932], [29.24824732500008, -22.05846981699989], [29.20448460200015, -22.072344847999943], [29.185026167000103, -22.074659029999907], [29.139262484000028, -22.070343760999947], [29.093536788000108, -22.053624603999936], [29.07165240400002, -22.037979502999974], [29.050190001000146, -22.01663299199987], [29.027321616999984, -21.9730638879999], [29.020468781000034, -21.94028754199985], [29.020901744000014, -21.916306818999942], [29.025679580000144, -21.889905916999908], [29.036795233000134, -21.863926038999978], [29.053105738000056, -21.839897295999947], [29.078295989000026, -21.816615596999952], [29.071651171000042, -21.806778894999923], [29.058484542000144, -21.79916035699989], [29.008614968000018, -21.78732054799991], [28.99929322300011, -21.77422961299993], [28.990142479999975, -21.767254117999983], [28.959234375000165, -21.77222150299997], [28.86013320900014, -21.752250151999874], [28.82824710600005, -21.73202072099997], [28.794547073000103, -21.728534500999956], [28.749987326000166, -21.69969145899995], [28.698087805000057, -21.686420547999944], [28.66941761900017, -21.675774805999936], [28.653144064000116, -21.654228262999823], [28.639162460000023, -21.648700876999897], [28.599364600000115, -21.643399530999943], [28.582191077000175, -21.62842746399997], [28.572353361000125, -21.6286434889999], [28.556324836000044, -21.642192484999953], [28.53958431700005, -21.64141244399991], [28.525958726000056, -21.65651554999988], [28.503444387000172, -21.66919048799997], [28.459391637000124, -21.653864421999913], [28.442196114000126, -21.63754925899991], [28.408318079000026, -21.62911668199996], [28.391805542999975, -21.619619009999894], [28.380587852000076, -21.60775416199988], [28.361757387000182, -21.602132773999926], [28.347540800000104, -21.605794052999897], [28.339101034000066, -21.598785553999903], [28.309442881999985, -21.59419225099998], [28.292631357000175, -21.58737077299992], [28.286127548000024, -21.590751024999918], [28.197532106999972, -21.60169490599992], [28.170787865000136, -21.592724283999928], [28.144329623000147, -21.591161197999952], [28.099197904000107, -21.577429248999977], [28.08094643300018, -21.581542565999882], [28.067847804000053, -21.577180262999832], [28.052001259999997, -21.577979337999977], [28.020102170000143, -21.57265898499992], [28.008233490000123, -21.55518873099993], [28.005415551999988, -21.539047563999873], [27.996794789000035, -21.53051095299992], [27.996447791000094, -21.524025482999946], [28.003453583000123, -21.51833406299994], [28.00373957000005, -21.513767730999973], [27.98429412900009, -21.51495783799993], [27.97827731100017, -21.522435386999916], [27.97142450000007, -21.516080932999955], [27.971216501000185, -21.511581605999936], [27.976738334000117, -21.504567090999956], [27.973129426000128, -21.494700378999823], [27.9840121040001, -21.486741789999883], [27.98435709000006, -21.48356255799996], [27.975708332000124, -21.478484197999933], [27.960432768000146, -21.47627405399993], [27.95721885300003, -21.47039462999993], [27.962673683000162, -21.459264815999916], [27.975572315000193, -21.460841916999925], [27.98016317800017, -21.456546599999967], [27.97236239600005, -21.45194427299998], [27.966030565000096, -21.440823471999977], [27.95094898300016, -21.428756609999937], [27.95675679500016, -21.41078929699995], [27.945605088000036, -21.387926644999936], [27.930867496000076, -21.376332815999888], [27.91919681200011, -21.36056567999998], [27.91720684500018, -21.34069723499988], [27.919947753000145, -21.329569420999917], [27.903480191000085, -21.30065732999998], [27.88494370800015, -21.288584468999886], [27.883525737000184, -21.278968767999913], [27.868128164000098, -21.26697290899989], [27.85612247500012, -21.23950891599992], [27.835914030000083, -21.220298533999937], [27.82536331, -21.201582176999977], [27.813677639000105, -21.196994853999854], [27.816509547000123, -21.188123201999872], [27.804891863000023, -21.173731161999967], [27.78868433000008, -21.1765753869999], [27.778908587000103, -21.15742999699995], [27.752508336000062, -21.15164060099994], [27.747122475000026, -21.13946671599996], [27.733061867000117, -21.131059114999914], [27.72398810800013, -21.11528796999994], [27.716998303000082, -21.111918729999957], [27.713385399000117, -21.105365253999878], [27.701556730000107, -21.099182813999903], [27.69948177700013, -21.088951065999936], [27.69387393200003, -21.0850677869999], [27.69648184500005, -21.074322996999967], [27.690031018000184, -21.065321343999983], [27.685881117999998, -21.04976320699984], [27.69893073800006, -21.044195783999953], [27.704532569000037, -21.0369792489999], [27.701459646000046, -21.028044595999972], [27.70283859800014, -21.02119509199997], [27.699153698000032, -21.016803772999936], [27.700610650000158, -21.011394374999895], [27.696309765000024, -21.00484189799988], [27.698151708000125, -21.001378641999963], [27.707436440000038, -20.99905846099989], [27.702992559000165, -20.99229896999998], [27.70197257300015, -20.980068071999938], [27.709006354999985, -20.966498066999975], [27.709830320000037, -20.956682344999933], [27.690076854999973, -20.932451583999978], [27.696511660000112, -20.923060885999973], [27.696753637000143, -20.909793909999962], [27.70056452100016, -20.904403508999906], [27.69962853300018, -20.891785580999965], [27.692790710999986, -20.877204514999903], [27.694201654000153, -20.863957536999976], [27.70651328400004, -20.848235365999926], [27.71096315600016, -20.847837331999926], [27.71686797400008, -20.83682151399995], [27.713094070000125, -20.826741773999913], [27.721195814000055, -20.805843224999876], [27.720836812000186, -20.79640552899997], [27.72550266900015, -20.788124912999876], [27.725778652000145, -20.780454345999942], [27.736032336000164, -20.76035185199993], [27.730669471000056, -20.74550576099989], [27.734636351000006, -20.739489311999932], [27.727213539000104, -20.719998879999935], [27.733082365000087, -20.71462547699997], [27.729662460000156, -20.71190527899995], [27.7347013050001, -20.702451574999884], [27.724825577000104, -20.69429198199998], [27.7263515300001, -20.691498773999967], [27.708894002000022, -20.669740182999874], [27.703982123000173, -20.653127958999903], [27.704392092000035, -20.63715877599998], [27.709055945000046, -20.625341895999952], [27.70518605000018, -20.62104558199991], [27.7046920410001, -20.601145107999855], [27.722147515000188, -20.578083380999942], [27.71858661000016, -20.571710911999844], [27.729336283000066, -20.55495665899997], [27.726991342000133, -20.548225161999937], [27.73126221199999, -20.540849609999952], [27.727402312000038, -20.532471992999945], [27.73038121700006, -20.523735340999963], [27.72507835700003, -20.514283644999978], [27.695495170000015, -20.488801783999918], [27.683694502000094, -20.485068518999924], [27.675637740000184, -20.492275062999965], [27.647381551000024, -20.497619488999874], [27.62231924100007, -20.477115992999927], [27.60427275600017, -20.477912070999878], [27.577515536000135, -20.492512183999963], [27.553123221000135, -20.483756558999914], [27.47187051400016, -20.465965324999956], [27.43401461000019, -20.480717461999916], [27.377472215000125, -20.47633419799996], [27.362822620000145, -20.46669549799998], [27.289654741000106, -20.497005830999967], [27.286145820000115, -20.47985555999992], [27.29910938100005, -20.42423540999988], [27.296538370000064, -20.356899399999975], [27.304966092000143, -20.32580507299997], [27.299935209000182, -20.304641500999935], [27.30107916600008, -20.29617186799993], [27.29057244000012, -20.276023375999955], [27.29206338199998, -20.263325425999938], [27.288306479000084, -20.256020884999884], [27.285658523000052, -20.230770001999872], [27.27967568100007, -20.220864268999946], [27.273383858000045, -20.21943216899996], [27.266889033000098, -20.21144557899993], [27.265411055000015, -20.195456384999943], [27.24901548000014, -20.162305923999952], [27.24563955100018, -20.14231343199998], [27.235698803000105, -20.117737602999966], [27.22254216300007, -20.106580781999924], [27.21339540000008, -20.088139410999872], [27.193190962000074, -20.07840170299994], [27.163202812000065, -20.077216646999943], [27.147269268000116, -20.080508911999914], [27.129712759000142, -20.07393443899997], [27.099073604000182, -20.054308000999924], [27.08710191900019, -20.034561533999977], [27.078820145000122, -20.027725029999942], [27.046236047000036, -20.00945169499994], [27.015682911, -20.00717955899995], [26.988150699000187, -20.013049030999866], [26.971132180999973, -20.011797955999896], [26.916028714000163, -19.98841626299992], [26.903177066000126, -19.978920564999953], [26.87876175000008, -19.972715126999958], [26.85193549400003, -19.95918214099993], [26.826990204000026, -19.96152834599991], [26.81881142500015, -19.953363741999908], [26.81160962900009, -19.953331746999936], [26.791421188000072, -19.94318200799995], [26.760025069000164, -19.936003504999974], [26.726701016000106, -19.937735673999953], [26.702031655999974, -19.893119345999935], [26.70302162400003, -19.890064114999973], [26.73342075400012, -19.883303570999885], [26.74927527700015, -19.861790932999952], [26.75676406000008, -19.85809664599998], [26.78149135600006, -19.85546041899994], [26.805727651000097, -19.84157134499992], [26.840209662000063, -19.8316585579999], [26.861094055000137, -19.820033658999932], [26.884083403000147, -19.819375582999953], [26.90439382000011, -19.81320309499995], [26.92474424000011, -19.810835892999933], [26.947100611000053, -19.813867095999967], [26.95316143400015, -19.810202812999933], [26.975682794000193, -19.808098628999915], [26.982188617000133, -19.814367094999966], [26.99586623300013, -19.817499314999964], [27.049084714000116, -19.808485576999942], [27.06469827900014, -19.81427499599988], [27.075336970000137, -19.808279531999972], [27.10808103800008, -19.805441281999947], [27.1364009080001, -19.795750363999957], [27.159412582000186, -19.804489153999953], [27.176450098000146, -19.803671072999975], [27.181271964000132, -19.805680219999942], [27.1835989060001, -19.812342718999957], [27.194296609000162, -19.816745038999898], [27.22047686000019, -19.811659626999926], [27.265162607000093, -19.8229464289999], [27.271361418000026, -19.812193612999977], [27.28945389600011, -19.80487304199994], [27.297334662000026, -19.795596333999924], [27.30582241800016, -19.793016129999955], [27.33830750600015, -19.80051065999993], [27.356637982000166, -19.797172388999968], [27.362840813000105, -19.802575789999935], [27.37010560900012, -19.803992888999915], [27.385703161000094, -19.799262515999942], [27.40916851500009, -19.816067756999814], [27.423168125000075, -19.82228621099989], [27.44797845000005, -19.845984969999904], [27.461076077000087, -19.845480917999964], [27.503161896000165, -19.856010666999964], [27.517083498999966, -19.854745556999944], [27.538540908000186, -19.870192696999936], [27.54085385600007, -19.8818705729999], [27.548559645000182, -19.888135036999813], [27.55853836400007, -19.889903158999914], [27.564354206000075, -19.896363638999958], [27.566065193000156, -19.92677892399996], [27.5730270090001, -19.938411790999965], [27.575856947000148, -19.95413196899989], [27.590283567000085, -19.979508859999953], [27.60987603200016, -19.998063231999936], [27.644279074000053, -20.014980465999884], [27.65212787100012, -20.03203773799987], [27.661691611000094, -20.042322498999965], [27.68281102000003, -20.05063710099995], [27.68909485400019, -20.06168792199992], [27.69948657000009, -20.071205624999948], [27.709434291000093, -20.074637871999983], [27.726163829000143, -20.08665075499988], [27.731736683000122, -20.097040526999876], [27.740744429000017, -20.09878664899992], [27.74601629100016, -20.109727462999956], [27.7522041200001, -20.113422732999823], [27.758819956000025, -20.134504303999904], [27.766641729000128, -20.130408989999978], [27.780136361000075, -20.144331017999946], [27.80507165900019, -20.151377519999983], [27.812510471000166, -20.17141401099991], [27.818684299000097, -20.174889263999944], [27.830364967000037, -20.175244278999912], [27.83722676700006, -20.171073959999944], [27.8486174520001, -20.17859151099998], [27.857082213000126, -20.18026462699993], [27.86107009500006, -20.176997378999943], [27.86832990000005, -20.18659708999985], [27.880124561000116, -20.183611854999924], [27.89027327700012, -20.18820318799993], [27.8971677400001, -20.184150616999943], [27.94419305000008, -20.05888225299998], [27.992643847000124, -20.12250622499988], [28.033440982000172, -20.10262380299997], [28.09194140300019, -20.097351595999953], [28.137154910999982, -20.08609385199992], [28.14101504600012, -20.10059238899987], [28.14886583500015, -20.111537200999976], [28.154553672000134, -20.11035910699991], [28.161329484000134, -20.11487743899994], [28.166186343999982, -20.113290314999972], [28.191070645000025, -20.12254198399995], [28.190068693000114, -20.139911284999982], [28.19920543900008, -20.145715709999934], [28.222403701000133, -20.187642567999944], [28.235270585000023, -20.194030950999945], [28.23710468300004, -20.204501718999893], [28.249726003000035, -20.21461276499997], [28.25104528100013, -20.226367852999886], [28.27102719500016, -20.237112673999945], [28.276211536000062, -20.247739141999944], [28.29067468900007, -20.253992769999854], [28.306613643000105, -20.28236405699994], [28.314414358000136, -20.272569058999977], [28.331586889000164, -20.354618174999928], [28.343429559000185, -20.3619397089999], [28.36609386400005, -20.31492718599992], [28.380379435000123, -20.29446964799996], [28.389597167000034, -20.28968128199989], [28.413104503000113, -20.295331681999983], [28.42969602800008, -20.293147503999876], [28.458771171000137, -20.265376405999916], [28.48105350700007, -20.236655242999916], [28.49656915300011, -20.235452042999952], [28.53878151100008, -20.25867166699993], [28.552622543000098, -20.221999899999958], [28.57730169500013, -20.227625336999836], [28.605319598000108, -20.22744280799992], [28.669050219000155, -20.29826482599998], [28.722425664000184, -20.26528432099991], [28.713876895999988, -20.25273539299991], [28.742420051000124, -20.22077298299996], [28.752798633000168, -20.21487542899996], [28.78121787000009, -20.142877130999977], [28.767830249000042, -20.14036895499993], [28.770783162000043, -20.137001700999974], [28.774489058000086, -20.138813832999972], [28.77671699000001, -20.134652519999918], [28.773320086000183, -20.13336842699988], [28.778674926000008, -20.125491833999945], [28.791705551000007, -20.121936556999913], [28.793309534000116, -20.13094621299996], [28.860191556000075, -20.07599806199994], [28.81600678500007, -20.04466275199991], [28.89562051300004, -20.039868325999976], [28.961836566000102, -19.972818245999974], [28.984584903000155, -19.955856954999888], [28.991437696000048, -19.942692960999977], [28.955004622000047, -19.82167989699991], [29.046580794000192, -19.853188119999913], [29.072019921000162, -19.82998701699995], [29.09785298100013, -19.8140272039999], [29.085816375000036, -19.807209150999938], [29.103500270000097, -19.775383658999942], [29.102941362000024, -19.70934676399986], [29.041662857000176, -19.657279999999957], [29.06917048600019, -19.65435563199992], [29.115732080000157, -19.601272834999975], [29.195084928000085, -19.564659011999936], [29.127096413000118, -19.534737292999978], [29.094367746000103, -19.534249828999975], [29.083472322000148, -19.519297320999954], [29.082126801000072, -19.509743755999978], [29.090340464000178, -19.506459316999894], [29.092111400000135, -19.50150933799995], [29.107254231000127, -19.49031476099998], [29.17186108100009, -19.49766982799997], [29.215483989999996, -19.529599888999883], [29.233794593000084, -19.482402615999945], [29.231907774000035, -19.48053252299991], [29.239908229000036, -19.484115188999965]]]}}, {"type": "Feature", "properties": {"PROVINCE": "Midlands", "NAME": "Midlands", "PCODE": "ZW17", "AREA_SQKM": 49362.7, "CAPITAL": "Gweru", "PRIMARY_MINERALS": "Chromite, Gold, Platinum (Great Dyke), Iron Ore, Coal", "JURISDICTION": "Midlands Provincial Mining Directorate"}, "geometry": {"type": "Polygon", "coordinates": [[[28.92471620700013, -17.117070181999964], [28.93221000800014, -17.13204235899991], [28.93149703400013, -17.138882899999885], [28.937771874000077, -17.1599925619999], [28.94795059300003, -17.16552699099998], [28.956087377000188, -17.180718183999943], [28.961811234000095, -17.203529979999928], [28.977500808000116, -17.22112435699995], [28.986550557000044, -17.224897647999967], [29.01767168500004, -17.224556598999982], [29.027366422000057, -17.236245513999904], [29.044339948000072, -17.23850767999994], [29.05780357800012, -17.24828144099996], [29.066680330000054, -17.249008491999973], [29.073212164000154, -17.271362248999935], [29.105695252000146, -17.27018313399998], [29.11658595700004, -17.284354242999825], [29.12775564500015, -17.28534831299993], [29.16242868300003, -17.299524405999932], [29.208357400000125, -17.306278905999932], [29.227317862000007, -17.296814147999953], [29.233972676000178, -17.29745519399995], [29.24182346000009, -17.302965622999977], [29.25146620000004, -17.31716873499994], [29.27069167000019, -17.33087780099993], [29.27850446700012, -17.35238348799993], [29.27604554900006, -17.37071193099996], [29.280169441000055, -17.381256757999893], [29.294972033000192, -17.390496474999964], [29.31949936000018, -17.41268820299996], [29.328393113000004, -17.415859445999956], [29.33246801100006, -17.432207727999923], [29.337639870000146, -17.438524220999966], [29.353352435000147, -17.44667285099996], [29.361193225000193, -17.46053993499993], [29.38424858600007, -17.471860807999917], [29.39125639000008, -17.47245584999996], [29.4064759580001, -17.46658537899998], [29.40455002200008, -17.48014544499989], [29.39293636200017, -17.500245030999906], [29.37774479799998, -17.513448076999964], [29.36742209200014, -17.51809544899993], [29.369879029000117, -17.52705414999997], [29.36725510700012, -17.532237557999963], [29.344851750000146, -17.551982121999913], [29.333419083000024, -17.567554349999966], [29.31425262800002, -17.57665907699993], [29.320840459000067, -17.599346850999893], [29.329919204000078, -17.59930884199997], [29.34425081400019, -17.616457175999926], [29.340416929000128, -17.62576190699997], [29.342463881000185, -17.639390972999877], [29.34020394800018, -17.64463138499997], [29.347416751000026, -17.651659929999937], [29.344714832000193, -17.65850246799988], [29.335157107000157, -17.66712414899996], [29.338560020000045, -17.679519116999927], [29.346165811000105, -17.686105626999904], [29.34589482100006, -17.689548896999952], [29.333927169000162, -17.704048038999872], [29.30539590300009, -17.716362994999827], [29.30672895300006, -17.731645215999947], [29.29880018400013, -17.741652003999945], [29.300562139000135, -17.748217515999897], [29.30722495600014, -17.754036965999944], [29.323305503000086, -17.752625844999955], [29.328691357000025, -17.76037444699989], [29.31897564000019, -17.77387350799995], [29.301005148000115, -17.777043767999942], [29.29049545099997, -17.78669152899994], [29.291628426000045, -17.79583224299995], [29.283432690000097, -17.84110278299994], [29.266706170000134, -17.853337748999934], [29.26384926700007, -17.87526446199996], [29.247802736000153, -17.89918833899992], [29.23817502900016, -17.92818660599994], [29.22007444000002, -17.94918577599998], [29.22895931300002, -17.959545054999978], [29.213055769000107, -17.970724936999886], [29.217381663000083, -17.99161456099995], [29.20790293500005, -17.997575030999883], [29.204610041000137, -18.01492238399993], [29.213040815000113, -18.029832537999937], [29.213465811000106, -18.04031435299987], [29.227511452000044, -18.087600019999968], [29.244402985000136, -18.09925991399996], [29.244892979000156, -18.109009670999967], [29.252281778000167, -18.117980362999845], [29.25059783300003, -18.127500102999875], [29.27283824300008, -18.175744832999897], [29.303807385000084, -18.1948962969999], [29.31828198900007, -18.20982844499997], [29.347562169000128, -18.21713799199989], [29.347782169000084, -18.224996600999873], [29.3607948290001, -18.26041333699993], [29.376698380000107, -18.260437327999966], [29.392751924000038, -18.255454930999974], [29.41280336800014, -18.268736945999933], [29.428437939000105, -18.28406812299994], [29.441792563000035, -18.285197200999903], [29.460707039000056, -18.297708156999818], [29.485620342000175, -18.30509571199991], [29.49897297600012, -18.319647828999962], [29.533152024000117, -18.337018149999892], [29.547839624000176, -18.356394639999962], [29.55845032600007, -18.357784739999886], [29.56752706700013, -18.354126450999956], [29.575235852000162, -18.35864279499998], [29.57602384600017, -18.37962141699984], [29.56431719600016, -18.406794524999896], [29.567437123000104, -18.42688007499993], [29.560426325000037, -18.432390504999944], [29.558950374000062, -18.443519364999872], [29.55003162800017, -18.44569753999997], [29.545501762000185, -18.45423920199994], [29.55153060900011, -18.476871944999914], [29.54730973200003, -18.482706397999948], [29.553691556000103, -18.488547844999914], [29.55140462900016, -18.500091736999934], [29.554111563000163, -18.51414381899997], [29.552104625000027, -18.521387378999975], [29.545036830000072, -18.52870794799992], [29.5449468380001, -18.535731489999932], [29.554366605000098, -18.57981888099988], [29.5681622190001, -18.5847782539999], [29.581364840000106, -18.57766769699998], [29.59694140199997, -18.579843853999932], [29.618152817000066, -18.599342341999943], [29.625667605000103, -18.60049642599995], [29.635772329000076, -18.61291437499989], [29.64829397700015, -18.616683656999896], [29.66545348300008, -18.60402867099998], [29.690621779000082, -18.613902414999927], [29.69613762000006, -18.610223127999973], [29.707675298000083, -18.61559953399984], [29.720098943000096, -18.61086916199997], [29.730543648000037, -18.611123174999932], [29.73548751400017, -18.61915978999997], [29.73603851600012, -18.642884615999947], [29.750709103000077, -18.645514808999962], [29.76269875500003, -18.633879905999947], [29.777079346000164, -18.630335622999894], [29.775920385000063, -18.63872226999996], [29.781438234000007, -18.64524276799989], [29.781083247000026, -18.649235074999922], [29.79359489100017, -18.646745875999954], [29.80013170900014, -18.651073203999943], [29.799881723000055, -18.661064972999952], [29.806072558000096, -18.67469801699997], [29.81454831800005, -18.6738339449999], [29.829808892000074, -18.681982561999973], [29.835315729000172, -18.672845855999924], [29.842271532000098, -18.671466745999965], [29.850442305000172, -18.677505204999875], [29.855704165000134, -18.690772220999918], [29.864797903000067, -18.683702671999924], [29.879606489000025, -18.6897501279999], [29.884002369000143, -18.69602960799989], [29.88950521300012, -18.695710579999968], [29.89124716800012, -18.7030931459999], [29.909953634000146, -18.694737491999888], [29.91500049600012, -18.70295311999996], [29.923632253000108, -18.703619165999896], [29.93141202200019, -18.68883002499996], [29.93663087800013, -18.693868408999947], [29.946628591000035, -18.68729489699996], [29.95408838300017, -18.692319278999946], [29.97668573600015, -18.68050835699995], [29.980937622000056, -18.689715061999948], [29.989230391000092, -18.69505446699992], [30.008503846000053, -18.695575494999957], [30.018028588000163, -18.712959824999928], [30.028558288000056, -18.708922508999933], [30.03085721800005, -18.702446009999903], [30.03971796400009, -18.698087668999904], [30.049738682000168, -18.699864799999943], [30.05428255900017, -18.70872347799991], [30.067040199000076, -18.70953253199997], [30.071837071999994, -18.722741543999973], [30.10047725800007, -18.71703808899997], [30.105190128000118, -18.72244950199996], [30.11321190000018, -18.72077136799993], [30.12039069900004, -18.72443364499992], [30.132264359000146, -18.718301166999936], [30.140200136000146, -18.721353396999973], [30.146642953000025, -18.71930423499998], [30.150781840000093, -18.725387699999885], [30.181675968000093, -18.730484072999957], [30.211531141000023, -18.758107176999943], [30.22187586300015, -18.780994926999938], [30.23579947000013, -18.782919066999966], [30.23895037900013, -18.78027586199994], [30.25454394200011, -18.78683335599993], [30.26022078000011, -18.784975210999903], [30.268236564000063, -18.802808573999926], [30.27456338900015, -18.80911305399985], [30.289199972000176, -18.80488072099996], [30.29602277300006, -18.79564600899988], [30.316730190000044, -18.800924401999907], [30.326847911000073, -18.81426941899997], [30.322757029000172, -18.81698162999993], [30.32349901000015, -18.819846848999873], [30.34249147900016, -18.830963689999976], [30.347307346000093, -18.83698714899998], [30.35341117300004, -18.837464181999962], [30.35533012600007, -18.847960985999975], [30.366189818000123, -18.847787965999885], [30.37385960300014, -18.852028286999825], [30.384915288000172, -18.848838035999904], [30.39057812200008, -18.840573399999982], [30.39507600400009, -18.855543543999886], [30.402123807000123, -18.859676856999954], [30.4080646380001, -18.858108733999927], [30.41190553299998, -18.864869249999913], [30.420876276000172, -18.86027789299993], [30.439746752000133, -18.87754220499994], [30.447616538000034, -18.892457342999876], [30.45683827700003, -18.893277399999874], [30.463530090999996, -18.89862780599998], [30.476089737000052, -18.902153068999894], [30.4908873170001, -18.900645945999884], [30.504483937000145, -18.911157742999933], [30.53017720800017, -18.909593608999955], [30.55752494100011, -18.876750186999914], [30.58137274900014, -18.90557309499991], [30.554462524000144, -18.926476709999918], [30.560442359000092, -18.933571248999954], [30.57298300700012, -18.940054738999947], [30.630432355000153, -18.900485679999974], [30.635557214000073, -18.907825238999976], [30.65416667300019, -18.884485441999914], [30.67866800600018, -18.932180080999956], [30.695634467000048, -18.954318291999982], [30.677119074000075, -18.963875683999902], [30.712442079000027, -18.97656063499994], [30.674679175999984, -19.020818035999923], [30.74992009900012, -19.132127313999888], [30.74509523400019, -19.129547119999927], [30.736155490000158, -19.133932458999936], [30.723420851000128, -19.132053321999933], [30.734976549000066, -19.178971890999833], [30.73150164900011, -19.18050200999994], [30.737649474000136, -19.18022098499995], [30.752192074999982, -19.203578755999843], [30.763271762000045, -19.207540051999956], [30.76590969199998, -19.21555165999996], [30.771905521000065, -19.214792599999953], [30.77454344900019, -19.21988598599995], [30.784675164000134, -19.22418530799996], [30.785560141000076, -19.229203688999974], [30.79124798100014, -19.231402853999953], [30.80886549100012, -19.249909251999952], [30.831001859000082, -19.244162803999927], [30.84596043900018, -19.25278045199991], [30.87054374400003, -19.260546029999944], [30.69566171000008, -19.395849492999957], [30.758368674999986, -19.402552149999963], [30.755170050000117, -19.406770384999902], [30.759999811000114, -19.41449395199993], [30.75405643800019, -19.422510207999892], [30.753402856000093, -19.437404136999874], [30.714037289000032, -19.42899689799998], [30.70934843800012, -19.456502984999872], [30.71822719000005, -19.463686523999968], [30.71895453700006, -19.530103708999945], [30.709737434000147, -19.54784205999988], [30.709205101000066, -19.553786951999882], [30.71271979700009, -19.55893294999987], [30.69777971000019, -19.56894568599995], [30.694926256000144, -19.580387298999938], [30.68719427100018, -19.58794026399994], [30.70937471400015, -19.63686778699997], [30.705472007000083, -19.65892390099998], [30.70552729100001, -19.686556877999976], [30.696486539000034, -19.69111725399995], [30.69610047800012, -19.71807521099987], [30.704705651000097, -19.74411729799988], [30.695621999000082, -19.744156719999864], [30.690203156000166, -19.748378040999967], [30.688275216000136, -19.756354642999952], [30.692803101000095, -19.779523384999834], [30.68347037000018, -19.78474078299996], [30.67883651200009, -19.802240101999928], [30.68110745200005, -19.809230625999874], [30.67761155400018, -19.81336593899988], [30.680264484000134, -19.823351688999935], [30.683066405000034, -19.824423767999917], [30.67905552300016, -19.83015420099997], [30.677785566000182, -19.841940087999888], [30.69217916200006, -19.85183682399986], [30.692633151000052, -19.85601013699994], [30.686476330000175, -19.86140454599996], [30.633869833000176, -19.866361946999973], [30.522016003000033, -19.83650176499998], [30.469451505000052, -19.842346234999923], [30.459870777000106, -19.839688039999885], [30.45897480600013, -19.845673490999957], [30.453851955000005, -19.849915812999882], [30.45904381600019, -19.863147803999937], [30.448215989000175, -19.86943576999994], [30.454408957000112, -19.87728786899993], [30.451151055000025, -19.884912443999895], [30.45945381900009, -19.886138530999972], [30.454471967000188, -19.89516921199987], [30.45767387500007, -19.89489618999994], [30.46449468500009, -19.902194733999977], [30.46957753900017, -19.900813626999877], [30.47048951500011, -19.9037378459999], [30.45700791200011, -19.92186621499991], [30.45492397800018, -19.932363003999967], [30.450392105000105, -19.92976681199997], [30.44288332600013, -19.939832571999887], [30.430737671000145, -19.937490402999913], [30.425417826000057, -19.943342844999904], [30.426313807000042, -19.952073499999926], [30.422747914000126, -19.96118918499991], [30.433310614000106, -19.962152250999964], [30.42794061700016, -19.984961455999894], [30.43139001300011, -19.98610443399997], [30.431003989000146, -19.990106283999978], [30.354811875999985, -19.997408940999946], [30.334174462000078, -19.99281360899988], [30.322097811000162, -19.99955112099991], [30.25068085300012, -20.00626666799991], [30.223801624000032, -20.012546154999825], [30.21981674, -20.016817476999904], [30.150120732999994, -20.023334008999882], [30.142966940000065, -20.02651325199986], [30.144024172000172, -20.033325138999942], [30.16042445400018, -20.044027551999932], [30.16681927100018, -20.043579514999976], [30.17070616799998, -20.054462326999897], [30.191673579000167, -20.0672912739999], [30.18531776900005, -20.08064227699998], [30.187454721000165, -20.09804657799998], [30.176747028000136, -20.10014074099996], [30.16829528200003, -20.118794140999967], [30.158165577000034, -20.126688737999928], [30.166708353000047, -20.15503985099997], [30.16003856700013, -20.187748297999974], [30.152317789000108, -20.19063351799997], [30.148138915000175, -20.199175157999946], [30.153551761000017, -20.200383244999898], [30.15645478000016, -20.20725698399997], [30.158545623000066, -20.206538700999943], [30.197767478000173, -20.171677073999945], [30.277780233000044, -20.22904530599982], [30.279542192000065, -20.242548311999883], [30.27479533700017, -20.256938386999934], [30.26811353200003, -20.262717821999956], [30.26714156700018, -20.271982512999898], [30.26133873499998, -20.27636584299995], [30.24360927400005, -20.32195524999986], [30.244032272000084, -20.335713273999886], [30.258035883000105, -20.352263495999978], [30.286800064000033, -20.356568798999945], [30.313843296000073, -20.364932403999887], [30.320143120000125, -20.37134787699995], [30.318323184000178, -20.38761508799996], [30.339072611000063, -20.418119341999954], [30.345203438999988, -20.42305170399993], [30.36015200700018, -20.41611217999997], [30.371742691000122, -20.438944868999897], [30.413482523000084, -20.477745722999884], [30.412324565000063, -20.49121372299993], [30.44375469100015, -20.52803043299997], [30.46095821700004, -20.55664454299989], [30.46025824100019, -20.56289900699994], [30.448101591000125, -20.565680219999933], [30.444876689000125, -20.573014764999982], [30.45055653700001, -20.58953998499993], [30.449469582000063, -20.60920944099996], [30.45380046300005, -20.61732203799994], [30.44898461200006, -20.624881750999975], [30.45060256500011, -20.632857188999935], [30.458345353000027, -20.646724209999945], [30.47877077400011, -20.656253901999946], [30.481538701000034, -20.66585060899996], [30.47882778600018, -20.67610336799993], [30.481523711000023, -20.680234671999926], [30.492518399000062, -20.684032945999945], [30.51991361200004, -20.682264798999938], [30.50980998, -20.691874677999976], [30.48686559300006, -20.704910478999864], [30.481419527000128, -20.715144162999877], [30.480057760000193, -20.74835585999989], [30.47342958500019, -20.7562798969999], [30.469147449000104, -20.769585776999918], [30.45430880400005, -20.831056797999906], [30.450822207000158, -20.869201136999948], [30.453440587999978, -20.882608810999955], [30.44340675400008, -20.92314072599993], [30.445177502000035, -20.962508860999947], [30.417522589000043, -20.986536715999932], [30.409282162000125, -20.999331959999893], [30.402668193000068, -20.99977223899998], [30.393381473000147, -21.019536694999886], [30.378334906000134, -21.020425768999928], [30.35683053700012, -21.039859206999893], [30.33719710400004, -21.043058453999947], [30.316332694000153, -21.03011951899998], [30.308903907000058, -21.030690564999873], [30.30092714100016, -21.036573000999965], [30.281686681000167, -21.0194477579999], [30.25329050400012, -21.0297915349999], [30.250111603000107, -21.041004358999885], [30.229411195000125, -21.037449111999877], [30.21706754500019, -21.031712698999968], [30.19329923200013, -21.037849163999965], [30.179440623000175, -21.027840439999977], [30.165945015000148, -21.034525938999934], [30.131292991000066, -21.008447049999916], [30.109021629000097, -21.00703996099992], [30.07357963400011, -20.99013374499998], [30.067281802000082, -20.974541604999956], [30.068819752000138, -20.966317999999887], [30.059486918999994, -20.96028015999991], [30.049197310000125, -20.959348501999955], [29.991050945999973, -20.918101510999975], [29.987586039999997, -20.91135601799988], [29.971799492000173, -20.909436887999902], [29.954338841000094, -20.915277646999982], [29.946786379000116, -20.911732200999836], [29.92744877399997, -20.922802900999955], [29.902949494999973, -20.945408578999945], [29.882299098000146, -20.95861056299998], [29.823563827000044, -21.01286858599991], [29.78283001200009, -21.032037020999894], [29.767367456000045, -21.032358055999907], [29.729206543000146, -21.02251536199998], [29.68960367800014, -21.021338304999915], [29.592461482000033, -21.040537784999913], [29.534468143000026, -21.03680655599993], [29.45778332400016, -21.015580057999898], [29.48938875200008, -20.995268620999866], [29.541428737000047, -20.953384708999977], [29.58571125399999, -20.925993725999888], [29.6242994750001, -20.891184300999953], [29.650635581000074, -20.75569194399992], [29.66680008200001, -20.712660756999924], [29.675368802000094, -20.670484635999912], [29.661663181000165, -20.65472848099995], [29.607881732000124, -20.668182514999955], [29.596804035000105, -20.650612224999975], [29.58449834800018, -20.604275806999965], [29.620303316000104, -20.595186107999893], [29.605308130000026, -20.57531648799994], [29.701124932000027, -20.516161042999954], [29.713404546000163, -20.47359487599988], [29.73119703000009, -20.455580679999855], [29.730887988000063, -20.39152592199997], [29.77817555200005, -20.284640934999857], [29.79219011600003, -20.239172536999945], [29.792143099000157, -20.215530772999898], [29.815963375000024, -20.159152547999952], [29.84081362500018, -20.105977556999846], [29.873444660000075, -20.06143220299998], [29.87559855000012, -20.00569886699992], [29.80944343200008, -20.000087490999874], [29.800425691000157, -20.003238733999865], [29.80141262500007, -19.95408804699997], [29.798161717000028, -19.952601937999873], [29.797665732000098, -19.944947525999964], [29.752793019000023, -19.955068315999938], [29.710966225000107, -19.972863679999875], [29.69523267300002, -19.972157637999942], [29.680213048000155, -19.905143619999876], [29.654059799000095, -19.912213168999926], [29.618498828000043, -19.932197693999967], [29.598462400000074, -19.934209859999896], [29.582244849000176, -19.91816466699987], [29.562247393000064, -19.886067270999945], [29.517621646000123, -19.863453603999915], [29.50240407700005, -19.86136545799991], [29.47243192000019, -19.84775145699996], [29.413849620000008, -19.88708445599991], [29.40323788500018, -19.842677125999955], [29.403685852000024, -19.818343295999966], [29.412758585000063, -19.806843423999965], [29.41840439000015, -19.765904337999928], [29.416022456000064, -19.763625167999976], [29.423581235000086, -19.75667263899993], [29.416752424000038, -19.750393170999928], [29.41211255799999, -19.751970292999943], [29.409487629000182, -19.74784698399992], [29.41364750700012, -19.74353965699987], [29.412974518000112, -19.733290884999917], [29.40353277500003, -19.719336839999983], [29.406357690000107, -19.71443846899996], [29.40142381800007, -19.698940303999905], [29.376882507000175, -19.68820851299995], [29.370271686000024, -19.67769672499992], [29.363065892000122, -19.67908183399993], [29.35968998000004, -19.66903107899992], [29.361843912000097, -19.660613441999885], [29.356711053000026, -19.65487501299998], [29.358785990000058, -19.64959361199982], [29.35438810900007, -19.64318413199993], [29.356761040000038, -19.641350991999957], [29.348227275000113, -19.631657265999877], [29.31646116600018, -19.61731320599995], [29.316675153000176, -19.609194592999927], [29.30696142200003, -19.601118989999918], [29.307581400000174, -19.595268546999932], [29.29553973200018, -19.583460663999915], [29.301490555000044, -19.574291965999976], [29.282307093000156, -19.565065282999967], [29.2798301360001, -19.532261803999972], [29.26514753800012, -19.514903500999935], [29.257949740000186, -19.511966283999982], [29.25376985100013, -19.502609578999966], [29.246009068000035, -19.498104243999933], [29.239908229000036, -19.484115188999965], [29.21916081100005, -19.47603659299989], [29.207289134000177, -19.4595293509999], [29.200740322000115, -19.46134749399988], [29.196240447000037, -19.45858128799989], [29.19344651800003, -19.447851476999915], [29.163238354000157, -19.422722594999982], [29.155384559000026, -19.401633000999936], [29.148655744000052, -19.395067507999897], [29.12898129700011, -19.388689038999928], [29.121173519000024, -19.389400098999943], [29.092033332000085, -19.373476912999877], [29.08550250600007, -19.359913888999927], [29.072758859000032, -19.35051818499994], [29.072126868000055, -19.339677361999918], [29.057990260999986, -19.33103071599993], [29.047814533000064, -19.311941273999878], [29.03420391800006, -19.31037316499993], [29.028879056000164, -19.295006000999933], [29.02168725500013, -19.289392579999912], [29.020950262000156, -19.274418441999956], [29.01701536800016, -19.267886947999898], [29.018888307000168, -19.258792254999946], [29.032790899000076, -19.242375994999975], [29.01660733799997, -19.219543268999928], [29.015367363000166, -19.207816376999972], [29.00281370800019, -19.19561645799996], [29.004233975000034, -19.185746202999894], [29.00096435800009, -19.18233076899992], [29.00613533400002, -19.176138946999913], [28.999462496000035, -19.158189143999948], [29.000872763000075, -19.141301504999944], [29.00839791100009, -19.129715613999906], [29.00310808500012, -19.125938709999957], [29.010952339000085, -19.107447003999937], [29.01734465500016, -19.10239207099994], [29.014799619000087, -19.092066518999957], [29.009529461000113, -19.08982333299997], [29.011086917, -19.085204797999836], [29.001780624000162, -19.064762477999977], [28.992443883000078, -19.05833599499988], [28.986650034000036, -19.04329084999995], [28.974734366000177, -19.036703355999975], [28.977649270000143, -19.021008153999844], [28.951065021000147, -19.020109106999882], [28.937664392000045, -19.009895335999886], [28.866923418, -18.723330232999956], [28.922949548000076, -18.70885826999995], [29.125465764000126, -18.633378309999955], [29.12887265100005, -18.61226968199992], [29.09030671200003, -18.578616118999946], [29.008614021000028, -18.580470322999872], [28.941388914000015, -18.575410983999973], [28.75059236300001, -18.5706528529999], [28.680697926000107, -18.55065781499991], [28.65665238800011, -18.553671462999944], [28.64471285900015, -18.561863205999884], [28.62370215400017, -18.5574427709999], [28.61883571200019, -18.560455713999943], [28.608585716000164, -18.558845589999976], [28.594827484000064, -18.562782442999946], [28.588562535000165, -18.559015233999958], [28.581911563000176, -18.561617832999957], [28.57477255700013, -18.559555286999966], [28.57161893600005, -18.555337031999954], [28.5516341660001, -18.55974699099994], [28.48784370100003, -18.561128246999942], [28.484616795000022, -18.56478753099998], [28.47603403400018, -18.561111254999958], [28.472850127000072, -18.565466593999872], [28.46043747600004, -18.56320742999992], [28.45798754900011, -18.567735780999953], [28.451091739000105, -18.562730400999953], [28.442445985999996, -18.56642769299998], [28.438409098000136, -18.563942504999886], [28.42947635100012, -18.565717648999964], [28.407437966000145, -18.55835909999996], [28.406495995000114, -18.56068627999997], [28.395012318, -18.559858225999903], [28.38893549300019, -18.56427757199998], [28.3835476430001, -18.56149136199997], [28.368165079999983, -18.565012645999957], [28.35135055300009, -18.564312606999977], [28.342702801000087, -18.5678348859999], [28.33328006500011, -18.566311775999907], [28.329607172000067, -18.569787046999977], [28.314119602000062, -18.562975535999897], [28.289155309000137, -18.566669842999943], [28.281117533000156, -18.563978641999938], [28.27135480999999, -18.56565677999987], [28.259043153000164, -18.56081441699996], [28.24287861500011, -18.56730893199989], [28.235962807000078, -18.564094689999877], [28.221753209000155, -18.56583283699996], [28.20697961700006, -18.55717818199986], [28.197484888000076, -18.55978939199997], [28.179066399000135, -18.552113815999974], [28.16366283299999, -18.55168279599991], [28.15228816000007, -18.55807529899994], [28.142169436000017, -18.548756588999936], [28.120041056000048, -18.54498331699989], [28.111244298000145, -18.53829180899993], [28.108036390999985, -18.54135904899988], [28.100248608000186, -18.538621843999977], [28.095726740000146, -18.543326210999908], [28.086229006000167, -18.541001039999912], [28.07106744500004, -18.552857967999955], [28.0649696160001, -18.55221292399989], [28.058624789000135, -18.54695252399995], [28.042284250000023, -18.546574509999914], [28.030335590999982, -18.551400892999936], [27.9994630380001, -18.546735706999925], [27.999030443000095, -18.52121859199997], [28.00204635500006, -18.517971338999928], [27.999936393999974, -18.497778781999955], [28.00133122200009, -18.363064366999936], [28.001189889000045, -18.35022511099993], [27.99876128000011, -18.348935275999963], [27.997499206000157, -18.23720961899994], [28.001954212000157, -18.223228743999982], [28.027266695000094, -18.205617365999956], [28.059861098, -18.202398831999915], [28.09011509700008, -18.206791144999897], [28.098059835000186, -18.20522523199992], [28.109894834000045, -18.189951153999914], [28.10191748700015, -18.18619560099995], [28.0509794030001, -18.18039866299995], [28.054087645000095, -18.1682166409999], [28.04688497300009, -18.160652870999968], [28.04920712800009, -18.14999581199993], [28.069807774000026, -18.137717361999876], [28.068837304, -18.10883086499996], [28.071989523000127, -18.104251475999888], [28.06781685600015, -18.071581054999967], [28.070922425000163, -18.05939878399994], [28.05021776600006, -18.052669556999945], [28.03756432900019, -18.063382446999924], [28.030397882999978, -18.06113983599994], [28.025558614999966, -18.049000362999948], [28.017563188000054, -18.040679002999923], [28.008278691000044, -18.01814458299998], [28.012703549000037, -17.999526129999936], [28.043250653000143, -17.960359050999955], [28.049863448000053, -17.940517498999952], [28.0685359200001, -17.93655117299994], [28.065907986000127, -17.928454543999976], [28.06934987300008, -17.910716157999957], [28.07961356600009, -17.891210626999964], [28.076828627000168, -17.87244216499994], [28.086388344, -17.85757399599993], [28.09122518999999, -17.8382544829999], [28.08078847000013, -17.82444441299998], [28.074274623000065, -17.792218900999956], [28.0699087430001, -17.78954669599989], [28.09345105300008, -17.75796220599989], [28.097097943000165, -17.750291602999937], [28.093706033000046, -17.744438147999915], [28.10157780200001, -17.733557289999965], [28.11671237200011, -17.72717077799996], [28.143272636000177, -17.737370552999835], [28.16522199900004, -17.714409737999972], [28.171708804000048, -17.700561648999894], [28.18229250100012, -17.694642176999935], [28.18425743800003, -17.68546745699996], [28.181048522000083, -17.679425986999945], [28.19484212300017, -17.666491961999952], [28.193059170000026, -17.66284267799989], [28.196984055000144, -17.65765826899991], [28.197939990000066, -17.615833990999874], [28.208935670000187, -17.602561940999976], [28.218801373000133, -17.580278184999884], [28.216307438000115, -17.57475075399998], [28.202229835000026, -17.576518903999897], [28.209776609000073, -17.56151672099992], [28.20456374000014, -17.54425337099991], [28.20944060000005, -17.540725089999967], [28.208656609000116, -17.525857922999933], [28.216608374000145, -17.512245847999964], [28.226904078000075, -17.50403919499996], [28.222700182000096, -17.488121947999957], [28.227724024000054, -17.469330467999896], [28.251357341000187, -17.44571559299993], [28.251168340000106, -17.43905506899995], [28.243493543000056, -17.42542800399997], [28.247435413000062, -17.40355828099996], [28.25786311800016, -17.399828977999846], [28.2650019190001, -17.400954060999936], [28.279606504000128, -17.394163514999946], [28.285383347000163, -17.400335996999956], [28.297327007000035, -17.394230506999975], [28.304204820000052, -17.40046199099993], [28.31522350900019, -17.397799772999974], [28.327346173000137, -17.401462050999953], [28.334352970000168, -17.394293481999966], [28.34032480400009, -17.395601579999834], [28.35112549100012, -17.38418967299998], [28.437946047000082, -17.371073571999943], [28.458947465000165, -17.378003100999877], [28.456010541000126, -17.370361501999923], [28.465726265000058, -17.36561011999987], [28.463553331000185, -17.372004624999875], [28.47686296400019, -17.379163177999942], [28.474402038000164, -17.38426758099996], [28.499208344000067, -17.38594569399993], [28.50458720400013, -17.39883370299998], [28.507721116000084, -17.39789662699991], [28.523034699000164, -17.412999802999877], [28.529929504000165, -17.41106764599988], [28.54085420000007, -17.413383818999876], [28.544748854999966, -17.41091705899987], [28.53891224400013, -17.401735905999885], [28.55448179700005, -17.388906883999937], [28.56160758599998, -17.375418817999957], [28.590109761000065, -17.343910315999892], [28.6067322720001, -17.31601110699995], [28.629190637000136, -17.30972859499991], [28.636918415000082, -17.302523021999946], [28.631881544000123, -17.287625851999962], [28.63833034600009, -17.266792204999945], [28.657477787999994, -17.24005908399988], [28.663275623000004, -17.23688982899995], [28.661427669999966, -17.231122375999973], [28.67009041200015, -17.212519901999826], [28.671532362000107, -17.200431947999903], [28.70252950700018, -17.215961148999895], [28.703346481000096, -17.212285858999905], [28.70775935600011, -17.211232772999892], [28.709403314000042, -17.21627016899987], [28.71315120800017, -17.21356295199996], [28.71093726000015, -17.20196003799998], [28.714700150000112, -17.19571454299995], [28.72584083400011, -17.19037811399994], [28.734978567999974, -17.17838515999989], [28.743548327000042, -17.17707705099997], [28.7488861650001, -17.16180884199997], [28.752911051000012, -17.159430650999866], [28.76597968300007, -17.156615418999877], [28.77371995900012, -17.164410532999966], [28.776960914000142, -17.163653352999916], [28.779084316000137, -17.157555483999943], [28.7868891010001, -17.162504868999918], [28.791559966000136, -17.156365380999887], [28.798296780000157, -17.160349690999965], [28.80290264500013, -17.152420060999873], [28.823248071000023, -17.147571663999884], [28.832070824000027, -17.14739564399997], [28.833871776000024, -17.150686901999904], [28.851384290000055, -17.154839216999903], [28.859218069999997, -17.155182237999952], [28.864975904000175, -17.14886073499997], [28.885325338000087, -17.15387411599994], [28.90043990500004, -17.14105509299992], [28.90908366400015, -17.14191715499993], [28.91610046400001, -17.137411793999945], [28.92471620700013, -17.117070181999964]]]}}]}