{"type": "FeatureCollection", "features": [{"type": "Feature", "properties": {"SNUM": 712, "FAOSOIL": "Lc52-1a", "DOMSOI": "Lc", "PHASE1": "", "PHASE2": "", "MISCLU1": "", "MISCLU2": "", "PERMAFROST": "", "CNTCODE": 181, "CNTNAME": "ZI", "SQKM": 3266.0, "COUNTRY": "ZIMBABWE", "SOIL_CODE": "Lc", "FAO_UNIT": "Lc52-1a", "SOIL_NAME": "Chromic Luvisols (Lc) \u2014 Chrome\u2011rich clay; chrome/PGM pathfinder", "AREA_KM2": 3266.0, "PHASE": ""}, "geometry": {"type": "Polygon", "coordinates": [[[29.83740997314453, -15.61439037322998], [29.83746910095215, -15.633779525756836], [29.817689895629883, -15.646929740905762], [29.804920196533203, -15.676119804382324], [29.795610427856445, -15.711549758911133], [29.793479919433594, -15.786009788513184], [29.704570770263672, -15.874480247497559], [29.648670196533203, -15.920149803161621], [29.549299240112305, -15.986350059509277], [29.532840728759766, -15.999429702758789], [29.459680557250977, -16.039100646972656], [29.420150756835938, -16.06855010986328], [29.393569946289062, -16.091339111328125], [29.3599796295166, -16.09855079650879], [29.34033966064453, -16.118009567260742], [29.210689544677734, -16.210620880126953], [29.201400756835938, -16.217260360717773], [29.194929122924805, -16.2368106842041], [29.128459930419922, -16.26021957397461], [29.049909591674805, -16.303659439086914], [28.965839385986328, -16.350019454956055], [28.962900161743164, -16.362730026245117], [28.93647003173828, -16.392290115356445], [28.923120498657227, -16.40212059020996], [28.91680908203125, -16.41175079345703], [28.821399688720703, -16.4606990814209], [28.850719451904297, -16.37302017211914], [28.8439998626709, -16.341079711914062], [28.84861946105957, -16.283700942993164], [28.86574935913086, -16.250110626220703], [28.847639083862305, -16.190919876098633], [28.84222984313965, -16.16353988647461], [28.854549407958984, -16.1289005279541], [28.85264015197754, -16.098020553588867], [28.865039825439453, -16.066810607910156], [28.85495948791504, -16.031829833984375], [28.88220977783203, -16.002099990844727], [28.91301918029785, -15.98567008972168], [28.941770553588867, -15.970620155334473], [28.948890686035156, -15.966899871826172], [29.014419555664062, -15.963290214538574], [29.051769256591797, -15.928110122680664], [29.085369110107422, -15.884980201721191], [29.12904930114746, -15.86571979522705], [29.205629348754883, -15.825119972229004], [29.275930404663086, -15.770899772644043], [29.28289031982422, -15.769120216369629], [29.292539596557617, -15.7666597366333], [29.314800262451172, -15.783829689025879], [29.32493019104004, -15.793499946594238], [29.345680236816406, -15.83180046081543], [29.372840881347656, -15.86359977722168], [29.406490325927734, -15.875829696655273], [29.489999771118164, -15.858329772949219], [29.58618927001953, -15.814920425415039], [29.666339874267578, -15.781689643859863], [29.708730697631836, -15.739089965820312], [29.70857048034668, -15.71654987335205], [29.711389541625977, -15.70022964477539], [29.708209991455078, -15.687239646911621], [29.678390502929688, -15.648639678955078], [29.728759765625, -15.624090194702148], [29.784629821777344, -15.619449615478516], [29.836740493774414, -15.6068696975708], [29.843490600585938, -15.610349655151367], [29.83740997314453, -15.61439037322998]]]}}, {"type": "Feature", "properties": {"SNUM": 642, "FAOSOIL": "I-Bc-V", "DOMSOI": "I", "PHASE1": "", "PHASE2": "", "MISCLU1": "", "MISCLU2": "", "PERMAFROST": "", "CNTCODE": 181, "CNTNAME": "ZI", "SQKM": 24934.0, "COUNTRY": "ZIMBABWE", "SOIL_CODE": "I", "FAO_UNIT": "I-Bc-V", "SOIL_NAME": "Lithosols (I) \u2014 Shallow rocky soils; basement outcrop indicator", "AREA_KM2": 24934.0, "PHASE": ""}, "geometry": {"type": "Polygon", "coordinates": [[[30.262500762939453, -15.649459838867188], [30.27342987060547, -15.687899589538574], [30.2898006439209, -15.687459945678711], [30.29026985168457, -15.703669548034668], [30.321779251098633, -15.7739896774292], [30.329519271850586, -15.831439971923828], [30.336259841918945, -15.83800983428955], [30.333049774169922, -15.857020378112793], [30.29336929321289, -15.877010345458984], [30.223840713500977, -15.917160034179688], [30.224380493164062, -15.952280044555664], [30.23155975341797, -15.974599838256836], [30.231849670410156, -15.98451042175293], [30.20182991027832, -16.010269165039062], [30.149539947509766, -16.062990188598633], [30.122779846191406, -16.076330184936523], [30.04319953918457, -16.093839645385742], [29.94985008239746, -16.098209381103516], [29.936059951782227, -16.091840744018555], [29.93297004699707, -16.098230361938477], [29.943859100341797, -16.149690628051758], [29.975149154663086, -16.204700469970703], [30.006040573120117, -16.245040893554688], [30.022449493408203, -16.245040893554688], [30.01926040649414, -16.24827003479004], [30.016090393066406, -16.251510620117188], [30.02341079711914, -16.27692985534668], [30.060720443725586, -16.31814956665039], [30.064489364624023, -16.334230422973633], [30.10474967956543, -16.33354949951172], [30.171310424804688, -16.319089889526367], [30.264360427856445, -16.282320022583008], [30.351049423217773, -16.267759323120117], [30.371009826660156, -16.277090072631836], [30.41897964477539, -16.31485939025879], [30.469390869140625, -16.339519500732422], [30.47978973388672, -16.35856056213379], [30.492990493774414, -16.345609664916992], [30.603370666503906, -16.362850189208984], [30.777929306030273, -16.394670486450195], [31.005840301513672, -16.42864990234375], [31.183610916137695, -16.47998046875], [31.217330932617188, -16.48213005065918], [31.241270065307617, -16.465450286865234], [31.2502498626709, -16.459199905395508], [31.300020217895508, -16.4519100189209], [31.366840362548828, -16.466550827026367], [31.54037094116211, -16.46017074584961], [31.537139892578125, -16.475940704345703], [31.49818992614746, -16.528099060058594], [31.488969802856445, -16.549699783325195], [31.472150802612305, -16.55021095275879], [31.44182014465332, -16.53816032409668], [31.401500701904297, -16.532859802246094], [31.314550399780273, -16.521440505981445], [31.280920028686523, -16.5224609375], [31.277950286865234, -16.531949996948242], [31.26165008544922, -16.548120498657227], [31.255279541015625, -16.56756019592285], [31.23887062072754, -16.580589294433594], [31.216249465942383, -16.603660583496094], [31.203020095825195, -16.61347007751465], [31.17637062072754, -16.61383056640625], [31.139509201049805, -16.601970672607422], [31.07863998413086, -16.57114028930664], [30.93498992919922, -16.561050415039062], [30.921539306640625, -16.564590454101562], [30.885900497436523, -16.60688018798828], [30.882980346679688, -16.63252067565918], [30.899869918823242, -16.648149490356445], [30.94763946533203, -16.69198989868164], [30.948659896850586, -16.72378921508789], [30.9229793548584, -16.76936912536621], [30.919950485229492, -16.7918701171875], [30.920150756835938, -16.798139572143555], [30.900299072265625, -16.82114028930664], [30.887540817260742, -16.846630096435547], [30.86631965637207, -16.887710571289062], [30.855810165405273, -16.908069610595703], [30.845979690551758, -16.937049865722656], [30.812440872192383, -16.928190231323242], [30.801700592041016, -16.899829864501953], [30.80072021484375, -16.855030059814453], [30.807540893554688, -16.848560333251953], [30.830169677734375, -16.796159744262695], [30.84893035888672, -16.767549514770508], [30.86185073852539, -16.732200622558594], [30.86762046813965, -16.693479537963867], [30.860450744628906, -16.674419403076172], [30.840290069580078, -16.658889770507812], [30.78993034362793, -16.650529861450195], [30.77593994140625, -16.637950897216797], [30.78529930114746, -16.608980178833008], [30.824560165405273, -16.562990188598633], [30.82444953918457, -16.559860229492188], [30.79758071899414, -16.553939819335938], [30.734149932861328, -16.561660766601562], [30.707279205322266, -16.55617904663086], [30.703750610351562, -16.533430099487305], [30.663000106811523, -16.51849937438965], [30.599979400634766, -16.507160186767578], [30.54998016357422, -16.511259078979492], [30.54286003112793, -16.508310317993164], [30.375690460205078, -16.517440795898438], [30.288040161132812, -16.477680206298828], [30.2343692779541, -16.468839645385742], [30.230709075927734, -16.45635986328125], [30.170209884643555, -16.438270568847656], [29.99662971496582, -16.444419860839844], [30.058090209960938, -16.53972053527832], [30.085430145263672, -16.574369430541992], [30.08622932434082, -16.599929809570312], [30.069469451904297, -16.603559494018555], [30.05341911315918, -16.629600524902344], [30.039819717407227, -16.62955093383789], [29.97723960876465, -16.65924072265625], [29.907190322875977, -16.686389923095703], [29.89426040649414, -16.693050384521484], [29.83721923828125, -16.699190139770508], [29.820350646972656, -16.701000213623047], [29.816850662231445, -16.678640365600586], [29.784910202026367, -16.601829528808594], [29.7645206451416, -16.579940795898438], [29.757490158081055, -16.580150604248047], [29.754169464111328, -16.564069747924805], [29.713130950927734, -16.526599884033203], [29.70284080505371, -16.501079559326172], [29.68922996520996, -16.48525047302246], [29.682100296020508, -16.466100692749023], [29.669370651245117, -16.41253089904785], [29.66765022277832, -16.4052791595459], [29.670360565185547, -16.37009048461914], [29.690330505371094, -16.363239288330078], [29.70326042175293, -16.34037971496582], [29.74675941467285, -16.336490631103516], [29.756229400634766, -16.32362937927246], [29.762680053710938, -16.30409049987793], [29.76906967163086, -16.29762077331543], [29.786020278930664, -16.30030059814453], [29.802730560302734, -16.309749603271484], [29.8333797454834, -16.31566047668457], [29.839759826660156, -16.309179306030273], [29.84593963623047, -16.280210494995117], [29.84197998046875, -16.206680297851562], [29.840740203857422, -16.183570861816406], [29.837190628051758, -16.174219131469727], [29.803150177001953, -16.149049758911133], [29.779699325561523, -16.149240493774414], [29.742860794067383, -16.15654945373535], [29.73995018005371, -16.16922950744629], [29.713340759277344, -16.173120498657227], [29.670019149780273, -16.19951057434082], [29.62725067138672, -16.2152099609375], [29.62373924255371, -16.214990615844727], [29.62381935119629, -16.222829818725586], [29.59457015991211, -16.265039443969727], [29.577699661254883, -16.26551055908203], [29.44502067565918, -16.32879066467285], [29.439180374145508, -16.370849609375], [29.409679412841797, -16.42255973815918], [29.401029586791992, -16.440080642700195], [29.396820068359375, -16.44860076904297], [29.403579711914062, -16.455169677734375], [29.424890518188477, -16.463369369506836], [29.47480010986328, -16.4825496673584], [29.47842025756836, -16.51432991027832], [29.476770401000977, -16.51774024963379], [29.472230911254883, -16.527099609375], [29.442180633544922, -16.54368019104004], [29.425769805908203, -16.560319900512695], [29.42346954345703, -16.608509063720703], [29.417190551757812, -16.634319305419922], [29.39381980895996, -16.638120651245117], [29.383769989013672, -16.647850036621094], [29.3846492767334, -16.692800521850586], [29.378170013427734, -16.69611930847168], [29.355289459228516, -16.731840133666992], [29.325239181518555, -16.74842071533203], [29.319650650024414, -16.79669952392578], [29.313199996948242, -16.816219329833984], [29.245010375976562, -16.923370361328125], [29.242019653320312, -16.94908905029297], [29.25255012512207, -16.971269607543945], [29.27960968017578, -16.980419158935547], [29.30368995666504, -16.999540328979492], [29.314119338989258, -17.040639877319336], [29.337919235229492, -17.049829483032227], [29.391279220581055, -17.04199981689453], [29.427980422973633, -17.012659072875977], [29.434310913085938, -16.98419952392578], [29.468040466308594, -16.996309280395508], [29.512060165405273, -17.03721046447754], [29.529300689697266, -17.062259674072266], [29.536710739135742, -17.08803939819336], [29.547189712524414, -17.107009887695312], [29.551340103149414, -17.148590087890625], [29.516399383544922, -17.24513053894043], [29.51127052307129, -17.31882095336914], [29.53474998474121, -17.31856918334961], [29.538230895996094, -17.324750900268555], [29.612430572509766, -17.339139938354492], [29.649560928344727, -17.354629516601562], [29.69409942626953, -17.39546012878418], [29.718320846557617, -17.43330955505371], [29.718629837036133, -17.442710876464844], [29.729000091552734, -17.458539962768555], [29.783449172973633, -17.486520767211914], [29.83725929260254, -17.494789123535156], [29.838809967041016, -17.411800384521484], [29.840200424194336, -17.40947914123535], [29.84861946105957, -17.395370483398438], [29.875579833984375, -17.401290893554688], [29.943370819091797, -17.43515968322754], [29.976900100708008, -17.440889358520508], [29.98033905029297, -17.455379486083984], [29.994150161743164, -17.465940475463867], [30.034130096435547, -17.455810546875], [30.050329208374023, -17.440410614013672], [30.058019638061523, -17.433109283447266], [30.10327911376953, -17.390119552612305], [30.10655975341797, -17.3900203704834], [30.143930435180664, -17.271099090576172], [30.14699935913086, -17.26473045349121], [30.150279998779297, -17.264629364013672], [30.159690856933594, -17.222700119018555], [30.168960571289062, -17.19062042236328], [30.167329788208008, -17.126619338989258], [30.17732048034668, -17.116910934448242], [30.186260223388672, -17.074989318847656], [30.22199058532715, -17.020160675048828], [30.23487091064453, -16.987789154052734], [30.274869918823242, -16.977649688720703], [30.28527069091797, -16.98048973083496], [30.285520553588867, -17.002910614013672], [30.273569107055664, -17.076370239257812], [30.27046012878418, -17.095720291137695], [30.260990142822266, -17.121540069580078], [30.262250900268555, -17.16002082824707], [30.26198959350586, -17.16629981994629], [30.249340057373047, -17.195350646972656], [30.233680725097656, -17.24687957763672], [30.207849502563477, -17.288860321044922], [30.201820373535156, -17.3051700592041], [30.163040161132812, -17.366809844970703], [30.133499145507812, -17.395919799804688], [30.131689071655273, -17.405010223388672], [30.130279541015625, -17.412139892578125], [30.107839584350586, -17.45716094970703], [30.093900680541992, -17.517440795898438], [30.069360733032227, -17.5410099029541], [30.04388999938965, -17.605730056762695], [30.03466033935547, -17.637760162353516], [30.035179138183594, -17.666349411010742], [30.022239685058594, -17.68597984313965], [30.01927947998047, -17.695459365844727], [29.954160690307617, -17.7637996673584], [29.951690673828125, -17.80191993713379], [29.93807029724121, -17.802339553833008], [29.899240493774414, -17.86393928527832], [29.834270477294922, -17.94515037536621], [29.82478904724121, -17.97093963623047], [29.80470085144043, -17.974689483642578], [29.778209686279297, -17.9974308013916], [29.744909286499023, -18.01412010192871], [29.738019943237305, -18.004940032958984], [29.724750518798828, -18.001760482788086], [29.714109420776367, -17.99268913269043], [29.709779739379883, -17.947629928588867], [29.694950103759766, -17.884090423583984], [29.68498992919922, -17.88125991821289], [29.65785026550293, -17.885229110717773], [29.630420684814453, -17.85416030883789], [29.585540771484375, -17.803319931030273], [29.551549911499023, -17.785120010375977], [29.52804946899414, -17.785390853881836], [29.501569747924805, -17.78911018371582], [29.471630096435547, -17.808820724487305], [29.45532989501953, -17.828569412231445], [29.452510833740234, -17.857330322265625], [29.46087074279785, -17.91128921508789], [29.410289764404297, -17.919069290161133], [29.2839298248291, -17.969449996948242], [29.263500213623047, -17.963350296020508], [29.235870361328125, -17.938629150390625], [29.228960037231445, -17.92898941040039], [29.225509643554688, -17.90983009338379], [29.191539764404297, -17.90726089477539], [29.144039154052734, -17.879560470581055], [29.137300491333008, -17.889179229736328], [29.135540008544922, -17.950149536132812], [29.146469116210938, -17.991600036621094], [29.181129455566406, -18.05777931213379], [29.18613052368164, -18.121559143066406], [29.09796905517578, -18.091659545898438], [29.06399917602539, -18.076160430908203], [29.054119110107422, -18.07646942138672], [29.049949645996094, -18.05112075805664], [29.032819747924805, -18.03196907043457], [28.973119735717773, -18.05211067199707], [28.969789505004883, -18.065189361572266], [28.89069938659668, -18.140100479125977], [28.881080627441406, -18.16275978088379], [28.844419479370117, -18.16655921936035], [28.712970733642578, -18.16963005065918], [28.652509689331055, -18.180410385131836], [28.642919540405273, -18.190099716186523], [28.496990203857422, -18.154680252075195], [28.45730972290039, -18.158639907836914], [28.44662094116211, -18.149089813232422], [28.44573974609375, -18.107460021972656], [28.455490112304688, -18.087900161743164], [28.471860885620117, -18.068599700927734], [28.4914493560791, -18.059059143066406], [28.50511932373047, -18.05864906311035], [28.508739471435547, -18.06838035583496], [28.556970596313477, -18.115270614624023], [28.601289749145508, -18.143020629882812], [28.63484001159668, -18.145580291748047], [28.6514892578125, -18.135679244995117], [28.677749633789062, -18.10310935974121], [28.59255027770996, -18.050630569458008], [28.571760177612305, -18.0351505279541], [28.568479537963867, -18.006309509277344], [28.59119987487793, -17.967470169067383], [28.59347915649414, -17.93556022644043], [28.67845916748047, -17.955949783325195], [28.76626968383789, -17.976699829101562], [28.823040008544922, -17.969209671020508], [28.846750259399414, -17.9591007232666], [28.87265968322754, -17.92963981628418], [28.87282943725586, -17.92021942138672], [28.85516929626465, -17.8983097076416], [28.85025978088379, -17.818180084228516], [28.816619873046875, -17.812429428100586], [28.796159744262695, -17.806299209594727], [28.77552032470703, -17.793899536132812], [28.77496910095215, -17.7620792388916], [28.78441047668457, -17.73310089111328], [28.756820678710938, -17.69533920288086], [28.759660720825195, -17.666099548339844], [28.809629440307617, -17.652530670166016], [28.85948944091797, -17.635379791259766], [28.913740158081055, -17.637380599975586], [28.947269439697266, -17.639989852905273], [29.001529693603516, -17.680889129638672], [29.01188087463379, -17.680580139160156], [29.04228973388672, -17.68951988220215], [29.10934066772461, -17.682140350341797], [29.12986946105957, -17.690929412841797], [29.136140823364258, -17.681339263916016], [29.131540298461914, -17.627269744873047], [29.124120712280273, -17.60150909423828], [29.127370834350586, -17.585729598999023], [29.16707992553711, -17.562589645385742], [29.173660278320312, -17.562389373779297], [29.179969787597656, -17.5398006439209], [29.216520309448242, -17.488000869750977], [29.226009368896484, -17.468730926513672], [29.232349395751953, -17.44610023498535], [29.23133087158203, -17.41381072998047], [29.2113094329834, -17.404970169067383], [29.204139709472656, -17.401580810546875], [29.17962074279785, -17.354259490966797], [29.15958023071289, -17.344959259033203], [29.152629852294922, -17.34830093383789], [29.04591941833496, -17.37921905517578], [28.962350845336914, -17.396770477294922], [28.9555606842041, -17.390220642089844], [28.92215919494629, -17.391159057617188], [28.891870498657227, -17.401010513305664], [28.845130920410156, -17.411760330200195], [28.827890396118164, -17.402360916137695], [28.83742904663086, -17.360309600830078], [28.88287925720215, -17.29206085205078], [28.889549255371094, -17.279300689697266], [28.896129608154297, -17.279109954833984], [28.894939422607422, -17.224769592285156], [28.87458038330078, -17.20557975769043], [28.874479293823242, -17.202430725097656], [28.773799896240234, -17.204370498657227], [28.76943016052246, -17.169450759887695], [28.755779266357422, -17.15365982055664], [28.728450775146484, -17.137800216674805], [28.728370666503906, -17.134660720825195], [28.613819122314453, -17.114530563354492], [28.536500930786133, -17.125699996948242], [28.52362060546875, -17.135499954223633], [28.456470489501953, -17.132959365844727], [28.426130294799805, -17.12704086303711], [28.368200302124023, -17.096250534057617], [28.347570419311523, -17.08378028869629], [28.35395050048828, -17.06110954284668], [28.400779724121094, -17.015920639038086], [28.40764045715332, -17.009889602661133], [28.441259384155273, -16.988529205322266], [28.442230224609375, -16.98253059387207], [28.456710815429688, -16.979089736938477], [28.493349075317383, -16.959190368652344], [28.516740798950195, -16.955890655517578], [28.556690216064453, -16.922840118408203], [28.562599182128906, -16.883960723876953], [28.594369888305664, -16.796649932861328], [28.60865020751953, -16.755460739135742], [28.615459442138672, -16.751070022583008], [28.642940521240234, -16.750930786132812], [28.64773941040039, -16.75433921813965], [28.643150329589844, -16.784090042114258], [28.649160385131836, -16.789779663085938], [28.6658992767334, -16.791980743408203], [28.690099716186523, -16.8104305267334], [28.70911979675293, -16.824920654296875], [28.756980895996094, -16.834970474243164], [28.775049209594727, -16.8293399810791], [28.816600799560547, -16.81637954711914], [28.911849975585938, -16.763330459594727], [28.919029235839844, -16.764429092407227], [28.94428062438965, -16.789459228515625], [28.953760147094727, -16.777969360351562], [28.952489852905273, -16.765409469604492], [28.934459686279297, -16.747209548950195], [28.93560028076172, -16.740339279174805], [28.975919723510742, -16.690980911254883], [29.012439727783203, -16.65229034423828], [29.04690933227539, -16.629249572753906], [29.05632972717285, -16.612070083618164], [29.04438018798828, -16.60984992980957], [29.02294921875, -16.617969512939453], [29.00385093688965, -16.618080139160156], [28.988569259643555, -16.61203956604004], [28.964330673217773, -16.557289123535156], [28.95482063293457, -16.566469192504883], [28.936899185180664, -16.567699432373047], [28.897239685058594, -16.56144905090332], [28.88068962097168, -16.558839797973633], [28.800790786743164, -16.504669189453125], [28.819459915161133, -16.466489791870117], [28.821399688720703, -16.4606990814209], [28.91680908203125, -16.41175079345703], [28.923120498657227, -16.40212059020996], [28.93647003173828, -16.392290115356445], [28.962900161743164, -16.362730026245117], [28.965839385986328, -16.350019454956055], [29.049909591674805, -16.303659439086914], [29.128459930419922, -16.26021957397461], [29.194929122924805, -16.2368106842041], [29.201400756835938, -16.217260360717773], [29.210689544677734, -16.210620880126953], [29.34033966064453, -16.118009567260742], [29.3599796295166, -16.09855079650879], [29.393569946289062, -16.091339111328125], [29.420150756835938, -16.06855010986328], [29.459680557250977, -16.039100646972656], [29.532840728759766, -15.999429702758789], [29.549299240112305, -15.986350059509277], [29.648670196533203, -15.920149803161621], [29.704570770263672, -15.874480247497559], [29.793479919433594, -15.786009788513184], [29.795610427856445, -15.711549758911133], [29.804920196533203, -15.676119804382324], [29.817689895629883, -15.646929740905762], [29.83746910095215, -15.633779525756836], [29.83740997314453, -15.61439037322998], [29.843490600585938, -15.610349655151367], [29.883750915527344, -15.631059646606445], [29.943370819091797, -15.634360313415527], [29.9879093170166, -15.654020309448242], [30.043350219726562, -15.642900466918945], [30.068559646606445, -15.652640342712402], [30.080049514770508, -15.63521957397461], [30.1193904876709, -15.63893985748291], [30.142669677734375, -15.617819786071777], [30.206039428710938, -15.63129997253418], [30.23571014404297, -15.677550315856934], [30.25164031982422, -15.64745044708252], [30.25959014892578, -15.644100189208984], [30.262500762939453, -15.649459838867188]]]}}, {"type": "Feature", "properties": {"SNUM": 712, "FAOSOIL": "Lc52-1a", "DOMSOI": "Lc", "PHASE1": "", "PHASE2": "", "MISCLU1": "", "MISCLU2": "", "PERMAFROST": "", "CNTCODE": 181, "CNTNAME": "ZI", "SQKM": 4468.0, "COUNTRY": "ZIMBABWE", "SOIL_CODE": "Lc", "FAO_UNIT": "Lc52-1a", "SOIL_NAME": "Chromic Luvisols (Lc) \u2014 Chrome\u2011rich clay; chrome/PGM pathfinder", "AREA_KM2": 4468.0, "PHASE": ""}, "geometry": {"type": "Polygon", "coordinates": [[[30.416250228881836, -16.01120948791504], [30.922060012817383, -16.01177978515625], [30.926910400390625, -16.025449752807617], [30.93770980834961, -16.03792953491211], [30.950849533081055, -16.04810905456543], [30.967540740966797, -16.05484962463379], [30.979450225830078, -16.057069778442383], [30.987730026245117, -16.053600311279297], [31.012269973754883, -16.039199829101562], [31.030000686645508, -16.03226089477539], [31.05484962463379, -16.021839141845703], [31.079740524291992, -16.01712989807129], [31.102249145507812, -16.01357078552246], [31.13903045654297, -16.01106071472168], [31.16632080078125, -16.009740829467773], [31.203460693359375, -16.013429641723633], [31.245210647583008, -16.0203800201416], [31.331270217895508, -16.042200088500977], [31.35342025756836, -16.071279525756836], [31.366050720214844, -16.09943962097168], [31.39154052734375, -16.12047004699707], [31.41381072998047, -16.15410041809082], [31.442319869995117, -16.154539108276367], [31.44658088684082, -16.18062973022461], [31.493810653686523, -16.178760528564453], [31.520410537719727, -16.197429656982422], [31.57362937927246, -16.192689895629883], [31.620349884033203, -16.20973014831543], [31.68552017211914, -16.208099365234375], [31.69281005859375, -16.208480834960938], [31.688899993896484, -16.245670318603516], [31.682580947875977, -16.25213050842285], [31.619260787963867, -16.256710052490234], [31.60930061340332, -16.26641082763672], [31.533079147338867, -16.290630340576172], [31.486469268798828, -16.288150787353516], [31.32901954650879, -16.259109497070312], [31.282730102539062, -16.273019790649414], [31.229930877685547, -16.302820205688477], [31.18351936340332, -16.313140869140625], [31.133440017700195, -16.311019897460938], [31.006290435791016, -16.294099807739258], [30.821760177612305, -16.252870559692383], [30.684459686279297, -16.245569229125977], [30.58439064025879, -16.247529983520508], [30.51058006286621, -16.236169815063477], [30.332429885864258, -16.178359985351562], [30.20796012878418, -16.15172004699707], [30.108240127563477, -16.169349670410156], [30.075010299682617, -16.186019897460938], [30.057510375976562, -16.20648956298828], [30.0356502532959, -16.232080459594727], [30.022449493408203, -16.245040893554688], [30.006040573120117, -16.245040893554688], [29.975149154663086, -16.204700469970703], [29.943859100341797, -16.149690628051758], [29.93297004699707, -16.098230361938477], [29.936059951782227, -16.091840744018555], [29.94985008239746, -16.098209381103516], [30.04319953918457, -16.093839645385742], [30.122779846191406, -16.076330184936523], [30.149539947509766, -16.062990188598633], [30.20182991027832, -16.010269165039062], [30.231849670410156, -15.98451042175293], [30.23155975341797, -15.974599838256836], [30.224380493164062, -15.952280044555664], [30.223840713500977, -15.917160034179688], [30.29336929321289, -15.877010345458984], [30.333049774169922, -15.857020378112793], [30.336259841918945, -15.83800983428955], [30.329519271850586, -15.831439971923828], [30.321779251098633, -15.7739896774292], [30.29026985168457, -15.703669548034668], [30.2898006439209, -15.687459945678711], [30.27342987060547, -15.687899589538574], [30.262500762939453, -15.649459838867188], [30.25959014892578, -15.644100189208984], [30.29167938232422, -15.630559921264648], [30.339399337768555, -15.636369705200195], [30.382890701293945, -15.664010047912598], [30.400310516357422, -15.65137004852295], [30.416250228881836, -16.01120948791504]]]}}, {"type": "Feature", "properties": {"SNUM": 902, "FAOSOIL": "Qf25-1a", "DOMSOI": "Qf", "PHASE1": "", "PHASE2": "", "MISCLU1": "", "MISCLU2": "", "PERMAFROST": "", "CNTCODE": 181, "CNTNAME": "ZI", "SQKM": 654.0, "COUNTRY": "ZIMBABWE", "SOIL_CODE": "Qf", "FAO_UNIT": "Qf25-1a", "SOIL_NAME": "FAO Soil Unit: Qf25-1a", "AREA_KM2": 654.0, "PHASE": ""}, "geometry": {"type": "Polygon", "coordinates": [[[29.708209991455078, -15.687239646911621], [29.711389541625977, -15.70022964477539], [29.70857048034668, -15.71654987335205], [29.708730697631836, -15.739089965820312], [29.666339874267578, -15.781689643859863], [29.58618927001953, -15.814920425415039], [29.489999771118164, -15.858329772949219], [29.406490325927734, -15.875829696655273], [29.372840881347656, -15.86359977722168], [29.345680236816406, -15.83180046081543], [29.32493019104004, -15.793499946594238], [29.314800262451172, -15.783829689025879], [29.292539596557617, -15.7666597366333], [29.315059661865234, -15.760910034179688], [29.341779708862305, -15.73052978515625], [29.352859497070312, -15.71189022064209], [29.383710861206055, -15.700039863586426], [29.45380973815918, -15.683099746704102], [29.507869720458984, -15.702150344848633], [29.55038070678711, -15.68634033203125], [29.627429962158203, -15.670940399169922], [29.672239303588867, -15.651639938354492], [29.678390502929688, -15.648639678955078], [29.708209991455078, -15.687239646911621]]]}}, {"type": "Feature", "properties": {"SNUM": 767, "FAOSOIL": "Lf81-2a", "DOMSOI": "Lf", "PHASE1": "", "PHASE2": "", "MISCLU1": "", "MISCLU2": "", "PERMAFROST": "", "CNTCODE": 181, "CNTNAME": "ZI", "SQKM": 3918.0, "COUNTRY": "ZIMBABWE", "SOIL_CODE": "Lf", "FAO_UNIT": "Lf81-2a", "SOIL_NAME": "FAO Soil Unit: Lf81-2a", "AREA_KM2": 3918.0, "PHASE": ""}, "geometry": {"type": "Polygon", "coordinates": [[[29.820640563964844, -16.710430145263672], [29.814470291137695, -16.723180770874023], [29.765090942382812, -16.765920639038086], [29.755369186401367, -16.785520553588867], [29.755889892578125, -16.817399978637695], [29.79347038269043, -16.849119186401367], [29.787109375, -16.871320724487305], [29.771020889282227, -16.897390365600586], [29.715709686279297, -16.948999404907227], [29.701780319213867, -16.950130462646484], [29.672090530395508, -16.976579666137695], [29.65250015258789, -17.00555992126465], [29.636600494384766, -17.053699493408203], [29.643829345703125, -17.088899612426758], [29.660770416259766, -17.104549407958984], [29.671199798583984, -17.107379913330078], [29.672449111938477, -17.171510696411133], [29.672649383544922, -17.181320190429688], [29.649789810180664, -17.200830459594727], [29.64027976989746, -17.226659774780273], [29.600889205932617, -17.272220611572266], [29.57098960876465, -17.291940689086914], [29.53474998474121, -17.31856918334961], [29.51127052307129, -17.31882095336914], [29.516399383544922, -17.24513053894043], [29.551340103149414, -17.148590087890625], [29.547189712524414, -17.107009887695312], [29.536710739135742, -17.08803939819336], [29.529300689697266, -17.062259674072266], [29.512060165405273, -17.03721046447754], [29.468040466308594, -16.996309280395508], [29.434310913085938, -16.98419952392578], [29.427980422973633, -17.012659072875977], [29.391279220581055, -17.04199981689453], [29.337919235229492, -17.049829483032227], [29.314119338989258, -17.040639877319336], [29.30368995666504, -16.999540328979492], [29.27960968017578, -16.980419158935547], [29.25255012512207, -16.971269607543945], [29.242019653320312, -16.94908905029297], [29.245010375976562, -16.923370361328125], [29.313199996948242, -16.816219329833984], [29.319650650024414, -16.79669952392578], [29.325239181518555, -16.74842071533203], [29.355289459228516, -16.731840133666992], [29.378170013427734, -16.69611930847168], [29.3846492767334, -16.692800521850586], [29.383769989013672, -16.647850036621094], [29.39381980895996, -16.638120651245117], [29.417190551757812, -16.634319305419922], [29.42346954345703, -16.608509063720703], [29.425769805908203, -16.560319900512695], [29.442180633544922, -16.54368019104004], [29.472230911254883, -16.527099609375], [29.476770401000977, -16.51774024963379], [29.47842025756836, -16.51432991027832], [29.47480010986328, -16.4825496673584], [29.424890518188477, -16.463369369506836], [29.403579711914062, -16.455169677734375], [29.396820068359375, -16.44860076904297], [29.401029586791992, -16.440080642700195], [29.409679412841797, -16.42255973815918], [29.439180374145508, -16.370849609375], [29.44502067565918, -16.32879066467285], [29.577699661254883, -16.26551055908203], [29.59457015991211, -16.265039443969727], [29.62381935119629, -16.222829818725586], [29.62373924255371, -16.214990615844727], [29.62725067138672, -16.2152099609375], [29.670019149780273, -16.19951057434082], [29.713340759277344, -16.173120498657227], [29.73995018005371, -16.16922950744629], [29.742860794067383, -16.15654945373535], [29.779699325561523, -16.149240493774414], [29.803150177001953, -16.149049758911133], [29.837190628051758, -16.174219131469727], [29.840740203857422, -16.183570861816406], [29.84197998046875, -16.206680297851562], [29.84593963623047, -16.280210494995117], [29.839759826660156, -16.309179306030273], [29.8333797454834, -16.31566047668457], [29.802730560302734, -16.309749603271484], [29.786020278930664, -16.30030059814453], [29.76906967163086, -16.29762077331543], [29.762680053710938, -16.30409049987793], [29.756229400634766, -16.32362937927246], [29.74675941467285, -16.336490631103516], [29.70326042175293, -16.34037971496582], [29.690330505371094, -16.363239288330078], [29.670360565185547, -16.37009048461914], [29.66765022277832, -16.4052791595459], [29.669370651245117, -16.41253089904785], [29.682100296020508, -16.466100692749023], [29.68922996520996, -16.48525047302246], [29.70284080505371, -16.501079559326172], [29.713130950927734, -16.526599884033203], [29.754169464111328, -16.564069747924805], [29.757490158081055, -16.580150604248047], [29.7645206451416, -16.579940795898438], [29.784910202026367, -16.601829528808594], [29.816850662231445, -16.678640365600586], [29.820350646972656, -16.701000213623047], [29.820640563964844, -16.710430145263672]]]}}, {"type": "Feature", "properties": {"SNUM": 705, "FAOSOIL": "Lc49-2a", "DOMSOI": "Lc", "PHASE1": "", "PHASE2": "", "MISCLU1": "", "MISCLU2": "", "PERMAFROST": "", "CNTCODE": 181, "CNTNAME": "ZI", "SQKM": 2815.0, "COUNTRY": "ZIMBABWE", "SOIL_CODE": "Lc", "FAO_UNIT": "Lc49-2a", "SOIL_NAME": "Chromic Luvisols (Lc) \u2014 Chrome\u2011rich clay; chrome/PGM pathfinder", "AREA_KM2": 2815.0, "PHASE": ""}, "geometry": {"type": "Polygon", "coordinates": [[[31.68294906616211, -16.278099060058594], [31.673709869384766, -16.3101806640625], [31.65492057800293, -16.36492919921875], [31.648849487304688, -16.393779754638672], [31.645580291748047, -16.39388084411621], [31.60308074951172, -16.436349868774414], [31.54037094116211, -16.46017074584961], [31.366840362548828, -16.466550827026367], [31.300020217895508, -16.4519100189209], [31.2502498626709, -16.459199905395508], [31.241270065307617, -16.465450286865234], [31.217330932617188, -16.48213005065918], [31.183610916137695, -16.47998046875], [31.005840301513672, -16.42864990234375], [30.777929306030273, -16.394670486450195], [30.603370666503906, -16.362850189208984], [30.492990493774414, -16.345609664916992], [30.47978973388672, -16.35856056213379], [30.469390869140625, -16.339519500732422], [30.41897964477539, -16.31485939025879], [30.371009826660156, -16.277090072631836], [30.351049423217773, -16.267759323120117], [30.264360427856445, -16.282320022583008], [30.171310424804688, -16.319089889526367], [30.10474967956543, -16.33354949951172], [30.064489364624023, -16.334230422973633], [30.060720443725586, -16.31814956665039], [30.02341079711914, -16.27692985534668], [30.016090393066406, -16.251510620117188], [30.01926040649414, -16.24827003479004], [30.022449493408203, -16.245040893554688], [30.0356502532959, -16.232080459594727], [30.057510375976562, -16.20648956298828], [30.075010299682617, -16.186019897460938], [30.108240127563477, -16.169349670410156], [30.20796012878418, -16.15172004699707], [30.332429885864258, -16.178359985351562], [30.51058006286621, -16.236169815063477], [30.58439064025879, -16.247529983520508], [30.684459686279297, -16.245569229125977], [30.821760177612305, -16.252870559692383], [31.006290435791016, -16.294099807739258], [31.133440017700195, -16.311019897460938], [31.18351936340332, -16.313140869140625], [31.229930877685547, -16.302820205688477], [31.282730102539062, -16.273019790649414], [31.32901954650879, -16.259109497070312], [31.486469268798828, -16.288150787353516], [31.533079147338867, -16.290630340576172], [31.60930061340332, -16.26641082763672], [31.619260787963867, -16.256710052490234], [31.682580947875977, -16.25213050842285], [31.68294906616211, -16.278099060058594]]]}}, {"type": "Feature", "properties": {"SNUM": 642, "FAOSOIL": "I-Bc-V", "DOMSOI": "I", "PHASE1": "", "PHASE2": "", "MISCLU1": "", "MISCLU2": "", "PERMAFROST": "", "CNTCODE": 181, "CNTNAME": "ZI", "SQKM": 452.0, "COUNTRY": "ZIMBABWE", "SOIL_CODE": "I", "FAO_UNIT": "I-Bc-V", "SOIL_NAME": "Lithosols (I) \u2014 Shallow rocky soils; basement outcrop indicator", "AREA_KM2": 452.0, "PHASE": ""}, "geometry": {"type": "Polygon", "coordinates": [[[31.729450225830078, -16.21040916442871], [31.74799919128418, -16.23838996887207], [31.79235076904297, -16.255470275878906], [31.823720932006836, -16.275169372558594], [31.85839080810547, -16.32891082763672], [31.88479995727539, -16.34075927734375], [31.900590896606445, -16.354450225830078], [31.897890090942383, -16.359939575195312], [31.882129669189453, -16.392210006713867], [31.85304069519043, -16.431150436401367], [31.846559524536133, -16.447460174560547], [31.823440551757812, -16.4539794921875], [31.773439407348633, -16.451879501342773], [31.722930908203125, -16.433679580688477], [31.648849487304688, -16.393779754638672], [31.65492057800293, -16.36492919921875], [31.673709869384766, -16.3101806640625], [31.68294906616211, -16.278099060058594], [31.682580947875977, -16.25213050842285], [31.688899993896484, -16.245670318603516], [31.69281005859375, -16.208480834960938], [31.729450225830078, -16.21040916442871]]]}}, {"type": "Feature", "properties": {"SNUM": 741, "FAOSOIL": "Lf24-1a", "DOMSOI": "Lf", "PHASE1": "", "PHASE2": "", "MISCLU1": "", "MISCLU2": "", "PERMAFROST": "", "CNTCODE": 181, "CNTNAME": "ZI", "SQKM": 8651.0, "COUNTRY": "ZIMBABWE", "SOIL_CODE": "Lf", "FAO_UNIT": "Lf24-1a", "SOIL_NAME": "FAO Soil Unit: Lf24-1a", "AREA_KM2": 8651.0, "PHASE": ""}, "geometry": {"type": "Polygon", "coordinates": [[[32.25679016113281, -16.456640243530273], [32.31486129760742, -16.465280532836914], [32.34334945678711, -16.474149703979492], [32.380149841308594, -16.4852294921875], [32.418121337890625, -16.496299743652344], [32.43949890136719, -16.50408935546875], [32.46895980834961, -16.513399124145508], [32.50075912475586, -16.528520584106445], [32.529258728027344, -16.538429260253906], [32.569698333740234, -16.557279586791992], [32.6124382019043, -16.571590423583984], [32.63267135620117, -16.58271026611328], [32.66716003417969, -16.5993595123291], [32.68149185180664, -16.61054039001465], [32.68511962890625, -16.61842918395996], [32.68294143676758, -16.63429069519043], [32.67721939086914, -16.65019989013672], [32.67451095581055, -16.662010192871094], [32.52421951293945, -16.691160202026367], [32.49848175048828, -16.714279174804688], [32.424808502197266, -16.739559173583984], [32.4186897277832, -16.741680145263672], [32.34563064575195, -16.755720138549805], [32.4552001953125, -16.836090087890625], [32.482261657714844, -16.873779296875], [32.49542999267578, -16.863540649414062], [32.54404067993164, -16.86090087890625], [32.58177185058594, -16.858699798583984], [32.598541259765625, -16.858610153198242], [32.63134002685547, -16.85131072998047], [32.651580810546875, -16.85733985900879], [32.77204132080078, -16.892669677734375], [32.825531005859375, -16.904319763183594], [32.82630157470703, -16.92658042907715], [32.833831787109375, -16.940139770507812], [32.83435821533203, -16.94301986694336], [32.83631896972656, -16.945709228515625], [32.84067153930664, -16.964460372924805], [32.85057067871094, -16.97624969482422], [32.84434127807617, -16.998600006103516], [32.841548919677734, -17.024059295654297], [32.84165954589844, -17.027170181274414], [32.85261154174805, -17.058839797973633], [32.85633850097656, -17.08407974243164], [32.873958587646484, -17.134479522705078], [32.892791748046875, -17.188310623168945], [32.93387985229492, -17.2412109375], [32.944461822509766, -17.263099670410156], [32.96284866333008, -17.278329849243164], [32.9698600769043, -17.316560745239258], [32.98466110229492, -17.33765983581543], [33.00876998901367, -17.35759925842285], [33.01342010498047, -17.355989456176758], [33.018978118896484, -17.365530014038086], [33.017459869384766, -17.388490676879883], [33.02452087402344, -17.40519905090332], [33.016639709472656, -17.418659210205078], [32.997459411621094, -17.485750198364258], [32.95355987548828, -17.485279083251953], [32.92026138305664, -17.4797306060791], [32.91688919067383, -17.476730346679688], [32.91584014892578, -17.435380935668945], [32.93178939819336, -17.413040161132812], [32.9344482421875, -17.38401985168457], [32.9273796081543, -17.368690490722656], [32.903499603271484, -17.353029251098633], [32.88011169433594, -17.350709915161133], [32.84762954711914, -17.367380142211914], [32.818519592285156, -17.39995002746582], [32.77043914794922, -17.486560821533203], [32.72153091430664, -17.53498077392578], [32.69533920288086, -17.54521942138672], [32.69303894042969, -17.447349548339844], [32.69478988647461, -17.38054084777832], [32.584190368652344, -17.364259719848633], [32.49024963378906, -17.328020095825195], [32.46332931518555, -17.306190490722656], [32.45647048950195, -17.297060012817383], [32.48786926269531, -17.23586082458496], [32.49747085571289, -17.223459243774414], [32.49721908569336, -17.21678924560547], [32.42578887939453, -17.144779205322266], [32.422088623046875, -17.132429122924805], [32.402740478515625, -17.114749908447266], [32.38444137573242, -17.09803009033203], [32.353580474853516, -17.07052993774414], [32.33354187011719, -17.058269500732422], [32.326438903808594, -17.042470932006836], [32.23823165893555, -17.02313995361328], [32.19565963745117, -17.013809204101562], [32.14236831665039, -17.01156997680664], [32.1455192565918, -17.00834083557129], [32.042728424072266, -17.00160026550293], [32.04106140136719, -16.940900802612305], [32.04433822631836, -16.9278507232666], [32.06462097167969, -16.91353988647461], [32.071441650390625, -16.917089462280273], [32.08298873901367, -16.885549545288086], [32.09901809692383, -16.8631591796875], [32.10478973388672, -16.827709197998047], [32.10514831542969, -16.824569702148438], [31.940250396728516, -16.832599639892578], [31.8885498046875, -16.83247947692871], [31.721839904785156, -16.83275032043457], [31.715099334716797, -16.82670021057129], [31.490779876708984, -16.789579391479492], [31.454130172729492, -16.783979415893555], [31.447650909423828, -16.80030059814453], [31.431659698486328, -16.825849533081055], [31.412769317626953, -16.877450942993164], [31.34259033203125, -16.87601089477539], [31.327869415283203, -16.88702964782715], [31.303340911865234, -16.905399322509766], [31.272480010986328, -16.87725067138672], [31.27596092224121, -16.8664493560791], [31.28182029724121, -16.84832000732422], [31.351030349731445, -16.805469512939453], [31.403919219970703, -16.778799057006836], [31.41012954711914, -16.768760681152344], [31.426959991455078, -16.768699645996094], [31.412399291992188, -16.723920822143555], [31.414409637451172, -16.657169342041016], [31.41408920288086, -16.647329330444336], [31.43001937866211, -16.60565948486328], [31.446840286254883, -16.60515022277832], [31.452640533447266, -16.582590103149414], [31.46541976928711, -16.565650939941406], [31.472349166870117, -16.55647087097168], [31.472150802612305, -16.55021095275879], [31.488969802856445, -16.549699783325195], [31.49818992614746, -16.528099060058594], [31.537139892578125, -16.475940704345703], [31.54037094116211, -16.46017074584961], [31.60308074951172, -16.436349868774414], [31.645580291748047, -16.39388084411621], [31.648849487304688, -16.393779754638672], [31.722930908203125, -16.433679580688477], [31.773439407348633, -16.451879501342773], [31.823440551757812, -16.4539794921875], [31.846559524536133, -16.447460174560547], [31.85304069519043, -16.431150436401367], [31.882129669189453, -16.392210006713867], [31.897890090942383, -16.359939575195312], [31.900590896606445, -16.354450225830078], [31.910310745239258, -16.362869262695312], [31.916370391845703, -16.411640167236328], [31.93107032775879, -16.436279296875], [31.982200622558594, -16.455259323120117], [32.00471115112305, -16.459699630737305], [32.0284309387207, -16.464059829711914], [32.05683898925781, -16.464990615844727], [32.075748443603516, -16.462560653686523], [32.10530090332031, -16.457799911499023], [32.12302017211914, -16.454259872436523], [32.14904022216797, -16.451780319213867], [32.167930603027344, -16.447099685668945], [32.18980026245117, -16.449729919433594], [32.21295166015625, -16.452430725097656], [32.23197937011719, -16.451200485229492], [32.25679016113281, -16.456640243530273]]]}}, {"type": "Feature", "properties": {"SNUM": 768, "FAOSOIL": "Lf81-2ac", "DOMSOI": "Lf", "PHASE1": "", "PHASE2": "", "MISCLU1": "", "MISCLU2": "", "PERMAFROST": "", "CNTCODE": 181, "CNTNAME": "ZI", "SQKM": 3344.0, "COUNTRY": "ZIMBABWE", "SOIL_CODE": "Lf", "FAO_UNIT": "Lf81-2ac", "SOIL_NAME": "FAO Soil Unit: Lf81-2ac", "AREA_KM2": 3344.0, "PHASE": ""}, "geometry": {"type": "Polygon", "coordinates": [[[30.543149948120117, -16.533729553222656], [30.500810623168945, -16.58563995361328], [30.48855972290039, -16.617809295654297], [30.474950790405273, -16.617759704589844], [30.465150833129883, -16.634199142456055], [30.43906021118164, -16.653799057006836], [30.43560028076172, -16.663330078125], [30.390300750732422, -16.72838020324707], [30.3812198638916, -16.767229080200195], [30.367679595947266, -16.814350128173828], [30.3604793548584, -16.839420318603516], [30.329029083251953, -16.873050689697266], [30.29707908630371, -16.940860748291016], [30.28527069091797, -16.98048973083496], [30.274869918823242, -16.977649688720703], [30.23487091064453, -16.987789154052734], [30.22199058532715, -17.020160675048828], [30.186260223388672, -17.074989318847656], [30.17732048034668, -17.116910934448242], [30.167329788208008, -17.126619338989258], [30.168960571289062, -17.19062042236328], [30.159690856933594, -17.222700119018555], [30.150279998779297, -17.264629364013672], [30.14699935913086, -17.26473045349121], [30.143930435180664, -17.271099090576172], [30.10655975341797, -17.3900203704834], [30.10327911376953, -17.390119552612305], [30.058019638061523, -17.433109283447266], [30.050329208374023, -17.440410614013672], [30.034130096435547, -17.455810546875], [29.994150161743164, -17.465940475463867], [29.98033905029297, -17.455379486083984], [29.976900100708008, -17.440889358520508], [29.943370819091797, -17.43515968322754], [29.875579833984375, -17.401290893554688], [29.84861946105957, -17.395370483398438], [29.844160079956055, -17.344379425048828], [29.83346939086914, -17.318689346313477], [29.82331085205078, -17.309579849243164], [29.818979263305664, -17.277420043945312], [29.818740844726562, -17.2550106048584], [29.837989807128906, -17.225740432739258], [29.875459671020508, -17.19062042236328], [29.89727020263672, -17.17017936706543], [29.900150299072266, -17.15753936767578], [29.93025016784668, -17.144100189208984], [29.949350357055664, -17.125059127807617], [30.054500579833984, -17.020309448242188], [30.067819595336914, -16.994489669799805], [30.066490173339844, -16.940200805664062], [30.063169479370117, -16.92414093017578], [30.116779327392578, -16.929309844970703], [30.111339569091797, -16.84600067138672], [30.104150772094727, -16.81121063232422], [30.072269439697266, -16.721939086914062], [30.05794906616211, -16.683759689331055], [30.05341911315918, -16.629600524902344], [30.069469451904297, -16.603559494018555], [30.08622932434082, -16.599929809570312], [30.085430145263672, -16.574369430541992], [30.058090209960938, -16.53972053527832], [29.99662971496582, -16.444419860839844], [30.170209884643555, -16.438270568847656], [30.230709075927734, -16.45635986328125], [30.2343692779541, -16.468839645385742], [30.288040161132812, -16.477680206298828], [30.375690460205078, -16.517440795898438], [30.54286003112793, -16.508310317993164], [30.54998016357422, -16.511259078979492], [30.543149948120117, -16.533729553222656]]]}}, {"type": "Feature", "properties": {"SNUM": 1972, "FAOSOIL": "WATER", "DOMSOI": "WR", "PHASE1": "", "PHASE2": "", "MISCLU1": "", "MISCLU2": "", "PERMAFROST": "", "CNTCODE": 181, "CNTNAME": "ZI", "SQKM": 3043.0, "COUNTRY": "ZIMBABWE", "SOIL_CODE": "WR", "FAO_UNIT": "WATER", "SOIL_NAME": "FAO Soil Unit: WATER", "AREA_KM2": 3043.0, "PHASE": ""}, "geometry": {"type": "Polygon", "coordinates": [[[28.88068962097168, -16.558839797973633], [28.897239685058594, -16.56144905090332], [28.936899185180664, -16.567699432373047], [28.95482063293457, -16.566469192504883], [28.964330673217773, -16.557289123535156], [28.988569259643555, -16.61203956604004], [29.00385093688965, -16.618080139160156], [29.02294921875, -16.617969512939453], [29.04438018798828, -16.60984992980957], [29.05632972717285, -16.612070083618164], [29.04690933227539, -16.629249572753906], [29.012439727783203, -16.65229034423828], [28.975919723510742, -16.690980911254883], [28.93560028076172, -16.740339279174805], [28.934459686279297, -16.747209548950195], [28.952489852905273, -16.765409469604492], [28.953760147094727, -16.777969360351562], [28.94428062438965, -16.789459228515625], [28.919029235839844, -16.764429092407227], [28.911849975585938, -16.763330459594727], [28.816600799560547, -16.81637954711914], [28.775049209594727, -16.8293399810791], [28.756980895996094, -16.834970474243164], [28.70911979675293, -16.824920654296875], [28.690099716186523, -16.8104305267334], [28.6658992767334, -16.791980743408203], [28.649160385131836, -16.789779663085938], [28.643150329589844, -16.784090042114258], [28.64773941040039, -16.75433921813965], [28.642940521240234, -16.750930786132812], [28.615459442138672, -16.751070022583008], [28.60865020751953, -16.755460739135742], [28.586889266967773, -16.76951026916504], [28.57369041442871, -16.760419845581055], [28.551069259643555, -16.773120880126953], [28.52720069885254, -16.77552032470703], [28.510589599609375, -16.79503059387207], [28.510639190673828, -16.803030014038086], [28.4832706451416, -16.800670623779297], [28.467859268188477, -16.82706069946289], [28.44761085510254, -16.840869903564453], [28.44886016845703, -16.85116958618164], [28.464519500732422, -16.8717098236084], [28.467079162597656, -16.900310516357422], [28.447040557861328, -16.95302963256836], [28.442230224609375, -16.98253059387207], [28.441259384155273, -16.988529205322266], [28.40764045715332, -17.009889602661133], [28.400779724121094, -17.015920639038086], [28.389970779418945, -17.01279067993164], [28.386329650878906, -17.004789352416992], [28.391050338745117, -16.99332046508789], [28.410049438476562, -16.968069076538086], [28.42633056640625, -16.959989547729492], [28.42591094970703, -16.93528938293457], [28.44322967529297, -16.911849975585938], [28.42881965637207, -16.90275001525879], [28.42534065246582, -16.90233039855957], [28.410860061645508, -16.900550842285156], [28.380779266357422, -16.867490768432617], [28.355640411376953, -16.863019943237305], [28.347169876098633, -16.845890045166016], [28.34942054748535, -16.820709228515625], [28.345809936523438, -16.818580627441406], [28.339820861816406, -16.815019607543945], [28.317140579223633, -16.82427978515625], [28.30168914794922, -16.841510772705078], [28.286130905151367, -16.839290618896484], [28.23358917236328, -16.855539321899414], [28.217029571533203, -16.887649536132812], [28.2291202545166, -16.910490036010742], [28.224390029907227, -16.92081069946289], [28.21363067626953, -16.920860290527344], [28.202789306640625, -16.907169342041016], [28.183589935302734, -16.89695930480957], [28.151269912719727, -16.89137077331543], [28.1439208984375, -16.861650466918945], [28.136720657348633, -16.85708999633789], [28.12476921081543, -16.859439849853516], [28.102209091186523, -16.88928985595703], [28.107059478759766, -16.90070915222168], [28.12626075744629, -16.912080764770508], [28.126310348510742, -16.92123031616211], [28.109649658203125, -16.936180114746094], [28.089399337768555, -16.97323989868164], [28.062129974365234, -16.992460250854492], [28.076520919799805, -17.001550674438477], [28.107589721679688, -16.994550704956055], [28.112409591674805, -16.999109268188477], [28.110919952392578, -17.01384925842285], [28.095439910888672, -17.025360107421875], [28.08966064453125, -17.05621910095215], [28.08138084411621, -17.06998062133789], [28.061119079589844, -17.082639694213867], [28.055299758911133, -17.106660842895508], [28.092430114746094, -17.11103057861328], [28.09977912902832, -17.136119842529297], [28.113059997558594, -17.153179168701172], [28.107189178466797, -17.170339584350586], [28.097620010375977, -17.171539306640625], [28.062789916992188, -17.15345001220703], [28.037630081176758, -17.15015983581543], [28.02560043334961, -17.141090393066406], [28.00164031982422, -17.138919830322266], [28.000410079956055, -17.132080078125], [28.020540237426758, -17.100000381469727], [28.022829055786133, -17.085140228271484], [27.989540100097656, -17.072330474853516], [27.929729461669922, -17.08746910095215], [27.892810821533203, -17.124229431152344], [27.85449981689453, -17.13011932373047], [27.842580795288086, -17.139310836791992], [27.84387969970703, -17.158750534057617], [27.854780197143555, -17.17584991455078], [27.85000991821289, -17.18044090270996], [27.81513023376465, -17.174739837646484], [27.744590759277344, -17.18321990966797], [27.70047950744629, -17.22001075744629], [27.702999114990234, -17.240570068359375], [27.748619079589844, -17.255229949951172], [27.751079559326172, -17.26664924621582], [27.745149612426758, -17.275819778442383], [27.69485092163086, -17.27947998046875], [27.68170928955078, -17.287540435791016], [27.650859832763672, -17.33683967590332], [27.63174057006836, -17.344940185546875], [27.596450805664062, -17.34457015991211], [27.600980758666992, -17.336360931396484], [27.60923957824707, -17.31344985961914], [27.616260528564453, -17.285980224609375], [27.619749069213867, -17.26767921447754], [27.62681007385254, -17.243629455566406], [27.63150978088379, -17.228750228881836], [27.636220932006836, -17.213869094848633], [27.655250549316406, -17.188629150390625], [27.669559478759766, -17.178279876708984], [27.69573974609375, -17.147300720214844], [27.72071075439453, -17.111740112304688], [27.736129760742188, -17.08538055419922], [27.75748062133789, -17.049850463867188], [27.768159866333008, -17.0314998626709], [27.77787971496582, -17.014610290527344], [27.789779663085938, -16.9985294342041], [27.80406951904297, -16.98130989074707], [27.82193946838379, -16.962909698486328], [27.84939956665039, -16.946779251098633], [27.88763999938965, -16.931760787963867], [27.946199417114258, -16.909809112548828], [28.00465965270996, -16.884519577026367], [28.071470260620117, -16.85449981689453], [28.125120162963867, -16.823389053344727], [28.17279052734375, -16.79228973388672], [28.218080520629883, -16.760080337524414], [28.240680694580078, -16.740530014038086], [28.258569717407227, -16.7290096282959], [28.28120994567871, -16.71405029296875], [28.313419342041016, -16.69675064086914], [28.35279083251953, -16.680570602416992], [28.402929306030273, -16.662059783935547], [28.460250854492188, -16.64695930480957], [28.508949279785156, -16.634550094604492], [28.566190719604492, -16.615989685058594], [28.616260528564453, -16.598609924316406], [28.64845085144043, -16.5870304107666], [28.687820434570312, -16.577709197998047], [28.711639404296875, -16.566160202026367], [28.730709075927734, -16.556930541992188], [28.744529724121094, -16.547740936279297], [28.75031089782715, -16.54595947265625], [28.762300491333008, -16.542280197143555], [28.798730850219727, -16.508989334106445], [28.800790786743164, -16.504669189453125], [28.88068962097168, -16.558839797973633]]]}}, {"type": "Feature", "properties": {"SNUM": 735, "FAOSOIL": "Lf10-2a", "DOMSOI": "Lf", "PHASE1": "", "PHASE2": "", "MISCLU1": "", "MISCLU2": "", "PERMAFROST": "", "CNTCODE": 181, "CNTNAME": "ZI", "SQKM": 3286.0, "COUNTRY": "ZIMBABWE", "SOIL_CODE": "Lf", "FAO_UNIT": "Lf10-2a", "SOIL_NAME": "FAO Soil Unit: Lf10-2a", "AREA_KM2": 3286.0, "PHASE": ""}, "geometry": {"type": "Polygon", "coordinates": [[[30.753990173339844, -16.84299087524414], [30.720300674438477, -16.843990325927734], [30.693519592285156, -16.84119987487793], [30.683799743652344, -16.844629287719727], [30.684009552001953, -16.850900650024414], [30.627899169921875, -16.896940231323242], [30.611980438232422, -16.92609977722168], [30.57935905456543, -16.974580764770508], [30.546560287475586, -16.988100051879883], [30.543190002441406, -16.99810028076172], [30.520170211791992, -17.011329650878906], [30.463369369506836, -17.027620315551758], [30.44074058532715, -17.04800033569336], [30.390459060668945, -17.064319610595703], [30.39109992980957, -17.083560943603516], [30.384790420532227, -17.10614013671875], [30.38559913635254, -17.14463996887207], [30.48543930053711, -17.11338996887207], [30.505300521850586, -17.11370086669922], [30.505510330200195, -17.11996078491211], [30.546499252319336, -17.154470443725586], [30.570730209350586, -17.192190170288086], [30.569839477539062, -17.291080474853516], [30.52652931213379, -17.298690795898438], [30.529680252075195, -17.29500961303711], [30.436399459838867, -17.29697036743164], [30.399089813232422, -17.297849655151367], [30.413890838623047, -17.34844970703125], [30.40073013305664, -17.36185073852539], [30.39389991760254, -17.36832046508789], [30.30129051208496, -17.405160903930664], [30.21150016784668, -17.44236946105957], [30.172119140625, -17.47178077697754], [30.165929794311523, -17.497499465942383], [30.15937042236328, -17.497699737548828], [30.146089553833008, -17.507509231567383], [30.093900680541992, -17.517440795898438], [30.107839584350586, -17.45716094970703], [30.130279541015625, -17.412139892578125], [30.131689071655273, -17.405010223388672], [30.133499145507812, -17.395919799804688], [30.163040161132812, -17.366809844970703], [30.201820373535156, -17.3051700592041], [30.207849502563477, -17.288860321044922], [30.233680725097656, -17.24687957763672], [30.249340057373047, -17.195350646972656], [30.26198959350586, -17.16629981994629], [30.262250900268555, -17.16002082824707], [30.260990142822266, -17.121540069580078], [30.27046012878418, -17.095720291137695], [30.273569107055664, -17.076370239257812], [30.285520553588867, -17.002910614013672], [30.28527069091797, -16.98048973083496], [30.29707908630371, -16.940860748291016], [30.329029083251953, -16.873050689697266], [30.3604793548584, -16.839420318603516], [30.367679595947266, -16.814350128173828], [30.3812198638916, -16.767229080200195], [30.390300750732422, -16.72838020324707], [30.43560028076172, -16.663330078125], [30.43906021118164, -16.653799057006836], [30.465150833129883, -16.634199142456055], [30.474950790405273, -16.617759704589844], [30.48855972290039, -16.617809295654297], [30.500810623168945, -16.58563995361328], [30.543149948120117, -16.533729553222656], [30.54998016357422, -16.511259078979492], [30.599979400634766, -16.507160186767578], [30.663000106811523, -16.51849937438965], [30.703750610351562, -16.533430099487305], [30.707279205322266, -16.55617904663086], [30.734149932861328, -16.561660766601562], [30.79758071899414, -16.553939819335938], [30.82444953918457, -16.559860229492188], [30.824560165405273, -16.562990188598633], [30.78529930114746, -16.608980178833008], [30.77593994140625, -16.637950897216797], [30.78993034362793, -16.650529861450195], [30.840290069580078, -16.658889770507812], [30.860450744628906, -16.674419403076172], [30.86762046813965, -16.693479537963867], [30.86185073852539, -16.732200622558594], [30.84893035888672, -16.767549514770508], [30.830169677734375, -16.796159744262695], [30.807540893554688, -16.848560333251953], [30.80072021484375, -16.855030059814453], [30.753990173339844, -16.84299087524414]]]}}, {"type": "Feature", "properties": {"SNUM": 642, "FAOSOIL": "I-Bc-V", "DOMSOI": "I", "PHASE1": "", "PHASE2": "", "MISCLU1": "", "MISCLU2": "", "PERMAFROST": "", "CNTCODE": 181, "CNTNAME": "ZI", "SQKM": 2.0, "COUNTRY": "ZIMBABWE", "SOIL_CODE": "I", "FAO_UNIT": "I-Bc-V", "SOIL_NAME": "Lithosols (I) \u2014 Shallow rocky soils; basement outcrop indicator", "AREA_KM2": 2.0, "PHASE": ""}, "geometry": {"type": "Polygon", "coordinates": [[[28.76519012451172, -16.530479431152344], [28.798730850219727, -16.508989334106445], [28.762300491333008, -16.542280197143555], [28.75031089782715, -16.54595947265625], [28.76519012451172, -16.530479431152344]]]}}, {"type": "Feature", "properties": {"SNUM": 735, "FAOSOIL": "Lf10-2a", "DOMSOI": "Lf", "PHASE1": "", "PHASE2": "", "MISCLU1": "", "MISCLU2": "", "PERMAFROST": "", "CNTCODE": 181, "CNTNAME": "ZI", "SQKM": 4454.0, "COUNTRY": "ZIMBABWE", "SOIL_CODE": "Lf", "FAO_UNIT": "Lf10-2a", "SOIL_NAME": "FAO Soil Unit: Lf10-2a", "AREA_KM2": 4454.0, "PHASE": ""}, "geometry": {"type": "Polygon", "coordinates": [[[31.326860427856445, -16.923940658569336], [31.340900421142578, -16.95261001586914], [31.378829956054688, -16.99666976928711], [31.422340393066406, -17.01757049560547], [31.416200637817383, -17.04323959350586], [31.43221092224121, -17.059879302978516], [31.437070846557617, -17.06492042541504], [31.498920440673828, -17.156770706176758], [31.502859115600586, -17.175390243530273], [31.506000518798828, -17.17215919494629], [31.519319534301758, -17.178430557250977], [31.732519149780273, -17.154560089111328], [31.822519302368164, -17.14897918701172], [31.849369049072266, -17.154800415039062], [31.84981918334961, -17.1677303314209], [31.83017921447754, -17.19379997253418], [31.790800094604492, -17.216930389404297], [31.728490829467773, -17.26580047607422], [31.722530364990234, -17.282060623168945], [31.705720901489258, -17.28260040283203], [31.705829620361328, -17.285720825195312], [31.702890396118164, -17.295190811157227], [31.693180084228516, -17.311569213867188], [31.673019409179688, -17.326650619506836], [31.640819549560547, -17.350740432739258], [31.56937026977539, -17.432029724121094], [31.55670928955078, -17.470809936523438], [31.543750762939453, -17.4743595123291], [31.48052978515625, -17.497800827026367], [31.4572696685791, -17.501670837402344], [31.449859619140625, -17.46347999572754], [31.452699661254883, -17.45088005065918], [31.412410736083984, -17.435630798339844], [31.37166976928711, -17.407880783081055], [31.334209442138672, -17.380029678344727], [31.29718017578125, -17.364669799804688], [31.247140884399414, -17.365800857543945], [31.24003028869629, -17.362899780273438], [31.17011070251465, -17.370920181274414], [31.16061019897461, -17.3806095123291], [31.080839157104492, -17.401460647583008], [31.0247802734375, -17.431379318237305], [30.942079544067383, -17.32472038269043], [30.96472930908203, -17.30164909362793], [30.984880447387695, -17.30147933959961], [30.98781967163086, -17.291549682617188], [31.070419311523438, -17.2485408782959], [31.146709442138672, -17.22154998779297], [31.223390579223633, -17.21957015991211], [31.303159713745117, -17.198720932006836], [31.297300338745117, -17.096590042114258], [31.26759910583496, -17.103790283203125], [31.226850509643555, -17.089000701904297], [31.189050674438477, -17.05133056640625], [31.18568992614746, -17.035350799560547], [31.164819717407227, -17.013669967651367], [31.157180786132812, -16.940290451049805], [31.137100219726562, -16.94091033935547], [31.08707046508789, -16.954959869384766], [31.086170196533203, -16.906509399414062], [31.08588981628418, -16.890989303588867], [31.065210342407227, -16.8593807220459], [31.025020599365234, -16.86016082763672], [30.972179412841797, -16.886680603027344], [30.88928985595703, -16.929929733276367], [30.869449615478516, -16.93320083618164], [30.845979690551758, -16.937049865722656], [30.855810165405273, -16.908069610595703], [30.86631965637207, -16.887710571289062], [30.887540817260742, -16.846630096435547], [30.900299072265625, -16.82114028930664], [30.920150756835938, -16.798139572143555], [30.919950485229492, -16.7918701171875], [30.9229793548584, -16.76936912536621], [30.948659896850586, -16.72378921508789], [30.94763946533203, -16.69198989868164], [30.899869918823242, -16.648149490356445], [30.882980346679688, -16.63252067565918], [30.885900497436523, -16.60688018798828], [30.921539306640625, -16.564590454101562], [30.93498992919922, -16.561050415039062], [31.07863998413086, -16.57114028930664], [31.139509201049805, -16.601970672607422], [31.17637062072754, -16.61383056640625], [31.203020095825195, -16.61347007751465], [31.216249465942383, -16.603660583496094], [31.23887062072754, -16.580589294433594], [31.255279541015625, -16.56756019592285], [31.26165008544922, -16.548120498657227], [31.277950286865234, -16.531949996948242], [31.280920028686523, -16.5224609375], [31.314550399780273, -16.521440505981445], [31.401500701904297, -16.532859802246094], [31.44182014465332, -16.53816032409668], [31.472150802612305, -16.55021095275879], [31.472349166870117, -16.55647087097168], [31.46541976928711, -16.565650939941406], [31.452640533447266, -16.582590103149414], [31.446840286254883, -16.60515022277832], [31.43001937866211, -16.60565948486328], [31.41408920288086, -16.647329330444336], [31.414409637451172, -16.657169342041016], [31.412399291992188, -16.723920822143555], [31.426959991455078, -16.768699645996094], [31.41012954711914, -16.768760681152344], [31.403919219970703, -16.778799057006836], [31.351030349731445, -16.805469512939453], [31.28182029724121, -16.84832000732422], [31.27596092224121, -16.8664493560791], [31.272480010986328, -16.87725067138672], [31.303340911865234, -16.905399322509766], [31.326860427856445, -16.923940658569336]]]}}, {"type": "Feature", "properties": {"SNUM": 843, "FAOSOIL": "Ne46-2ab", "DOMSOI": "Ne", "PHASE1": "", "PHASE2": "", "MISCLU1": "", "MISCLU2": "", "PERMAFROST": "", "CNTCODE": 181, "CNTNAME": "ZI", "SQKM": 2640.0, "COUNTRY": "ZIMBABWE", "SOIL_CODE": "Ne", "FAO_UNIT": "Ne46-2ab", "SOIL_NAME": "Eutric Nitosols (Ne) \u2014 Productive red soils on mafic rocks", "AREA_KM2": 2640.0, "PHASE": ""}, "geometry": {"type": "Polygon", "coordinates": [[[30.05794906616211, -16.683759689331055], [30.072269439697266, -16.721939086914062], [30.104150772094727, -16.81121063232422], [30.111339569091797, -16.84600067138672], [30.116779327392578, -16.929309844970703], [30.063169479370117, -16.92414093017578], [30.066490173339844, -16.940200805664062], [30.067819595336914, -16.994489669799805], [30.054500579833984, -17.020309448242188], [29.949350357055664, -17.125059127807617], [29.93025016784668, -17.144100189208984], [29.900150299072266, -17.15753936767578], [29.89727020263672, -17.17017936706543], [29.875459671020508, -17.19062042236328], [29.837989807128906, -17.225740432739258], [29.818740844726562, -17.2550106048584], [29.818979263305664, -17.277420043945312], [29.82331085205078, -17.309579849243164], [29.83346939086914, -17.318689346313477], [29.844160079956055, -17.344379425048828], [29.84861946105957, -17.395370483398438], [29.840200424194336, -17.40947914123535], [29.838809967041016, -17.411800384521484], [29.83725929260254, -17.494789123535156], [29.783449172973633, -17.486520767211914], [29.729000091552734, -17.458539962768555], [29.718629837036133, -17.442710876464844], [29.718320846557617, -17.43330955505371], [29.69409942626953, -17.39546012878418], [29.649560928344727, -17.354629516601562], [29.612430572509766, -17.339139938354492], [29.538230895996094, -17.324750900268555], [29.53474998474121, -17.31856918334961], [29.57098960876465, -17.291940689086914], [29.600889205932617, -17.272220611572266], [29.64027976989746, -17.226659774780273], [29.649789810180664, -17.200830459594727], [29.672649383544922, -17.181320190429688], [29.672449111938477, -17.171510696411133], [29.671199798583984, -17.107379913330078], [29.660770416259766, -17.104549407958984], [29.643829345703125, -17.088899612426758], [29.636600494384766, -17.053699493408203], [29.65250015258789, -17.00555992126465], [29.672090530395508, -16.976579666137695], [29.701780319213867, -16.950130462646484], [29.715709686279297, -16.948999404907227], [29.771020889282227, -16.897390365600586], [29.787109375, -16.871320724487305], [29.79347038269043, -16.849119186401367], [29.755889892578125, -16.817399978637695], [29.755369186401367, -16.785520553588867], [29.765090942382812, -16.765920639038086], [29.814470291137695, -16.723180770874023], [29.820640563964844, -16.710430145263672], [29.820350646972656, -16.701000213623047], [29.83721923828125, -16.699190139770508], [29.89426040649414, -16.693050384521484], [29.907190322875977, -16.686389923095703], [29.97723960876465, -16.65924072265625], [30.039819717407227, -16.62955093383789], [30.05341911315918, -16.629600524902344], [30.05794906616211, -16.683759689331055]]]}}, {"type": "Feature", "properties": {"SNUM": 709, "FAOSOIL": "Lc50-1b", "DOMSOI": "Lc", "PHASE1": "", "PHASE2": "", "MISCLU1": "", "MISCLU2": "", "PERMAFROST": "", "CNTCODE": 181, "CNTNAME": "ZI", "SQKM": 929.0, "COUNTRY": "ZIMBABWE", "SOIL_CODE": "Lc", "FAO_UNIT": "Lc50-1b", "SOIL_NAME": "Chromic Luvisols (Lc) \u2014 Chrome\u2011rich clay; chrome/PGM pathfinder", "AREA_KM2": 929.0, "PHASE": ""}, "geometry": {"type": "Polygon", "coordinates": [[[32.89891052246094, -16.765520095825195], [32.887290954589844, -16.8327693939209], [32.87794876098633, -16.85848045349121], [32.87173843383789, -16.880970001220703], [32.825531005859375, -16.904319763183594], [32.77204132080078, -16.892669677734375], [32.651580810546875, -16.85733985900879], [32.63134002685547, -16.85131072998047], [32.598541259765625, -16.858610153198242], [32.58177185058594, -16.858699798583984], [32.54404067993164, -16.86090087890625], [32.49542999267578, -16.863540649414062], [32.482261657714844, -16.873779296875], [32.4552001953125, -16.836090087890625], [32.34563064575195, -16.755720138549805], [32.4186897277832, -16.741680145263672], [32.424808502197266, -16.739559173583984], [32.49848175048828, -16.714279174804688], [32.52421951293945, -16.691160202026367], [32.67451095581055, -16.662010192871094], [32.673828125, -16.664960861206055], [32.675201416015625, -16.680789947509766], [32.67893981933594, -16.69659996032715], [32.68635940551758, -16.721139907836914], [32.713951110839844, -16.72879981994629], [32.73945999145508, -16.71895980834961], [32.784698486328125, -16.7278995513916], [32.84580993652344, -16.713760375976562], [32.872291564941406, -16.728879928588867], [32.89794921875, -16.727550506591797], [32.89891052246094, -16.765520095825195]]]}}, {"type": "Feature", "properties": {"SNUM": 779, "FAOSOIL": "Lf89-1/2b", "DOMSOI": "Lf", "PHASE1": "", "PHASE2": "", "MISCLU1": "", "MISCLU2": "", "PERMAFROST": "", "CNTCODE": 181, "CNTNAME": "ZI", "SQKM": 88.0, "COUNTRY": "ZIMBABWE", "SOIL_CODE": "Lf", "FAO_UNIT": "Lf89-1/2b", "SOIL_NAME": "FAO Soil Unit: Lf89-1/2b", "AREA_KM2": 88.0, "PHASE": ""}, "geometry": {"type": "Polygon", "coordinates": [[[32.96562957763672, -16.72403907775879], [32.94805908203125, -16.752870559692383], [32.93655014038086, -16.780149459838867], [32.92618179321289, -16.80289077758789], [32.92047119140625, -16.8210506439209], [32.91244888305664, -16.843780517578125], [32.903228759765625, -16.864240646362305], [32.89284133911133, -16.886980056762695], [32.878841400146484, -16.902969360351562], [32.860050201416016, -16.914470672607422], [32.84828186035156, -16.919109344482422], [32.83531951904297, -16.923770904541016], [32.83182907104492, -16.929460525512695], [32.833831787109375, -16.940139770507812], [32.82630157470703, -16.92658042907715], [32.825531005859375, -16.904319763183594], [32.87173843383789, -16.880970001220703], [32.87794876098633, -16.85848045349121], [32.887290954589844, -16.8327693939209], [32.89891052246094, -16.765520095825195], [32.89794921875, -16.727550506591797], [32.96562957763672, -16.72403907775879]]]}}, {"type": "Feature", "properties": {"SNUM": 708, "FAOSOIL": "Lc50-1/2a", "DOMSOI": "Lc", "PHASE1": "", "PHASE2": "", "MISCLU1": "", "MISCLU2": "", "PERMAFROST": "", "CNTCODE": 181, "CNTNAME": "ZI", "SQKM": 230.0, "COUNTRY": "ZIMBABWE", "SOIL_CODE": "Lc", "FAO_UNIT": "Lc50-1/2a", "SOIL_NAME": "Chromic Luvisols (Lc) \u2014 Chrome\u2011rich clay; chrome/PGM pathfinder", "AREA_KM2": 230.0, "PHASE": ""}, "geometry": {"type": "Polygon", "coordinates": [[[28.447040557861328, -16.95302963256836], [28.467079162597656, -16.900310516357422], [28.464519500732422, -16.8717098236084], [28.44886016845703, -16.85116958618164], [28.44761085510254, -16.840869903564453], [28.467859268188477, -16.82706069946289], [28.4832706451416, -16.800670623779297], [28.510639190673828, -16.803030014038086], [28.510589599609375, -16.79503059387207], [28.52720069885254, -16.77552032470703], [28.551069259643555, -16.773120880126953], [28.57369041442871, -16.760419845581055], [28.586889266967773, -16.76951026916504], [28.60865020751953, -16.755460739135742], [28.594369888305664, -16.796649932861328], [28.562599182128906, -16.883960723876953], [28.556690216064453, -16.922840118408203], [28.516740798950195, -16.955890655517578], [28.493349075317383, -16.959190368652344], [28.456710815429688, -16.979089736938477], [28.442230224609375, -16.98253059387207], [28.447040557861328, -16.95302963256836]]]}}, {"type": "Feature", "properties": {"SNUM": 766, "FAOSOIL": "Lf81-1a", "DOMSOI": "Lf", "PHASE1": "", "PHASE2": "", "MISCLU1": "", "MISCLU2": "", "PERMAFROST": "", "CNTCODE": 181, "CNTNAME": "ZI", "SQKM": 8524.0, "COUNTRY": "ZIMBABWE", "SOIL_CODE": "Lf", "FAO_UNIT": "Lf81-1a", "SOIL_NAME": "FAO Soil Unit: Lf81-1a", "AREA_KM2": 8524.0, "PHASE": ""}, "geometry": {"type": "Polygon", "coordinates": [[[31.862689971923828, -17.148120880126953], [31.849369049072266, -17.154800415039062], [31.822519302368164, -17.14897918701172], [31.732519149780273, -17.154560089111328], [31.519319534301758, -17.178430557250977], [31.506000518798828, -17.17215919494629], [31.502859115600586, -17.175390243530273], [31.498920440673828, -17.156770706176758], [31.437070846557617, -17.06492042541504], [31.43221092224121, -17.059879302978516], [31.416200637817383, -17.04323959350586], [31.422340393066406, -17.01757049560547], [31.378829956054688, -16.99666976928711], [31.340900421142578, -16.95261001586914], [31.326860427856445, -16.923940658569336], [31.303340911865234, -16.905399322509766], [31.327869415283203, -16.88702964782715], [31.34259033203125, -16.87601089477539], [31.412769317626953, -16.877450942993164], [31.431659698486328, -16.825849533081055], [31.447650909423828, -16.80030059814453], [31.454130172729492, -16.783979415893555], [31.490779876708984, -16.789579391479492], [31.715099334716797, -16.82670021057129], [31.721839904785156, -16.83275032043457], [31.8885498046875, -16.83247947692871], [31.940250396728516, -16.832599639892578], [32.10514831542969, -16.824569702148438], [32.10478973388672, -16.827709197998047], [32.09901809692383, -16.8631591796875], [32.08298873901367, -16.885549545288086], [32.071441650390625, -16.917089462280273], [32.06462097167969, -16.91353988647461], [32.04433822631836, -16.9278507232666], [32.04106140136719, -16.940900802612305], [32.042728424072266, -17.00160026550293], [32.1455192565918, -17.00834083557129], [32.14236831665039, -17.01156997680664], [32.19565963745117, -17.013809204101562], [32.23823165893555, -17.02313995361328], [32.326438903808594, -17.042470932006836], [32.33354187011719, -17.058269500732422], [32.353580474853516, -17.07052993774414], [32.38444137573242, -17.09803009033203], [32.402740478515625, -17.114749908447266], [32.422088623046875, -17.132429122924805], [32.42578887939453, -17.144779205322266], [32.49721908569336, -17.21678924560547], [32.49747085571289, -17.223459243774414], [32.48786926269531, -17.23586082458496], [32.45647048950195, -17.297060012817383], [32.46332931518555, -17.306190490722656], [32.49024963378906, -17.328020095825195], [32.584190368652344, -17.364259719848633], [32.69478988647461, -17.38054084777832], [32.69303894042969, -17.447349548339844], [32.69533920288086, -17.54521942138672], [32.72153091430664, -17.53498077392578], [32.77043914794922, -17.486560821533203], [32.818519592285156, -17.39995002746582], [32.84762954711914, -17.367380142211914], [32.88011169433594, -17.350709915161133], [32.903499603271484, -17.353029251098633], [32.9273796081543, -17.368690490722656], [32.9344482421875, -17.38401985168457], [32.93178939819336, -17.413040161132812], [32.91584014892578, -17.435380935668945], [32.91688919067383, -17.476730346679688], [32.92026138305664, -17.4797306060791], [32.95355987548828, -17.485279083251953], [32.997459411621094, -17.485750198364258], [32.98537063598633, -17.517040252685547], [32.99966812133789, -17.56572914123535], [33.03266906738281, -17.59623908996582], [33.05141067504883, -17.624940872192383], [33.048641204833984, -17.647550582885742], [33.034061431884766, -17.69601058959961], [33.03112030029297, -17.69576072692871], [33.02846145629883, -17.71463966369629], [33.02492141723633, -17.727439880371094], [33.020809173583984, -17.808740615844727], [33.008419036865234, -17.81999969482422], [32.98598098754883, -17.817039489746094], [32.97562026977539, -17.86134910583496], [32.974151611328125, -17.885290145874023], [32.973819732666016, -17.890480041503906], [32.95227813720703, -17.91946029663086], [32.902408599853516, -17.9207706451416], [32.886539459228516, -17.83517074584961], [32.87228012084961, -17.804140090942383], [32.85511016845703, -17.782100677490234], [32.857181549072266, -17.763370513916016], [32.80826950073242, -17.764650344848633], [32.775699615478516, -17.803539276123047], [32.75674819946289, -17.832189559936523], [32.75086975097656, -17.86125946044922], [32.724300384521484, -17.86174964904785], [32.6882209777832, -17.881669998168945], [32.68547058105469, -17.907079696655273], [32.6790885925293, -17.923290252685547], [32.666561126708984, -17.923500061035156], [32.65578842163086, -17.923669815063477], [32.62403106689453, -17.894489288330078], [32.56789016723633, -17.913299560546875], [32.48426055908203, -17.956640243530273], [32.41511917114258, -18.011980056762695], [32.37422180175781, -18.034189224243164], [32.36317825317383, -17.9854793548584], [32.35322189331055, -17.97226905822754], [32.3548583984375, -17.886409759521484], [32.36846160888672, -17.88953971862793], [32.37379837036133, -17.84532928466797], [32.39313888549805, -17.81308937072754], [32.43183135986328, -17.773950576782227], [32.431339263916016, -17.748180389404297], [32.42131042480469, -17.742290496826172], [32.39445877075195, -17.736549377441406], [32.351200103759766, -17.756000518798828], [32.308021545410156, -17.77659034729004], [32.26292037963867, -17.809680938720703], [32.24993133544922, -17.84511947631836], [32.227020263671875, -17.842369079589844], [32.21638870239258, -17.820499420166016], [32.21797180175781, -17.750619888305664], [32.23271942138672, -17.68341064453125], [32.251590728759766, -17.63871955871582], [32.257991790771484, -17.63538932800293], [32.26681900024414, -17.58439064025879], [32.265010833740234, -17.523969650268555], [32.25511169433594, -17.511810302734375], [32.25429916381836, -17.48703956604004], [32.176761627197266, -17.471399307250977], [32.164939880371094, -17.43783950805664], [32.139591217041016, -17.423940658569336], [32.12154006958008, -17.38153076171875], [32.096858978271484, -17.21489906311035], [32.08877944946289, -17.186880111694336], [32.07289123535156, -17.172679901123047], [32.06964874267578, -17.169479370117188], [31.982919692993164, -17.16476058959961], [31.978229522705078, -17.097980499267578], [31.97123908996582, -17.08526039123535], [31.94135093688965, -17.085790634155273], [31.941099166870117, -17.092039108276367], [31.915380477905273, -17.131250381469727], [31.899120330810547, -17.147390365600586], [31.862689971923828, -17.148120880126953]]]}}, {"type": "Feature", "properties": {"SNUM": 708, "FAOSOIL": "Lc50-1/2a", "DOMSOI": "Lc", "PHASE1": "", "PHASE2": "", "MISCLU1": "", "MISCLU2": "", "PERMAFROST": "", "CNTCODE": 181, "CNTNAME": "ZI", "SQKM": 3433.0, "COUNTRY": "ZIMBABWE", "SOIL_CODE": "Lc", "FAO_UNIT": "Lc50-1/2a", "SOIL_NAME": "Chromic Luvisols (Lc) \u2014 Chrome\u2011rich clay; chrome/PGM pathfinder", "AREA_KM2": 3433.0, "PHASE": ""}, "geometry": {"type": "Polygon", "coordinates": [[[28.35395050048828, -17.06110954284668], [28.347570419311523, -17.08378028869629], [28.368200302124023, -17.096250534057617], [28.426130294799805, -17.12704086303711], [28.456470489501953, -17.132959365844727], [28.52362060546875, -17.135499954223633], [28.536500930786133, -17.125699996948242], [28.613819122314453, -17.114530563354492], [28.728370666503906, -17.134660720825195], [28.728450775146484, -17.137800216674805], [28.755779266357422, -17.15365982055664], [28.76943016052246, -17.169450759887695], [28.773799896240234, -17.204370498657227], [28.77389907836914, -17.20751953125], [28.720680236816406, -17.237329483032227], [28.734750747680664, -17.26613998413086], [28.73567008972168, -17.327220916748047], [28.708860397338867, -17.327529907226562], [28.56863021850586, -17.375080108642578], [28.47857093811035, -17.399080276489258], [28.468120574951172, -17.39621925354004], [28.420150756835938, -17.352109909057617], [28.38302993774414, -17.34008026123047], [28.356569290161133, -17.353410720825195], [28.326929092407227, -17.386159896850586], [28.300949096679688, -17.43140983581543], [28.26365089416504, -17.42884063720703], [28.200069427490234, -17.445880889892578], [28.143089294433594, -17.44700050354004], [28.11216926574707, -17.42176055908203], [28.091650009155273, -17.412879943847656], [28.0712890625, -17.409849166870117], [27.958099365234375, -17.45383071899414], [27.94046974182129, -17.431339263916016], [27.943309783935547, -17.383079528808594], [27.958959579467773, -17.3376407623291], [27.95162010192871, -17.295970916748047], [27.9448299407959, -17.28985023498535], [27.94455909729004, -17.280399322509766], [27.92391014099121, -17.267900466918945], [27.89657974243164, -17.236209869384766], [27.883089065551758, -17.226669311523438], [27.81513023376465, -17.174739837646484], [27.85000991821289, -17.18044090270996], [27.854780197143555, -17.17584991455078], [27.84387969970703, -17.158750534057617], [27.842580795288086, -17.139310836791992], [27.85449981689453, -17.13011932373047], [27.892810821533203, -17.124229431152344], [27.929729461669922, -17.08746910095215], [27.989540100097656, -17.072330474853516], [28.022829055786133, -17.085140228271484], [28.020540237426758, -17.100000381469727], [28.000410079956055, -17.132080078125], [28.00164031982422, -17.138919830322266], [28.02560043334961, -17.141090393066406], [28.037630081176758, -17.15015983581543], [28.062789916992188, -17.15345001220703], [28.097620010375977, -17.171539306640625], [28.107189178466797, -17.170339584350586], [28.113059997558594, -17.153179168701172], [28.09977912902832, -17.136119842529297], [28.092430114746094, -17.11103057861328], [28.055299758911133, -17.106660842895508], [28.061119079589844, -17.082639694213867], [28.08138084411621, -17.06998062133789], [28.08966064453125, -17.05621910095215], [28.095439910888672, -17.025360107421875], [28.110919952392578, -17.01384925842285], [28.112409591674805, -16.999109268188477], [28.107589721679688, -16.994550704956055], [28.076520919799805, -17.001550674438477], [28.062129974365234, -16.992460250854492], [28.089399337768555, -16.97323989868164], [28.109649658203125, -16.936180114746094], [28.126310348510742, -16.92123031616211], [28.12626075744629, -16.912080764770508], [28.107059478759766, -16.90070915222168], [28.102209091186523, -16.88928985595703], [28.12476921081543, -16.859439849853516], [28.136720657348633, -16.85708999633789], [28.1439208984375, -16.861650466918945], [28.151269912719727, -16.89137077331543], [28.183589935302734, -16.89695930480957], [28.202789306640625, -16.907169342041016], [28.21363067626953, -16.920860290527344], [28.224390029907227, -16.92081069946289], [28.2291202545166, -16.910490036010742], [28.217029571533203, -16.887649536132812], [28.23358917236328, -16.855539321899414], [28.286130905151367, -16.839290618896484], [28.30168914794922, -16.841510772705078], [28.317140579223633, -16.82427978515625], [28.339820861816406, -16.815019607543945], [28.345809936523438, -16.818580627441406], [28.34942054748535, -16.820709228515625], [28.347169876098633, -16.845890045166016], [28.355640411376953, -16.863019943237305], [28.380779266357422, -16.867490768432617], [28.410860061645508, -16.900550842285156], [28.42534065246582, -16.90233039855957], [28.42881965637207, -16.90275001525879], [28.44322967529297, -16.911849975585938], [28.42591094970703, -16.93528938293457], [28.42633056640625, -16.959989547729492], [28.410049438476562, -16.968069076538086], [28.391050338745117, -16.99332046508789], [28.386329650878906, -17.004789352416992], [28.389970779418945, -17.01279067993164], [28.400779724121094, -17.015920639038086], [28.35395050048828, -17.06110954284668]], [[28.279909133911133, -17.216529846191406], [28.312759399414062, -17.180540084838867], [28.315670013427734, -17.167869567871094], [28.304719924926758, -17.1164493560791], [28.217409133911133, -17.127840042114258], [28.169649124145508, -17.106229782104492], [28.1427001953125, -17.103370666503906], [28.140180587768555, -17.129079818725586], [28.139999389648438, -17.13896942138672], [28.174970626831055, -17.205480575561523], [28.202590942382812, -17.23080062866211], [28.232919692993164, -17.236719131469727], [28.266460418701172, -17.239389419555664], [28.279909133911133, -17.216529846191406]]]}}, {"type": "Feature", "properties": {"SNUM": 767, "FAOSOIL": "Lf81-2a", "DOMSOI": "Lf", "PHASE1": "", "PHASE2": "", "MISCLU1": "", "MISCLU2": "", "PERMAFROST": "", "CNTCODE": 181, "CNTNAME": "ZI", "SQKM": 7814.0, "COUNTRY": "ZIMBABWE", "SOIL_CODE": "Lf", "FAO_UNIT": "Lf81-2a", "SOIL_NAME": "FAO Soil Unit: Lf81-2a", "AREA_KM2": 7814.0, "PHASE": ""}, "geometry": {"type": "Polygon", "coordinates": [[[30.869449615478516, -16.93320083618164], [30.88928985595703, -16.929929733276367], [30.972179412841797, -16.886680603027344], [31.025020599365234, -16.86016082763672], [31.065210342407227, -16.8593807220459], [31.08588981628418, -16.890989303588867], [31.086170196533203, -16.906509399414062], [31.08707046508789, -16.954959869384766], [31.137100219726562, -16.94091033935547], [31.157180786132812, -16.940290451049805], [31.164819717407227, -17.013669967651367], [31.18568992614746, -17.035350799560547], [31.189050674438477, -17.05133056640625], [31.226850509643555, -17.089000701904297], [31.26759910583496, -17.103790283203125], [31.297300338745117, -17.096590042114258], [31.303159713745117, -17.198720932006836], [31.223390579223633, -17.21957015991211], [31.146709442138672, -17.22154998779297], [31.070419311523438, -17.2485408782959], [30.98781967163086, -17.291549682617188], [30.984880447387695, -17.30147933959961], [30.96472930908203, -17.30164909362793], [30.942079544067383, -17.32472038269043], [30.9112606048584, -17.29973030090332], [30.891010284423828, -17.29677963256836], [30.85116958618164, -17.31053924560547], [30.814929962158203, -17.333589553833008], [30.789470672607422, -17.39834976196289], [30.7874698638916, -17.436439514160156], [30.78120994567871, -17.4589900970459], [30.774839401245117, -17.478429794311523], [30.75830078125, -17.488330841064453], [30.751699447631836, -17.51055908203125], [30.646169662475586, -17.5769100189209], [30.61651039123535, -17.586790084838867], [30.618669509887695, -17.560060501098633], [30.621410369873047, -17.52635955810547], [30.617900848388672, -17.5197696685791], [30.628469467163086, -17.51034927368164], [30.64900016784668, -17.40135955810547], [30.67365074157715, -17.298599243164062], [30.695419311523438, -17.2214298248291], [30.74220085144043, -17.07996940612793], [30.783689498901367, -16.980140686035156], [30.786340713500977, -16.960790634155273], [30.732900619506836, -16.958799362182617], [30.71953010559082, -16.965469360351562], [30.70330047607422, -16.984779357910156], [30.688480377197266, -17.071340560913086], [30.68931007385254, -17.109790802001953], [30.67691993713379, -17.14505958557129], [30.67053985595703, -17.164499282836914], [30.609439849853516, -17.284040451049805], [30.603849411010742, -17.31283950805664], [30.5970401763916, -17.31930923461914], [30.57826042175293, -17.3740291595459], [30.562559127807617, -17.422380447387695], [30.553329467773438, -17.45442008972168], [30.547100067138672, -17.46401023864746], [30.541210174560547, -17.496429443359375], [30.53792953491211, -17.496530532836914], [30.53120994567871, -17.506139755249023], [30.521459579467773, -17.53805923461914], [30.502870559692383, -17.595809936523438], [30.475830078125, -17.71417999267578], [30.47010040283203, -17.752349853515625], [30.46088981628418, -17.78483009338379], [30.4554500579834, -17.84535026550293], [30.452280044555664, -17.84857940673828], [30.449569702148438, -17.86054039001465], [30.421709060668945, -17.98362922668457], [30.411739349365234, -18.05293083190918], [30.407649993896484, -18.082199096679688], [30.4018497467041, -18.13011932373047], [30.38698959350586, -18.20064926147461], [30.37734031677246, -18.21969985961914], [30.36408042907715, -18.217010498046875], [30.32642936706543, -18.189239501953125], [30.319290161132812, -18.173410415649414], [30.268470764160156, -18.158559799194336], [30.24510955810547, -18.162439346313477], [30.221059799194336, -18.147159576416016], [30.18998908996582, -18.106239318847656], [30.186250686645508, -18.093420028686523], [30.176050186157227, -18.08439064025879], [30.175809860229492, -18.077709197998047], [30.162220001220703, -18.065650939941406], [30.161869049072266, -18.05586051940918], [30.144630432128906, -18.034109115600586], [30.134069442749023, -18.027759552001953], [30.104249954223633, -18.03498077392578], [30.098249435424805, -18.063730239868164], [30.100849151611328, -18.16267967224121], [30.09062957763672, -18.16613006591797], [30.05760955810547, -18.189069747924805], [29.999059677124023, -18.253599166870117], [29.946239471435547, -18.290119171142578], [29.926010131835938, -18.29030990600586], [29.926259994506836, -18.28404998779297], [29.915590286254883, -18.275009155273438], [29.90846061706543, -18.259159088134766], [29.91111946105957, -18.21441078186035], [29.953079223632812, -18.149660110473633], [29.968900680541992, -18.117450714111328], [29.97471046447754, -18.081979751586914], [29.96068000793457, -18.044010162353516], [29.950040817260742, -18.02202033996582], [29.949840545654297, -18.013200759887695], [29.91967010498047, -18.010549545288086], [29.869619369506836, -18.036640167236328], [29.846229553222656, -18.040510177612305], [29.828359603881836, -17.993209838867188], [29.82478904724121, -17.97093963623047], [29.834270477294922, -17.94515037536621], [29.899240493774414, -17.86393928527832], [29.93807029724121, -17.802339553833008], [29.951690673828125, -17.80191993713379], [29.954160690307617, -17.7637996673584], [30.01927947998047, -17.695459365844727], [30.022239685058594, -17.68597984313965], [30.035179138183594, -17.666349411010742], [30.03466033935547, -17.637760162353516], [30.04388999938965, -17.605730056762695], [30.069360733032227, -17.5410099029541], [30.093900680541992, -17.517440795898438], [30.146089553833008, -17.507509231567383], [30.15937042236328, -17.497699737548828], [30.165929794311523, -17.497499465942383], [30.172119140625, -17.47178077697754], [30.21150016784668, -17.44236946105957], [30.30129051208496, -17.405160903930664], [30.39389991760254, -17.36832046508789], [30.40073013305664, -17.36185073852539], [30.413890838623047, -17.34844970703125], [30.399089813232422, -17.297849655151367], [30.436399459838867, -17.29697036743164], [30.529680252075195, -17.29500961303711], [30.52652931213379, -17.298690795898438], [30.569839477539062, -17.291080474853516], [30.570730209350586, -17.192190170288086], [30.546499252319336, -17.154470443725586], [30.505510330200195, -17.11996078491211], [30.505300521850586, -17.11370086669922], [30.48543930053711, -17.11338996887207], [30.38559913635254, -17.14463996887207], [30.384790420532227, -17.10614013671875], [30.39109992980957, -17.083560943603516], [30.390459060668945, -17.064319610595703], [30.44074058532715, -17.04800033569336], [30.463369369506836, -17.027620315551758], [30.520170211791992, -17.011329650878906], [30.543190002441406, -16.99810028076172], [30.546560287475586, -16.988100051879883], [30.57935905456543, -16.974580764770508], [30.611980438232422, -16.92609977722168], [30.627899169921875, -16.896940231323242], [30.684009552001953, -16.850900650024414], [30.683799743652344, -16.844629287719727], [30.693519592285156, -16.84119987487793], [30.720300674438477, -16.843990325927734], [30.753990173339844, -16.84299087524414], [30.80072021484375, -16.855030059814453], [30.801700592041016, -16.899829864501953], [30.812440872192383, -16.928190231323242], [30.845979690551758, -16.937049865722656], [30.869449615478516, -16.93320083618164]], [[31.007850646972656, -17.157590866088867], [31.014650344848633, -17.15113067626953], [31.02120018005371, -17.150920867919922], [31.027450561523438, -17.128379821777344], [31.01696014404297, -17.109500885009766], [31.019269943237305, -17.067869186401367], [31.01828956604004, -17.03931999206543], [30.985410690307617, -17.03931999206543], [30.905860900878906, -17.06998062133789], [30.910490036010742, -17.123960494995117], [30.937389373779297, -17.12982940673828], [30.961339950561523, -17.145200729370117], [30.96489906311035, -17.167449951171875], [31.007850646972656, -17.157590866088867]]]}}, {"type": "Feature", "properties": {"SNUM": 779, "FAOSOIL": "Lf89-1/2b", "DOMSOI": "Lf", "PHASE1": "", "PHASE2": "", "MISCLU1": "", "MISCLU2": "", "PERMAFROST": "", "CNTCODE": 181, "CNTNAME": "ZI", "SQKM": 193.0, "COUNTRY": "ZIMBABWE", "SOIL_CODE": "Lf", "FAO_UNIT": "Lf89-1/2b", "SOIL_NAME": "FAO Soil Unit: Lf89-1/2b", "AREA_KM2": 193.0, "PHASE": ""}, "geometry": {"type": "Polygon", "coordinates": [[[32.944461822509766, -17.263099670410156], [32.93387985229492, -17.2412109375], [32.892791748046875, -17.188310623168945], [32.873958587646484, -17.134479522705078], [32.85633850097656, -17.08407974243164], [32.85261154174805, -17.058839797973633], [32.84165954589844, -17.027170181274414], [32.841548919677734, -17.024059295654297], [32.84434127807617, -16.998600006103516], [32.85057067871094, -16.97624969482422], [32.84067153930664, -16.964460372924805], [32.83631896972656, -16.945709228515625], [32.85239028930664, -16.967750549316406], [32.886878967285156, -17.00872039794922], [32.91223907470703, -17.046850204467773], [32.92924118041992, -17.079429626464844], [32.94384002685547, -17.109769821166992], [32.95254135131836, -17.14130973815918], [32.95539093017578, -17.17742919921875], [32.95832824707031, -17.22032928466797], [32.96284866333008, -17.278329849243164], [32.944461822509766, -17.263099670410156]]]}}, {"type": "Feature", "properties": {"SNUM": 642, "FAOSOIL": "I-Bc-V", "DOMSOI": "I", "PHASE1": "", "PHASE2": "", "MISCLU1": "", "MISCLU2": "", "PERMAFROST": "", "CNTCODE": 181, "CNTNAME": "ZI", "SQKM": 425.0, "COUNTRY": "ZIMBABWE", "SOIL_CODE": "I", "FAO_UNIT": "I-Bc-V", "SOIL_NAME": "Lithosols (I) \u2014 Shallow rocky soils; basement outcrop indicator", "AREA_KM2": 425.0, "PHASE": ""}, "geometry": {"type": "Polygon", "coordinates": [[[30.567930221557617, -17.495620727539062], [30.541210174560547, -17.496429443359375], [30.547100067138672, -17.46401023864746], [30.553329467773438, -17.45442008972168], [30.562559127807617, -17.422380447387695], [30.57826042175293, -17.3740291595459], [30.5970401763916, -17.31930923461914], [30.603849411010742, -17.31283950805664], [30.609439849853516, -17.284040451049805], [30.67053985595703, -17.164499282836914], [30.67691993713379, -17.14505958557129], [30.68931007385254, -17.109790802001953], [30.688480377197266, -17.071340560913086], [30.70330047607422, -16.984779357910156], [30.71953010559082, -16.965469360351562], [30.732900619506836, -16.958799362182617], [30.786340713500977, -16.960790634155273], [30.783689498901367, -16.980140686035156], [30.74220085144043, -17.07996940612793], [30.695419311523438, -17.2214298248291], [30.67365074157715, -17.298599243164062], [30.64900016784668, -17.40135955810547], [30.628469467163086, -17.51034927368164], [30.617900848388672, -17.5197696685791], [30.567930221557617, -17.495620727539062]]]}}, {"type": "Feature", "properties": {"SNUM": 576, "FAOSOIL": "Fr3-2a", "DOMSOI": "Fr", "PHASE1": "", "PHASE2": "", "MISCLU1": "", "MISCLU2": "", "PERMAFROST": "", "CNTCODE": 181, "CNTNAME": "ZI", "SQKM": 128.0, "COUNTRY": "ZIMBABWE", "SOIL_CODE": "Fr", "FAO_UNIT": "Fr3-2a", "SOIL_NAME": "FAO Soil Unit: Fr3-2a", "AREA_KM2": 128.0, "PHASE": ""}, "geometry": {"type": "Polygon", "coordinates": [[[30.961339950561523, -17.145200729370117], [30.937389373779297, -17.12982940673828], [30.910490036010742, -17.123960494995117], [30.905860900878906, -17.06998062133789], [30.985410690307617, -17.03931999206543], [31.01828956604004, -17.03931999206543], [31.019269943237305, -17.067869186401367], [31.01696014404297, -17.109500885009766], [31.027450561523438, -17.128379821777344], [31.02120018005371, -17.150920867919922], [31.014650344848633, -17.15113067626953], [31.007850646972656, -17.157590866088867], [30.96489906311035, -17.167449951171875], [30.961339950561523, -17.145200729370117]]]}}, {"type": "Feature", "properties": {"SNUM": 642, "FAOSOIL": "I-Bc-V", "DOMSOI": "I", "PHASE1": "", "PHASE2": "", "MISCLU1": "", "MISCLU2": "", "PERMAFROST": "", "CNTCODE": 181, "CNTNAME": "ZI", "SQKM": 153.0, "COUNTRY": "ZIMBABWE", "SOIL_CODE": "I", "FAO_UNIT": "I-Bc-V", "SOIL_NAME": "Lithosols (I) \u2014 Shallow rocky soils; basement outcrop indicator", "AREA_KM2": 153.0, "PHASE": ""}, "geometry": {"type": "Polygon", "coordinates": [[[31.984800338745117, -17.23162078857422], [31.97542953491211, -17.257360458374023], [31.945859909057617, -17.267240524291992], [31.908309936523438, -17.249269485473633], [31.894439697265625, -17.226970672607422], [31.89311981201172, -17.17613983154297], [31.899120330810547, -17.147390365600586], [31.915380477905273, -17.131250381469727], [31.941099166870117, -17.092039108276367], [31.94135093688965, -17.085790634155273], [31.97123908996582, -17.08526039123535], [31.978229522705078, -17.097980499267578], [31.982919692993164, -17.16476058959961], [31.984800338745117, -17.23162078857422]]]}}, {"type": "Feature", "properties": {"SNUM": 642, "FAOSOIL": "I-Bc-V", "DOMSOI": "I", "PHASE1": "", "PHASE2": "", "MISCLU1": "", "MISCLU2": "", "PERMAFROST": "", "CNTCODE": 181, "CNTNAME": "ZI", "SQKM": 192.0, "COUNTRY": "ZIMBABWE", "SOIL_CODE": "I", "FAO_UNIT": "I-Bc-V", "SOIL_NAME": "Lithosols (I) \u2014 Shallow rocky soils; basement outcrop indicator", "AREA_KM2": 192.0, "PHASE": ""}, "geometry": {"type": "Polygon", "coordinates": [[[28.232919692993164, -17.236719131469727], [28.202590942382812, -17.23080062866211], [28.174970626831055, -17.205480575561523], [28.139999389648438, -17.13896942138672], [28.140180587768555, -17.129079818725586], [28.1427001953125, -17.103370666503906], [28.169649124145508, -17.106229782104492], [28.217409133911133, -17.127840042114258], [28.304719924926758, -17.1164493560791], [28.315670013427734, -17.167869567871094], [28.312759399414062, -17.180540084838867], [28.279909133911133, -17.216529846191406], [28.266460418701172, -17.239389419555664], [28.232919692993164, -17.236719131469727]]]}}, {"type": "Feature", "properties": {"SNUM": 733, "FAOSOIL": "Lf10-1a", "DOMSOI": "Lf", "PHASE1": "", "PHASE2": "", "MISCLU1": "", "MISCLU2": "", "PERMAFROST": "", "CNTCODE": 181, "CNTNAME": "ZI", "SQKM": 20665.0, "COUNTRY": "ZIMBABWE", "SOIL_CODE": "Lf", "FAO_UNIT": "Lf10-1a", "SOIL_NAME": "FAO Soil Unit: Lf10-1a", "AREA_KM2": 20665.0, "PHASE": ""}, "geometry": {"type": "Polygon", "coordinates": [[[31.89311981201172, -17.17613983154297], [31.894439697265625, -17.226970672607422], [31.908309936523438, -17.249269485473633], [31.945859909057617, -17.267240524291992], [31.97542953491211, -17.257360458374023], [31.984800338745117, -17.23162078857422], [31.982919692993164, -17.16476058959961], [32.06964874267578, -17.169479370117188], [32.07289123535156, -17.172679901123047], [32.08877944946289, -17.186880111694336], [32.096858978271484, -17.21489906311035], [32.12154006958008, -17.38153076171875], [32.139591217041016, -17.423940658569336], [32.164939880371094, -17.43783950805664], [32.176761627197266, -17.471399307250977], [32.25429916381836, -17.48703956604004], [32.25511169433594, -17.511810302734375], [32.265010833740234, -17.523969650268555], [32.26681900024414, -17.58439064025879], [32.257991790771484, -17.63538932800293], [32.251590728759766, -17.63871955871582], [32.23271942138672, -17.68341064453125], [32.21797180175781, -17.750619888305664], [32.21638870239258, -17.820499420166016], [32.227020263671875, -17.842369079589844], [32.24993133544922, -17.84511947631836], [32.26292037963867, -17.809680938720703], [32.308021545410156, -17.77659034729004], [32.351200103759766, -17.756000518798828], [32.39445877075195, -17.736549377441406], [32.42131042480469, -17.742290496826172], [32.431339263916016, -17.748180389404297], [32.43183135986328, -17.773950576782227], [32.39313888549805, -17.81308937072754], [32.37379837036133, -17.84532928466797], [32.36846160888672, -17.88953971862793], [32.3548583984375, -17.886409759521484], [32.35322189331055, -17.97226905822754], [32.36317825317383, -17.9854793548584], [32.37422180175781, -18.034189224243164], [32.41511917114258, -18.011980056762695], [32.48426055908203, -17.956640243530273], [32.56789016723633, -17.913299560546875], [32.62403106689453, -17.894489288330078], [32.65578842163086, -17.923669815063477], [32.666561126708984, -17.923500061035156], [32.6790885925293, -17.923290252685547], [32.68547058105469, -17.907079696655273], [32.6882209777832, -17.881669998168945], [32.724300384521484, -17.86174964904785], [32.75086975097656, -17.86125946044922], [32.771141052246094, -17.866769790649414], [32.77915954589844, -17.91754913330078], [32.792808532714844, -17.933059692382812], [32.81019973754883, -17.96087074279785], [32.800689697265625, -17.980300903320312], [32.758628845214844, -18.03506088256836], [32.75979995727539, -18.0757999420166], [32.770320892333984, -18.082059860229492], [32.82027053833008, -18.09354019165039], [32.83454895019531, -18.112070083618164], [32.84315872192383, -18.175140380859375], [32.83707809448242, -18.20993995666504], [32.82371139526367, -18.22907066345215], [32.821189880371094, -18.23267936706543], [32.784629821777344, -18.23826026916504], [32.771541595458984, -18.240259170532227], [32.73704147338867, -18.206499099731445], [32.73677062988281, -18.199859619140625], [32.7064208984375, -18.188119888305664], [32.69810104370117, -18.181699752807617], [32.68281173706055, -18.169919967651367], [32.625999450683594, -18.161800384521484], [32.626121520996094, -18.164899826049805], [32.61940002441406, -18.171789169311523], [32.56803894042969, -18.229949951171875], [32.56782150268555, -18.236169815063477], [32.564510345458984, -18.244569778442383], [32.552581787109375, -18.274839401245117], [32.51007843017578, -18.29810905456543], [32.510108947753906, -18.31052017211914], [32.49137878417969, -18.352209091186523], [32.49258041381836, -18.389009475708008], [32.49365997314453, -18.42181968688965], [32.5116081237793, -18.475360870361328], [32.52606964111328, -18.49700927734375], [32.52595901489258, -18.506330490112305], [32.56052017211914, -18.56553077697754], [32.56550979614258, -18.571510314941406], [32.619571685791016, -18.636289596557617], [32.6396484375, -18.63595962524414], [32.6419792175293, -18.648239135742188], [32.64326858520508, -18.65498924255371], [32.64188003540039, -18.65723991394043], [32.65803146362305, -18.695430755615234], [32.66529083251953, -18.701339721679688], [32.672279357910156, -18.72319984436035], [32.666290283203125, -18.73625946044922], [32.64244842529297, -18.74527931213379], [32.62995147705078, -18.750019073486328], [32.6290397644043, -18.76190948486328], [32.62752914428711, -18.781509399414062], [32.6214599609375, -18.80385971069336], [32.60258102416992, -18.832889556884766], [32.57263946533203, -18.843320846557617], [32.57278060913086, -18.846399307250977], [32.570350646972656, -18.877910614013672], [32.5638313293457, -18.878150939941406], [32.52146911621094, -18.904529571533203], [32.482479095458984, -18.943510055541992], [32.47010040283203, -18.972320556640625], [32.46382141113281, -18.978759765625], [32.38682174682617, -18.98426055908203], [32.3857307434082, -18.946210861206055], [32.27579879760742, -18.95870018005371], [32.16299057006836, -18.98103904724121], [32.125770568847656, -18.986440658569336], [32.053279876708984, -18.99666976928711], [32.006839752197266, -19.007219314575195], [31.877239227294922, -19.051210403442383], [31.85287094116211, -19.05327033996582], [31.820680618286133, -19.05599021911621], [31.814180374145508, -19.06907081604004], [31.78813934326172, -19.085540771484375], [31.784910202026367, -19.09804916381836], [31.755640029907227, -19.12748908996582], [31.733200073242188, -19.16284942626953], [31.708080291748047, -19.15365982055664], [31.672250747680664, -19.181909561157227], [31.643749237060547, -19.21441078186035], [31.61651039123535, -19.249099731445312], [31.578399658203125, -19.279680252075195], [31.55430030822754, -19.303030014038086], [31.538040161132812, -19.344079971313477], [31.505149841308594, -19.3518009185791], [31.451929092407227, -19.36376953125], [31.409170150756836, -19.368629455566406], [31.37342071533203, -19.363719940185547], [31.307199478149414, -19.354629516601562], [31.303279876708984, -19.33926010131836], [31.2296199798584, -19.3410701751709], [31.219640731811523, -19.338329315185547], [31.221630096435547, -19.306350708007812], [31.22827911376953, -19.29680061340332], [31.247379302978516, -19.258420944213867], [31.289600372314453, -19.222299575805664], [31.30950927734375, -19.215370178222656], [31.3764591217041, -19.21026039123535], [31.386280059814453, -19.197490692138672], [31.37063980102539, -19.124929428100586], [31.36642074584961, -19.09050941467285], [31.352680206298828, -19.08746910095215], [31.30562973022461, -19.085649490356445], [31.183490753173828, -19.068679809570312], [31.1743106842041, -19.067399978637695], [31.153810501098633, -19.04865074157715], [31.1627197265625, -19.013750076293945], [31.19441032409668, -19.00263023376465], [31.20969009399414, -18.99696922302246], [31.232070922851562, -18.96446990966797], [31.261930465698242, -18.947860717773438], [31.33186912536621, -18.93651008605957], [31.309940338134766, -18.879989624023438], [31.309669494628906, -18.86090087890625], [31.359699249267578, -18.856470108032227], [31.366130828857422, -18.853130340576172], [31.36397933959961, -18.774150848388672], [31.37359046936035, -18.749919891357422], [31.37936019897461, -18.735410690307617], [31.388660430908203, -18.697330474853516], [31.381839752197266, -18.69091033935547], [31.3776798248291, -18.66884994506836], [31.36747932434082, -18.659879684448242], [31.36520004272461, -18.58979034423828], [31.363929748535156, -18.532989501953125], [31.356769561767578, -18.53013038635254], [31.342920303344727, -18.492860794067383], [31.344989776611328, -18.44828987121582], [31.367090225219727, -18.399919509887695], [31.36260986328125, -18.35556983947754], [31.35778045654297, -18.345670700073242], [31.351940155029297, -18.33367919921875], [31.354129791259766, -18.30467987060547], [31.35527992248535, -18.272769927978516], [31.355579376220703, -18.26474952697754], [31.356210708618164, -18.24764060974121], [31.362159729003906, -18.21895980834961], [31.3587703704834, -18.215959548950195], [31.394329071044922, -18.176910400390625], [31.426250457763672, -18.11574935913086], [31.452220916748047, -18.083269119262695], [31.521099090576172, -18.056549072265625], [31.584339141845703, -18.04545021057129], [31.58746910095215, -18.029340744018555], [31.61656951904297, -17.981340408325195], [31.625789642333984, -17.952529907226562], [31.625320434570312, -17.93963050842285], [31.587940216064453, -17.902589797973633], [31.57263946533203, -17.842540740966797], [31.5585994720459, -17.817190170288086], [31.53335952758789, -17.741439819335938], [31.53523063659668, -17.690610885620117], [31.515249252319336, -17.681480407714844], [31.48794937133789, -17.656570434570312], [31.478120803833008, -17.65644073486328], [31.47393035888672, -17.631160736083984], [31.453020095825195, -17.596630096435547], [31.448829650878906, -17.57135009765625], [31.4572696685791, -17.501670837402344], [31.48052978515625, -17.497800827026367], [31.543750762939453, -17.4743595123291], [31.55670928955078, -17.470809936523438], [31.56937026977539, -17.432029724121094], [31.640819549560547, -17.350740432739258], [31.673019409179688, -17.326650619506836], [31.693180084228516, -17.311569213867188], [31.702890396118164, -17.295190811157227], [31.705829620361328, -17.285720825195312], [31.705720901489258, -17.28260040283203], [31.722530364990234, -17.282060623168945], [31.728490829467773, -17.26580047607422], [31.790800094604492, -17.216930389404297], [31.83017921447754, -17.19379997253418], [31.84981918334961, -17.1677303314209], [31.849369049072266, -17.154800415039062], [31.862689971923828, -17.148120880126953], [31.899120330810547, -17.147390365600586], [31.89311981201172, -17.17613983154297]], [[31.848949432373047, -17.902870178222656], [31.87125015258789, -17.885929107666016], [31.89052963256836, -17.850549697875977], [31.890840530395508, -17.8287296295166], [31.89158058166504, -17.777469635009766], [31.898250579833984, -17.767900466918945], [31.90069007873535, -17.73263931274414], [31.910390853881836, -17.716720581054688], [31.913660049438477, -17.716609954833984], [31.909090042114258, -17.668670654296875], [31.924280166625977, -17.611160278320312], [31.93572998046875, -17.553770065307617], [31.935970306396484, -17.547529220581055], [31.911670684814453, -17.522520065307617], [31.893760681152344, -17.45989990234375], [31.881160736083984, -17.36750030517578], [31.86338996887207, -17.314090728759766], [31.81723976135254, -17.330759048461914], [31.77086067199707, -17.354110717773438], [31.77096939086914, -17.357240676879883], [31.754730224609375, -17.37381935119629], [31.752710342407227, -17.382259368896484], [31.748619079589844, -17.399450302124023], [31.752099990844727, -17.405590057373047], [31.75650978088379, -17.437580108642578], [31.750160217285156, -17.456520080566406], [31.743499755859375, -17.466550827026367], [31.741130828857422, -17.4920597076416], [31.72776985168457, -17.52069091796875], [31.71139907836914, -17.52079963684082], [31.69481086730957, -17.527589797973633], [31.661409378051758, -17.534950256347656], [31.658479690551758, -17.54439926147461], [31.586410522460938, -17.6069393157959], [31.55755043029785, -17.648880004882812], [31.54854965209961, -17.683929443359375], [31.562000274658203, -17.693269729614258], [31.579870223999023, -17.73409080505371], [31.607900619506836, -17.77142906188965], [31.638290405273438, -17.783769607543945], [31.728010177612305, -17.781200408935547], [31.719249725341797, -17.82291030883789], [31.71306037902832, -17.832469940185547], [31.71072006225586, -17.870849609375], [31.71773910522461, -17.883529663085938], [31.731290817260742, -17.8959903717041], [31.7716007232666, -17.898189544677734], [31.77499008178711, -17.901199340820312], [31.811439514160156, -17.900409698486328], [31.814830780029297, -17.903419494628906], [31.848949432373047, -17.902870178222656]], [[32.02891159057617, -18.278640747070312], [32.07263946533203, -18.244239807128906], [32.08742141723633, -18.23261070251465], [32.122920989990234, -18.184289932250977], [32.07807922363281, -18.13796043395996], [32.027000427246094, -18.110929489135742], [32.0272102355957, -18.104270935058594], [32.00701141357422, -18.101879119873047], [31.993059158325195, -18.080190658569336], [31.985530853271484, -18.044769287109375], [31.983999252319336, -17.975650787353516], [31.957469940185547, -17.979219436645508], [31.91448974609375, -18.00605010986328], [31.878679275512695, -18.053829193115234], [31.869590759277344, -18.073259353637695], [31.874649047851562, -18.07962989807129], [31.88680076599121, -18.094879150390625], [31.908540725708008, -18.160789489746094], [31.903339385986328, -18.20853042602539], [31.89402961730957, -18.234180450439453], [31.89215087890625, -18.294700622558594], [31.939010620117188, -18.283729553222656], [31.985689163208008, -18.292320251464844], [32.02254867553711, -18.294849395751953], [32.02891159057617, -18.278640747070312]]]}}, {"type": "Feature", "properties": {"SNUM": 643, "FAOSOIL": "I-Bc-V-ac", "DOMSOI": "I", "PHASE1": "", "PHASE2": "", "MISCLU1": "", "MISCLU2": "", "PERMAFROST": "", "CNTCODE": 181, "CNTNAME": "ZI", "SQKM": 3436.0, "COUNTRY": "ZIMBABWE", "SOIL_CODE": "I", "FAO_UNIT": "I-Bc-V-ac", "SOIL_NAME": "Lithosols (I) \u2014 Shallow rocky soils; basement outcrop indicator", "AREA_KM2": 3436.0, "PHASE": ""}, "geometry": {"type": "Polygon", "coordinates": [[[27.883089065551758, -17.226669311523438], [27.89657974243164, -17.236209869384766], [27.92391014099121, -17.267900466918945], [27.94455909729004, -17.280399322509766], [27.9448299407959, -17.28985023498535], [27.95162010192871, -17.295970916748047], [27.958959579467773, -17.3376407623291], [27.943309783935547, -17.383079528808594], [27.94046974182129, -17.431339263916016], [27.958099365234375, -17.45383071899414], [28.0712890625, -17.409849166870117], [28.091650009155273, -17.412879943847656], [28.11216926574707, -17.42176055908203], [28.143089294433594, -17.44700050354004], [28.200069427490234, -17.445880889892578], [28.26365089416504, -17.42884063720703], [28.300949096679688, -17.43140983581543], [28.30792999267578, -17.444259643554688], [28.31218910217285, -17.49226951599121], [28.318889617919922, -17.511430740356445], [28.32686996459961, -17.562030792236328], [28.320209503173828, -17.57522964477539], [28.293560028076172, -17.597990036010742], [28.273460388183594, -17.58868980407715], [28.2455997467041, -17.557159423828125], [28.242290496826172, -17.541540145874023], [28.23151969909668, -17.528839111328125], [28.201339721679688, -17.529239654541016], [28.10481071472168, -17.579130172729492], [28.081249237060547, -17.57979965209961], [28.077869415283203, -17.592470169067383], [28.02496910095215, -17.63528060913086], [28.015199661254883, -17.65485954284668], [28.011899948120117, -17.654949188232422], [27.932510375976562, -17.70401954650879], [27.842439651489258, -17.753700256347656], [27.76866912841797, -17.78091049194336], [27.755359649658203, -17.777690887451172], [27.724700927734375, -17.778539657592773], [27.587629318237305, -17.819639205932617], [27.58414077758789, -17.82917022705078], [27.574539184570312, -17.838869094848633], [27.491350173950195, -17.895000457763672], [27.487939834594727, -17.907690048217773], [27.475479125976562, -17.94985008239746], [27.468780517578125, -17.96261978149414], [27.46632957458496, -17.99193000793457], [27.37895965576172, -18.009580612182617], [27.3812198638916, -17.973979949951172], [27.390850067138672, -17.948089599609375], [27.383670806884766, -17.912750244140625], [27.328609466552734, -17.856220245361328], [27.32509994506836, -17.84956932067871], [27.331819534301758, -17.83679962158203], [27.408409118652344, -17.806400299072266], [27.536169052124023, -17.77252960205078], [27.55267906188965, -17.772079467773438], [27.572669982910156, -17.7620906829834], [27.62653923034668, -17.748010635375977], [27.622760772705078, -17.732389450073242], [27.612459182739258, -17.719640731811523], [27.605079650878906, -17.69424057006836], [27.59185028076172, -17.694150924682617], [27.57196044921875, -17.707290649414062], [27.5314998626709, -17.727279663085938], [27.497909545898438, -17.72507095336914], [27.473939895629883, -17.70568084716797], [27.476959228515625, -17.679960250854492], [27.489910125732422, -17.65397071838379], [27.546110153198242, -17.601959228515625], [27.542509078979492, -17.592620849609375], [27.510499954223633, -17.572860717773438], [27.49481964111328, -17.558109283447266], [27.479400634765625, -17.52923011779785], [27.47694969177246, -17.512569427490234], [27.50802993774414, -17.492990493774414], [27.546459197998047, -17.50313949584961], [27.576379776000977, -17.490440368652344], [27.592910766601562, -17.464019775390625], [27.615549087524414, -17.443340301513672], [27.628719329833984, -17.440980911254883], [27.6346492767334, -17.4306697845459], [27.634469985961914, -17.402090072631836], [27.624710083007812, -17.37240982055664], [27.609079360961914, -17.364479064941406], [27.582210540771484, -17.363880157470703], [27.591489791870117, -17.35354995727539], [27.596450805664062, -17.34457015991211], [27.63174057006836, -17.344940185546875], [27.650859832763672, -17.33683967590332], [27.68170928955078, -17.287540435791016], [27.69485092163086, -17.27947998046875], [27.745149612426758, -17.275819778442383], [27.751079559326172, -17.26664924621582], [27.748619079589844, -17.255229949951172], [27.702999114990234, -17.240570068359375], [27.70047950744629, -17.22001075744629], [27.744590759277344, -17.18321990966797], [27.81513023376465, -17.174739837646484], [27.883089065551758, -17.226669311523438]]]}}, {"type": "Feature", "properties": {"SNUM": 711, "FAOSOIL": "Lc51-1/2a", "DOMSOI": "Lc", "PHASE1": "", "PHASE2": "", "MISCLU1": "", "MISCLU2": "", "PERMAFROST": "", "CNTCODE": 181, "CNTNAME": "ZI", "SQKM": 8442.0, "COUNTRY": "ZIMBABWE", "SOIL_CODE": "Lc", "FAO_UNIT": "Lc51-1/2a", "SOIL_NAME": "Chromic Luvisols (Lc) \u2014 Chrome\u2011rich clay; chrome/PGM pathfinder", "AREA_KM2": 8442.0, "PHASE": ""}, "geometry": {"type": "Polygon", "coordinates": [[[28.959440231323242, -17.4094295501709], [28.93623924255371, -17.435699462890625], [28.926380157470703, -17.45170021057129], [28.92746925354004, -17.487180709838867], [28.944229125976562, -17.496580123901367], [29.021480560302734, -17.498449325561523], [29.045520782470703, -17.529489517211914], [29.045679092407227, -17.548749923706055], [28.96285057067871, -17.582130432128906], [28.949810028076172, -17.601789474487305], [28.947269439697266, -17.639989852905273], [28.913740158081055, -17.637380599975586], [28.85948944091797, -17.635379791259766], [28.809629440307617, -17.652530670166016], [28.759660720825195, -17.666099548339844], [28.756820678710938, -17.69533920288086], [28.78441047668457, -17.73310089111328], [28.77496910095215, -17.7620792388916], [28.77552032470703, -17.793899536132812], [28.796159744262695, -17.806299209594727], [28.816619873046875, -17.812429428100586], [28.85025978088379, -17.818180084228516], [28.85516929626465, -17.8983097076416], [28.87282943725586, -17.92021942138672], [28.87265968322754, -17.92963981628418], [28.846750259399414, -17.9591007232666], [28.823040008544922, -17.969209671020508], [28.76626968383789, -17.976699829101562], [28.67845916748047, -17.955949783325195], [28.59347915649414, -17.93556022644043], [28.583080291748047, -17.919719696044922], [28.551319122314453, -17.83991050720215], [28.526819229125977, -17.79578971862793], [28.50221061706543, -17.748069763183594], [28.481660842895508, -17.732250213623047], [28.458200454711914, -17.736059188842773], [28.41206932067871, -17.768789291381836], [28.302160263061523, -17.82893943786621], [28.265249252319336, -17.85512924194336], [28.245790481567383, -17.88128089904785], [28.247209548950195, -17.94183921813965], [28.257829666137695, -17.98015022277832], [28.275400161743164, -18.021520614624023], [28.275859832763672, -18.050180435180664], [28.279260635375977, -18.05320930480957], [28.29804039001465, -18.123449325561523], [28.29861068725586, -18.15523910522461], [28.285430908203125, -18.171310424804688], [28.242450714111328, -18.21380043029785], [28.22245979309082, -18.22378921508789], [28.18815040588379, -18.24847984313965], [28.112220764160156, -18.349550247192383], [28.08772087097168, -18.332040786743164], [28.072349548339844, -18.28152084350586], [28.05463981628418, -18.25918960571289], [28.043760299682617, -18.214710235595703], [28.022289276123047, -18.163820266723633], [28.001859664916992, -18.145160675048828], [27.978500366210938, -18.158050537109375], [27.846439361572266, -18.285600662231445], [27.789939880371094, -18.321760177612305], [27.66581916809082, -18.356250762939453], [27.635229110717773, -18.36026954650879], [27.5852108001709, -18.376949310302734], [27.581899642944336, -18.377050399780273], [27.514820098876953, -18.4072208404541], [27.518720626831055, -18.426389694213867], [27.528949737548828, -18.43596076965332], [27.543170928955078, -18.467390060424805], [27.54327964782715, -18.470970153808594], [27.540260314941406, -18.49350929260254], [27.520570755004883, -18.528949737548828], [27.507530212402344, -18.564239501953125], [27.50102996826172, -18.56756019592285], [27.502580642700195, -18.64405059814453], [27.567689895629883, -18.668529510498047], [27.574609756469727, -18.677719116210938], [27.574359893798828, -18.68444061279297], [27.544940948486328, -18.710369110107422], [27.535179138183594, -18.729909896850586], [27.494220733642578, -18.721269607543945], [27.41292953491211, -18.68705940246582], [27.4094295501709, -18.68090057373047], [27.34819984436035, -18.67548942565918], [27.296979904174805, -18.657699584960938], [27.25667953491211, -18.655269622802734], [27.2402400970459, -18.674560546875], [27.241289138793945, -18.722450256347656], [27.235450744628906, -18.77726936340332], [27.229829788208008, -18.81753921508789], [27.141990661621094, -18.830120086669922], [27.108240127563477, -18.840499877929688], [27.0574893951416, -18.822250366210938], [27.0601806640625, -18.80290985107422], [27.099510192871094, -18.74444007873535], [27.102489471435547, -18.718820571899414], [27.09197998046875, -18.71599006652832], [27.05105972290039, -18.694320678710938], [27.03046989440918, -18.672060012817383], [27.03026008605957, -18.6653995513916], [27.030170440673828, -18.662670135498047], [27.157190322875977, -18.593170166015625], [27.196720123291016, -18.540979385375977], [27.216510772705078, -18.509000778198242], [27.23944091796875, -18.47631072998047], [27.255849838256836, -18.440839767456055], [27.258869171142578, -18.431339263916016], [27.33646011352539, -18.417049407958984], [27.413070678710938, -18.370479583740234], [27.416379928588867, -18.370399475097656], [27.419200897216797, -18.35460090637207], [27.42258071899414, -18.341489791870117], [27.428600311279297, -18.306320190429688], [27.488500595092773, -18.27008056640625], [27.501380920410156, -18.250640869140625], [27.50044059753418, -18.205820083618164], [27.49700927734375, -18.1866397857666], [27.500009536743164, -18.177139282226562], [27.55030059814453, -18.15372085571289], [27.54589080810547, -18.118419647216797], [27.54574966430664, -18.099140167236328], [27.555070877075195, -18.080039978027344], [27.558340072631836, -18.063810348510742], [27.578739166259766, -18.066360473632812], [27.58555030822754, -18.07288932800293], [27.697620391845703, -18.106000900268555], [27.74864959716797, -18.121129989624023], [27.773820877075195, -18.050010681152344], [27.806520462036133, -17.985660552978516], [27.813390731811523, -17.97917938232422], [27.826210021972656, -17.965789794921875], [27.859689712524414, -17.949129104614258], [27.866300582885742, -17.948949813842773], [27.872589111328125, -17.92317008972168], [27.918699264526367, -17.871110916137695], [27.942079544067383, -17.84844970703125], [27.95857048034668, -17.831809997558594], [27.997970581054688, -17.77680015563965], [28.007749557495117, -17.763700485229492], [28.024349212646484, -17.766830444335938], [28.06549072265625, -17.785409927368164], [28.065399169921875, -17.7979793548584], [28.059410095214844, -17.81744956970215], [27.95054054260254, -17.925050735473633], [27.933670043945312, -17.944839477539062], [27.927749633789062, -17.967470169067383], [27.937850952148438, -17.973480224609375], [27.974929809570312, -17.966609954833984], [28.117870330810547, -17.877290725708008], [28.150800704956055, -17.844480514526367], [28.17416000366211, -17.8375301361084], [28.183629989624023, -17.808530807495117], [28.196500778198242, -17.782569885253906], [28.202880859375, -17.759939193725586], [28.205249786376953, -17.71497917175293], [28.22439956665039, -17.663719177246094], [28.293560028076172, -17.597990036010742], [28.320209503173828, -17.57522964477539], [28.32686996459961, -17.562030792236328], [28.318889617919922, -17.511430740356445], [28.31218910217285, -17.49226951599121], [28.30792999267578, -17.444259643554688], [28.300949096679688, -17.43140983581543], [28.326929092407227, -17.386159896850586], [28.356569290161133, -17.353410720825195], [28.38302993774414, -17.34008026123047], [28.420150756835938, -17.352109909057617], [28.468120574951172, -17.39621925354004], [28.47857093811035, -17.399080276489258], [28.56863021850586, -17.375080108642578], [28.708860397338867, -17.327529907226562], [28.73567008972168, -17.327220916748047], [28.734750747680664, -17.26613998413086], [28.720680236816406, -17.237329483032227], [28.77389907836914, -17.20751953125], [28.773799896240234, -17.204370498657227], [28.874479293823242, -17.202430725097656], [28.87458038330078, -17.20557975769043], [28.894939422607422, -17.224769592285156], [28.896129608154297, -17.279109954833984], [28.889549255371094, -17.279300689697266], [28.88287925720215, -17.29206085205078], [28.83742904663086, -17.360309600830078], [28.827890396118164, -17.402360916137695], [28.845130920410156, -17.411760330200195], [28.891870498657227, -17.401010513305664], [28.92215919494629, -17.391159057617188], [28.9555606842041, -17.390220642089844], [28.962350845336914, -17.396770477294922], [28.959440231323242, -17.4094295501709]]]}}, {"type": "Feature", "properties": {"SNUM": 784, "FAOSOIL": "Lg2-1a", "DOMSOI": "Lg", "PHASE1": "", "PHASE2": "", "MISCLU1": "", "MISCLU2": "", "PERMAFROST": "", "CNTCODE": 181, "CNTNAME": "ZI", "SQKM": 4457.0, "COUNTRY": "ZIMBABWE", "SOIL_CODE": "Lg", "FAO_UNIT": "Lg2-1a", "SOIL_NAME": "FAO Soil Unit: Lg2-1a", "AREA_KM2": 4457.0, "PHASE": ""}, "geometry": {"type": "Polygon", "coordinates": [[[30.935169219970703, -17.32806968688965], [30.899370193481445, -17.364070892333984], [30.876880645751953, -17.405929565429688], [30.838329315185547, -17.453189849853516], [30.834590911865234, -17.457780838012695], [30.8351993560791, -17.48996925354004], [30.842330932617188, -17.492889404296875], [30.84902000427246, -17.517690658569336], [30.86634063720703, -17.530080795288086], [30.870500564575195, -17.568340301513672], [30.85247039794922, -17.642139434814453], [30.85331916809082, -17.69301986694336], [30.850139617919922, -17.696239471435547], [30.844009399414062, -17.72188949584961], [30.848079681396484, -17.74407958984375], [30.883590698242188, -17.82016944885254], [30.89068031311035, -17.848520278930664], [30.9083194732666, -17.87027931213379], [30.911710739135742, -17.886240005493164], [30.925609588623047, -17.908119201660156], [30.946439743041992, -17.92708969116211], [31.020479202270508, -17.941280364990234], [31.053829193115234, -17.943750381469727], [31.08049964904785, -17.930389404296875], [31.10338020324707, -17.907379150390625], [31.11305046081543, -17.897659301757812], [31.14232063293457, -17.87796974182129], [31.202119827270508, -17.847909927368164], [31.208309173583984, -17.837890625], [31.251279830932617, -17.821319580078125], [31.25455093383789, -17.821210861206055], [31.2827091217041, -17.86174964904785], [31.34848976135254, -17.828369140625], [31.374719619750977, -17.802539825439453], [31.41404914855957, -17.76333999633789], [31.42962074279785, -17.72760009765625], [31.429290771484375, -17.718250274658203], [31.445690155029297, -17.705219268798828], [31.474849700927734, -17.65654945373535], [31.478120803833008, -17.65644073486328], [31.48794937133789, -17.656570434570312], [31.515249252319336, -17.681480407714844], [31.53523063659668, -17.690610885620117], [31.53335952758789, -17.741439819335938], [31.5585994720459, -17.817190170288086], [31.57263946533203, -17.842540740966797], [31.587940216064453, -17.902589797973633], [31.625320434570312, -17.93963050842285], [31.625789642333984, -17.952529907226562], [31.61656951904297, -17.981340408325195], [31.58746910095215, -18.029340744018555], [31.584339141845703, -18.04545021057129], [31.521099090576172, -18.056549072265625], [31.452220916748047, -18.083269119262695], [31.426250457763672, -18.11574935913086], [31.394329071044922, -18.176910400390625], [31.3587703704834, -18.215959548950195], [31.328210830688477, -18.213449478149414], [31.29829978942871, -18.188379287719727], [31.286399841308594, -18.168609619140625], [31.282880783081055, -18.164390563964844], [31.27121925354004, -18.15035057067871], [31.208580017089844, -18.124069213867188], [31.155559539794922, -18.135229110717773], [31.052040100097656, -18.13743019104004], [31.036500930786133, -18.136369705200195], [30.951589584350586, -18.130029678344727], [30.917850494384766, -18.127689361572266], [30.836610794067383, -18.100990295410156], [30.82617950439453, -18.08530044555664], [30.78268051147461, -18.076940536499023], [30.68889045715332, -18.079179763793945], [30.68514060974121, -18.06637954711914], [30.66766929626465, -18.05093002319336], [30.667789459228516, -18.04157066345215], [30.650789260864258, -18.038570404052734], [30.607189178466797, -18.011329650878906], [30.586000442504883, -17.98600959777832], [30.586139678955078, -17.97662925720215], [30.56587028503418, -17.97372055053711], [30.528669357299805, -17.955720901489258], [30.529760360717773, -17.925289154052734], [30.540220260620117, -17.897750854492188], [30.542970657348633, -17.869089126586914], [30.555570602416992, -17.82761001586914], [30.55925941467285, -17.802560806274414], [30.561250686645508, -17.789030075073242], [30.601070404052734, -17.64130973815918], [30.609939575195312, -17.599950790405273], [30.61651039123535, -17.586790084838867], [30.646169662475586, -17.5769100189209], [30.751699447631836, -17.51055908203125], [30.75830078125, -17.488330841064453], [30.774839401245117, -17.478429794311523], [30.78120994567871, -17.4589900970459], [30.7874698638916, -17.436439514160156], [30.789470672607422, -17.39834976196289], [30.814929962158203, -17.333589553833008], [30.85116958618164, -17.31053924560547], [30.891010284423828, -17.29677963256836], [30.9112606048584, -17.29973030090332], [30.942079544067383, -17.32472038269043], [30.935169219970703, -17.32806968688965]], [[30.866430282592773, -17.945819854736328], [30.873960494995117, -17.936420440673828], [30.86400032043457, -17.924259185791016], [30.856740951538086, -17.92108917236328], [30.840129852294922, -17.889869689941406], [30.806360244750977, -17.878469467163086], [30.794780731201172, -17.887910842895508], [30.78784942626953, -17.901620864868164], [30.782550811767578, -17.912120819091797], [30.787750244140625, -17.92443084716797], [30.816970825195312, -17.941640853881836], [30.86370086669922, -17.949220657348633], [30.866430282592773, -17.945819854736328]]]}}, {"type": "Feature", "properties": {"SNUM": 766, "FAOSOIL": "Lf81-1a", "DOMSOI": "Lf", "PHASE1": "", "PHASE2": "", "MISCLU1": "", "MISCLU2": "", "PERMAFROST": "", "CNTCODE": 181, "CNTNAME": "ZI", "SQKM": 1524.0, "COUNTRY": "ZIMBABWE", "SOIL_CODE": "Lf", "FAO_UNIT": "Lf81-1a", "SOIL_NAME": "FAO Soil Unit: Lf81-1a", "AREA_KM2": 1524.0, "PHASE": ""}, "geometry": {"type": "Polygon", "coordinates": [[[31.811439514160156, -17.900409698486328], [31.77499008178711, -17.901199340820312], [31.7716007232666, -17.898189544677734], [31.731290817260742, -17.8959903717041], [31.71773910522461, -17.883529663085938], [31.71072006225586, -17.870849609375], [31.71306037902832, -17.832469940185547], [31.719249725341797, -17.82291030883789], [31.728010177612305, -17.781200408935547], [31.638290405273438, -17.783769607543945], [31.607900619506836, -17.77142906188965], [31.579870223999023, -17.73409080505371], [31.562000274658203, -17.693269729614258], [31.54854965209961, -17.683929443359375], [31.55755043029785, -17.648880004882812], [31.586410522460938, -17.6069393157959], [31.658479690551758, -17.54439926147461], [31.661409378051758, -17.534950256347656], [31.69481086730957, -17.527589797973633], [31.71139907836914, -17.52079963684082], [31.72776985168457, -17.52069091796875], [31.741130828857422, -17.4920597076416], [31.743499755859375, -17.466550827026367], [31.750160217285156, -17.456520080566406], [31.75650978088379, -17.437580108642578], [31.752099990844727, -17.405590057373047], [31.748619079589844, -17.399450302124023], [31.752710342407227, -17.382259368896484], [31.754730224609375, -17.37381935119629], [31.77096939086914, -17.357240676879883], [31.77086067199707, -17.354110717773438], [31.81723976135254, -17.330759048461914], [31.86338996887207, -17.314090728759766], [31.881160736083984, -17.36750030517578], [31.893760681152344, -17.45989990234375], [31.911670684814453, -17.522520065307617], [31.935970306396484, -17.547529220581055], [31.93572998046875, -17.553770065307617], [31.924280166625977, -17.611160278320312], [31.909090042114258, -17.668670654296875], [31.913660049438477, -17.716609954833984], [31.910390853881836, -17.716720581054688], [31.90069007873535, -17.73263931274414], [31.898250579833984, -17.767900466918945], [31.89158058166504, -17.777469635009766], [31.890840530395508, -17.8287296295166], [31.89052963256836, -17.850549697875977], [31.87125015258789, -17.885929107666016], [31.848949432373047, -17.902870178222656], [31.814830780029297, -17.903419494628906], [31.811439514160156, -17.900409698486328]]]}}, {"type": "Feature", "properties": {"SNUM": 835, "FAOSOIL": "Ne41-3a", "DOMSOI": "Ne", "PHASE1": "", "PHASE2": "", "MISCLU1": "", "MISCLU2": "", "PERMAFROST": "", "CNTCODE": 181, "CNTNAME": "ZI", "SQKM": 1837.0, "COUNTRY": "ZIMBABWE", "SOIL_CODE": "Ne", "FAO_UNIT": "Ne41-3a", "SOIL_NAME": "Eutric Nitosols (Ne) \u2014 Productive red soils on mafic rocks", "AREA_KM2": 1837.0, "PHASE": ""}, "geometry": {"type": "Polygon", "coordinates": [[[31.24744987487793, -17.38813018798828], [31.2308292388916, -17.39491081237793], [31.224849700927734, -17.411190032958984], [31.194780349731445, -17.421520233154297], [31.168529510498047, -17.447370529174805], [31.125499725341797, -17.44828987121582], [31.088899612426758, -17.458839416503906], [31.016469955444336, -17.501800537109375], [30.970569610595703, -17.54681968688965], [30.94123077392578, -17.57946014404297], [30.928020477294922, -17.608760833740234], [30.92984962463379, -17.66912078857422], [30.957120895385742, -17.684310913085938], [30.964000701904297, -17.68001937866211], [31.009599685668945, -17.65180015563965], [31.04631996154785, -17.644350051879883], [31.04620933532715, -17.654159545898438], [31.056720733642578, -17.66006088256836], [31.100360870361328, -17.662189483642578], [31.193260192871094, -17.640850067138672], [31.193729400634766, -17.66670036315918], [31.177780151367188, -17.692190170288086], [31.178470611572266, -17.72426986694336], [31.19938087463379, -17.745880126953125], [31.212369918823242, -17.74233055114746], [31.22233009338379, -17.73263931274414], [31.302019119262695, -17.70861053466797], [31.315250396728516, -17.698820114135742], [31.321800231933594, -17.69860076904297], [31.38227081298828, -17.700180053710938], [31.429290771484375, -17.718250274658203], [31.42962074279785, -17.72760009765625], [31.41404914855957, -17.76333999633789], [31.374719619750977, -17.802539825439453], [31.34848976135254, -17.828369140625], [31.2827091217041, -17.86174964904785], [31.25455093383789, -17.821210861206055], [31.251279830932617, -17.821319580078125], [31.208309173583984, -17.837890625], [31.202119827270508, -17.847909927368164], [31.14232063293457, -17.87796974182129], [31.11305046081543, -17.897659301757812], [31.10338020324707, -17.907379150390625], [31.08049964904785, -17.930389404296875], [31.053829193115234, -17.943750381469727], [31.020479202270508, -17.941280364990234], [30.946439743041992, -17.92708969116211], [30.925609588623047, -17.908119201660156], [30.911710739135742, -17.886240005493164], [30.9083194732666, -17.87027931213379], [30.89068031311035, -17.848520278930664], [30.883590698242188, -17.82016944885254], [30.848079681396484, -17.74407958984375], [30.844009399414062, -17.72188949584961], [30.850139617919922, -17.696239471435547], [30.85331916809082, -17.69301986694336], [30.85247039794922, -17.642139434814453], [30.870500564575195, -17.568340301513672], [30.86634063720703, -17.530080795288086], [30.84902000427246, -17.517690658569336], [30.842330932617188, -17.492889404296875], [30.8351993560791, -17.48996925354004], [30.834590911865234, -17.457780838012695], [30.838329315185547, -17.453189849853516], [30.876880645751953, -17.405929565429688], [30.899370193481445, -17.364070892333984], [30.935169219970703, -17.32806968688965], [30.942079544067383, -17.32472038269043], [31.0247802734375, -17.431379318237305], [31.080839157104492, -17.401460647583008], [31.16061019897461, -17.3806095123291], [31.17011070251465, -17.370920181274414], [31.24003028869629, -17.362899780273438], [31.247140884399414, -17.365800857543945], [31.24744987487793, -17.38813018798828]]]}}, {"type": "Feature", "properties": {"SNUM": 772, "FAOSOIL": "Lf83-1a", "DOMSOI": "Lf", "PHASE1": "", "PHASE2": "", "MISCLU1": "", "MISCLU2": "", "PERMAFROST": "", "CNTCODE": 181, "CNTNAME": "ZI", "SQKM": 770.0, "COUNTRY": "ZIMBABWE", "SOIL_CODE": "Lf", "FAO_UNIT": "Lf83-1a", "SOIL_NAME": "FAO Soil Unit: Lf83-1a", "AREA_KM2": 770.0, "PHASE": ""}, "geometry": {"type": "Polygon", "coordinates": [[[29.04591941833496, -17.37921905517578], [29.152629852294922, -17.34830093383789], [29.15958023071289, -17.344959259033203], [29.17962074279785, -17.354259490966797], [29.204139709472656, -17.401580810546875], [29.2113094329834, -17.404970169067383], [29.23133087158203, -17.41381072998047], [29.232349395751953, -17.44610023498535], [29.226009368896484, -17.468730926513672], [29.216520309448242, -17.488000869750977], [29.179969787597656, -17.5398006439209], [29.173660278320312, -17.562389373779297], [29.16707992553711, -17.562589645385742], [29.127370834350586, -17.585729598999023], [29.124120712280273, -17.60150909423828], [29.131540298461914, -17.627269744873047], [29.136140823364258, -17.681339263916016], [29.12986946105957, -17.690929412841797], [29.10934066772461, -17.682140350341797], [29.04228973388672, -17.68951988220215], [29.01188087463379, -17.680580139160156], [29.001529693603516, -17.680889129638672], [28.947269439697266, -17.639989852905273], [28.949810028076172, -17.601789474487305], [28.96285057067871, -17.582130432128906], [29.045679092407227, -17.548749923706055], [29.045520782470703, -17.529489517211914], [29.021480560302734, -17.498449325561523], [28.944229125976562, -17.496580123901367], [28.92746925354004, -17.487180709838867], [28.926380157470703, -17.45170021057129], [28.93623924255371, -17.435699462890625], [28.959440231323242, -17.4094295501709], [28.962350845336914, -17.396770477294922], [29.04591941833496, -17.37921905517578]]]}}, {"type": "Feature", "properties": {"SNUM": 1972, "FAOSOIL": "WATER", "DOMSOI": "WR", "PHASE1": "", "PHASE2": "", "MISCLU1": "", "MISCLU2": "", "PERMAFROST": "", "CNTCODE": 181, "CNTNAME": "ZI", "SQKM": 644.0, "COUNTRY": "ZIMBABWE", "SOIL_CODE": "WR", "FAO_UNIT": "WATER", "SOIL_NAME": "FAO Soil Unit: WATER", "AREA_KM2": 644.0, "PHASE": ""}, "geometry": {"type": "Polygon", "coordinates": [[[27.514179229736328, -17.583099365234375], [27.507089614868164, -17.596830368041992], [27.469039916992188, -17.598939895629883], [27.451080322265625, -17.605880737304688], [27.44753074645996, -17.61503028869629], [27.416460037231445, -17.635730743408203], [27.405609130859375, -17.62894058227539], [27.39940071105957, -17.595849990844727], [27.392200469970703, -17.59473991394043], [27.331470489501953, -17.67268943786621], [27.305110931396484, -17.67967987060547], [27.288419723510742, -17.696889877319336], [27.276639938354492, -17.732349395751953], [27.244279861450195, -17.739360809326172], [27.256479263305664, -17.772409439086914], [27.250539779663086, -17.780439376831055], [27.19182014465332, -17.796720504760742], [27.191970825195312, -17.81955909729004], [27.2148494720459, -17.83315086364746], [27.221040725708008, -17.860519409179688], [27.175649642944336, -17.896150588989258], [27.163759231567383, -17.915620803833008], [27.106319427490234, -17.942169189453125], [27.090749740600586, -17.94795036315918], [27.055950164794922, -17.946969985961914], [27.049030303955078, -17.944910049438477], [27.03767967224121, -17.94152069091797], [27.047130584716797, -17.937969207763672], [27.06941032409668, -17.907310485839844], [27.09193992614746, -17.895910263061523], [27.101449966430664, -17.883899688720703], [27.102630615234375, -17.86935043334961], [27.119300842285156, -17.85218048095703], [27.13479995727539, -17.83612060546875], [27.14664077758789, -17.80864906311035], [27.162080764770508, -17.782310485839844], [27.173959732055664, -17.762849807739258], [27.20379066467285, -17.73188018798828], [27.245590209960938, -17.686599731445312], [27.30034065246582, -17.622940063476562], [27.333740234375, -17.587379455566406], [27.3587703704834, -17.559860229492188], [27.382610321044922, -17.532339096069336], [27.407779693603516, -17.505199432373047], [27.435230255126953, -17.481069564819336], [27.472259521484375, -17.452329635620117], [27.502119064331055, -17.427040100097656], [27.53428077697754, -17.404109954833984], [27.556949615478516, -17.38800048828125], [27.57600975036621, -17.370769500732422], [27.582210540771484, -17.363880157470703], [27.609079360961914, -17.364479064941406], [27.624710083007812, -17.37240982055664], [27.634469985961914, -17.402090072631836], [27.6346492767334, -17.4306697845459], [27.628719329833984, -17.440980911254883], [27.615549087524414, -17.443340301513672], [27.592910766601562, -17.464019775390625], [27.576379776000977, -17.490440368652344], [27.546459197998047, -17.50313949584961], [27.50802993774414, -17.492990493774414], [27.47694969177246, -17.512569427490234], [27.479400634765625, -17.52923011779785], [27.49481964111328, -17.558109283447266], [27.510499954223633, -17.572860717773438], [27.514179229736328, -17.583099365234375]]]}}, {"type": "Feature", "properties": {"SNUM": 766, "FAOSOIL": "Lf81-1a", "DOMSOI": "Lf", "PHASE1": "", "PHASE2": "", "MISCLU1": "", "MISCLU2": "", "PERMAFROST": "", "CNTCODE": 181, "CNTNAME": "ZI", "SQKM": 1195.0, "COUNTRY": "ZIMBABWE", "SOIL_CODE": "Lf", "FAO_UNIT": "Lf81-1a", "SOIL_NAME": "FAO Soil Unit: Lf81-1a", "AREA_KM2": 1195.0, "PHASE": ""}, "geometry": {"type": "Polygon", "coordinates": [[[31.29718017578125, -17.364669799804688], [31.334209442138672, -17.380029678344727], [31.37166976928711, -17.407880783081055], [31.412410736083984, -17.435630798339844], [31.452699661254883, -17.45088005065918], [31.449859619140625, -17.46347999572754], [31.4572696685791, -17.501670837402344], [31.448829650878906, -17.57135009765625], [31.453020095825195, -17.596630096435547], [31.47393035888672, -17.631160736083984], [31.478120803833008, -17.65644073486328], [31.474849700927734, -17.65654945373535], [31.445690155029297, -17.705219268798828], [31.429290771484375, -17.718250274658203], [31.38227081298828, -17.700180053710938], [31.321800231933594, -17.69860076904297], [31.315250396728516, -17.698820114135742], [31.302019119262695, -17.70861053466797], [31.22233009338379, -17.73263931274414], [31.212369918823242, -17.74233055114746], [31.19938087463379, -17.745880126953125], [31.178470611572266, -17.72426986694336], [31.177780151367188, -17.692190170288086], [31.193729400634766, -17.66670036315918], [31.193260192871094, -17.640850067138672], [31.100360870361328, -17.662189483642578], [31.056720733642578, -17.66006088256836], [31.04620933532715, -17.654159545898438], [31.04631996154785, -17.644350051879883], [31.055709838867188, -17.618629455566406], [31.062030792236328, -17.612180709838867], [31.103960037231445, -17.55415916442871], [31.140399932861328, -17.508699417114258], [31.166229248046875, -17.47603988647461], [31.168529510498047, -17.447370529174805], [31.194780349731445, -17.421520233154297], [31.224849700927734, -17.411190032958984], [31.2308292388916, -17.39491081237793], [31.24744987487793, -17.38813018798828], [31.247140884399414, -17.365800857543945], [31.29718017578125, -17.364669799804688]]]}}, {"type": "Feature", "properties": {"SNUM": 776, "FAOSOIL": "Lf87-2/3b", "DOMSOI": "Lf", "PHASE1": "", "PHASE2": "", "MISCLU1": "", "MISCLU2": "", "PERMAFROST": "", "CNTCODE": 181, "CNTNAME": "ZI", "SQKM": 2.0, "COUNTRY": "ZIMBABWE", "SOIL_CODE": "Lf", "FAO_UNIT": "Lf87-2/3b", "SOIL_NAME": "FAO Soil Unit: Lf87-2/3b", "AREA_KM2": 2.0, "PHASE": ""}, "geometry": {"type": "Polygon", "coordinates": [[[33.017459869384766, -17.388490676879883], [33.018978118896484, -17.365530014038086], [33.02293014526367, -17.3723201751709], [33.029518127441406, -17.396650314331055], [33.02452087402344, -17.40519905090332], [33.017459869384766, -17.388490676879883]]]}}, {"type": "Feature", "properties": {"SNUM": 642, "FAOSOIL": "I-Bc-V", "DOMSOI": "I", "PHASE1": "", "PHASE2": "", "MISCLU1": "", "MISCLU2": "", "PERMAFROST": "", "CNTCODE": 181, "CNTNAME": "ZI", "SQKM": 315.0, "COUNTRY": "ZIMBABWE", "SOIL_CODE": "I", "FAO_UNIT": "I-Bc-V", "SOIL_NAME": "Lithosols (I) \u2014 Shallow rocky soils; basement outcrop indicator", "AREA_KM2": 315.0, "PHASE": ""}, "geometry": {"type": "Polygon", "coordinates": [[[31.009599685668945, -17.65180015563965], [30.964000701904297, -17.68001937866211], [30.957120895385742, -17.684310913085938], [30.92984962463379, -17.66912078857422], [30.928020477294922, -17.608760833740234], [30.94123077392578, -17.57946014404297], [30.970569610595703, -17.54681968688965], [31.016469955444336, -17.501800537109375], [31.088899612426758, -17.458839416503906], [31.125499725341797, -17.44828987121582], [31.168529510498047, -17.447370529174805], [31.166229248046875, -17.47603988647461], [31.140399932861328, -17.508699417114258], [31.103960037231445, -17.55415916442871], [31.062030792236328, -17.612180709838867], [31.055709838867188, -17.618629455566406], [31.04631996154785, -17.644350051879883], [31.009599685668945, -17.65180015563965]]]}}, {"type": "Feature", "properties": {"SNUM": 841, "FAOSOIL": "Ne45-3a", "DOMSOI": "Ne", "PHASE1": "", "PHASE2": "", "MISCLU1": "", "MISCLU2": "", "PERMAFROST": "", "CNTCODE": 181, "CNTNAME": "ZI", "SQKM": 4187.0, "COUNTRY": "ZIMBABWE", "SOIL_CODE": "Ne", "FAO_UNIT": "Ne45-3a", "SOIL_NAME": "Eutric Nitosols (Ne) \u2014 Productive red soils on mafic rocks", "AREA_KM2": 4187.0, "PHASE": ""}, "geometry": {"type": "Polygon", "coordinates": [[[30.621410369873047, -17.52635955810547], [30.618669509887695, -17.560060501098633], [30.61651039123535, -17.586790084838867], [30.609939575195312, -17.599950790405273], [30.601070404052734, -17.64130973815918], [30.561250686645508, -17.789030075073242], [30.55925941467285, -17.802560806274414], [30.555570602416992, -17.82761001586914], [30.542970657348633, -17.869089126586914], [30.540220260620117, -17.897750854492188], [30.529760360717773, -17.925289154052734], [30.528669357299805, -17.955720901489258], [30.52164077758789, -17.955949783325195], [30.512910842895508, -18.00044059753418], [30.503419876098633, -18.039030075073242], [30.47878074645996, -18.117950439453125], [30.475570678710938, -18.128170013427734], [30.47330093383789, -18.169729232788086], [30.466949462890625, -18.176179885864258], [30.45741081237793, -18.19879913330078], [30.43914031982422, -18.278799057006836], [30.43391990661621, -18.329830169677734], [30.422000885009766, -18.39089012145996], [30.414159774780273, -18.47368049621582], [30.401569366455078, -18.515579223632812], [30.390010833740234, -18.58846092224121], [30.362180709838867, -18.67487907409668], [30.350830078125, -18.76119041442871], [30.344829559326172, -18.77696990966797], [30.34345054626465, -18.853599548339844], [30.32891082763672, -18.930219650268555], [30.329849243164062, -18.96803092956543], [30.32986068725586, -18.980939865112305], [30.320110321044922, -18.984390258789062], [30.288700103759766, -19.080209732055664], [30.28322982788086, -19.121280670166016], [30.27688980102539, -19.12771987915039], [30.25827980041504, -19.182130813598633], [30.211450576782227, -19.31039047241211], [30.208160400390625, -19.32621955871582], [30.20549964904785, -19.33902931213379], [30.198949813842773, -19.352149963378906], [30.187519073486328, -19.40941047668457], [30.18781089782715, -19.421199798583984], [30.18840980529785, -19.444480895996094], [30.178789138793945, -19.46347999572754], [30.17060089111328, -19.552310943603516], [30.16754913330078, -19.558629989624023], [30.152259826660156, -19.60041046142578], [30.13714027404785, -19.6577091217041], [30.13043975830078, -19.66727066040039], [30.111469268798828, -19.733190536499023], [30.084550857543945, -19.826759338378906], [30.082210540771484, -19.848400115966797], [30.07939910888672, -19.8743896484375], [30.06955909729004, -19.887609481811523], [30.066770553588867, -19.90011978149414], [30.054519653320312, -19.935590744018555], [30.035579681396484, -19.98016929626465], [30.00295066833496, -20.012840270996094], [29.966960906982422, -20.057390213012695], [29.960660934448242, -20.076669692993164], [29.95075035095215, -20.0770206451416], [29.940750122070312, -20.08669090270996], [29.924270629882812, -20.099689483642578], [29.9150390625, -20.12837028503418], [29.914020538330078, -20.13153076171875], [29.896589279174805, -20.185739517211914], [29.895009994506836, -20.239839553833008], [29.891990661621094, -20.2585506439209], [29.889209747314453, -20.271499633789062], [29.871299743652344, -20.330350875854492], [29.83824920654297, -20.377439498901367], [29.821889877319336, -20.393529891967773], [29.808589935302734, -20.403310775756836], [29.783029556274414, -20.448530197143555], [29.779850006103516, -20.451749801635742], [29.763750076293945, -20.47403907775879], [29.74448013305664, -20.518709182739258], [29.733320236206055, -20.56924057006836], [29.73257064819336, -20.572629928588867], [29.730390548706055, -20.610729217529297], [29.724220275878906, -20.632619857788086], [29.72270965576172, -20.686609268188477], [29.71118927001953, -20.74980926513672], [29.70969009399414, -20.76658058166504], [29.706369400024414, -20.80392074584961], [29.699420928955078, -20.807270050048828], [29.69009017944336, -20.832809448242188], [29.688610076904297, -20.839740753173828], [29.67864990234375, -20.886730194091797], [29.6583194732666, -20.887039184570312], [29.637470245361328, -20.874990463256836], [29.640209197998047, -20.824260711669922], [29.645410537719727, -20.805299758911133], [29.649259567260742, -20.71718978881836], [29.66050910949707, -20.647369384765625], [29.669710159301758, -20.618730545043945], [29.67201042175293, -20.59819984436035], [29.680360794067383, -20.523740768432617], [29.686019897460938, -20.47949981689453], [29.691940307617188, -20.450939178466797], [29.70454978942871, -20.412389755249023], [29.703899383544922, -20.396459579467773], [29.713529586791992, -20.37751007080078], [29.715620040893555, -20.371030807495117], [29.729049682617188, -20.32954978942871], [29.741060256958008, -20.287919998168945], [29.772560119628906, -20.214580535888672], [29.78809928894043, -20.1666202545166], [29.791730880737305, -20.16303062438965], [29.804439544677734, -20.15052032470703], [29.86488914489746, -20.022090911865234], [29.874469757080078, -20.009790420532227], [29.877769470214844, -20.009679794311523], [29.88079071044922, -19.990480422973633], [29.91577911376953, -19.92000961303711], [29.92947006225586, -19.89805030822754], [29.96417999267578, -19.842409133911133], [29.9743595123291, -19.827190399169922], [29.98335075378418, -19.813770294189453], [29.995990753173828, -19.775150299072266], [29.998260498046875, -19.761070251464844], [30.004419326782227, -19.721460342407227], [30.00628089904785, -19.673940658569336], [29.979509353637695, -19.66786003112793], [29.977319717407227, -19.661439895629883], [29.9720401763916, -19.645919799804688], [29.954940795898438, -19.642969131469727], [29.94780921936035, -19.617919921875], [29.939489364624023, -19.609710693359375], [29.886369705200195, -19.557249069213867], [29.865909576416016, -19.53704071044922], [29.854049682617188, -19.525320053100586], [29.833770751953125, -19.52557945251465], [29.8302001953125, -19.513690948486328], [29.764820098876953, -19.45496940612793], [29.669160842895508, -19.406169891357422], [29.65880012512207, -19.39406967163086], [29.658079147338867, -19.374969482421875], [29.694580078125, -19.35504913330078], [29.763120651245117, -19.397640228271484], [29.79924964904785, -19.36840057373047], [29.843530654907227, -19.379789352416992], [29.863910675048828, -19.382659912109375], [29.884639739990234, -19.407310485839844], [29.89208984375, -19.44219970703125], [29.90304946899414, -19.470300674438477], [29.92845916748047, -19.490510940551758], [29.934160232543945, -19.495040893554688], [29.94161033630371, -19.4979305267334], [29.964780807495117, -19.506900787353516], [29.99173927307129, -19.509540557861328], [30.03829002380371, -19.483030319213867], [30.062149047851562, -19.482410430908203], [30.091909408569336, -19.481609344482422], [30.10141944885254, -19.47195053100586], [30.1028995513916, -19.453489303588867], [30.10396957397461, -19.440319061279297], [30.11536979675293, -19.370159149169922], [30.121919631958008, -19.3570499420166], [30.13290023803711, -19.323009490966797], [30.14672088623047, -19.280210494995117], [30.16560935974121, -19.23632049560547], [30.190780639648438, -19.177810668945312], [30.20646095275879, -19.132829666137695], [30.205970764160156, -19.120410919189453], [30.22216033935547, -19.100749969482422], [30.248809814453125, -19.022790908813477], [30.25040054321289, -19.019380569458008], [30.248779296875, -18.951169967651367], [30.22654914855957, -18.872230529785156], [30.211380004882812, -18.818429946899414], [30.202899932861328, -18.74258041381836], [30.208759307861328, -18.72323989868164], [30.211570739746094, -18.6977596282959], [30.221559524536133, -18.688079833984375], [30.24176025390625, -18.687389373779297], [30.248600006103516, -18.694799423217773], [30.276079177856445, -18.724529266357422], [30.279390335083008, -18.7248592376709], [30.295820236206055, -18.698930740356445], [30.30694007873535, -18.618860244750977], [30.344179153442383, -18.500940322875977], [30.353050231933594, -18.446670532226562], [30.33523941040039, -18.40888023376465], [30.338420867919922, -18.40566062927246], [30.341590881347656, -18.402429580688477], [30.34758949279785, -18.373239517211914], [30.3469295501709, -18.341590881347656], [30.3599796295166, -18.325550079345703], [30.36517906188965, -18.274070739746094], [30.377910614013672, -18.235740661621094], [30.37734031677246, -18.21969985961914], [30.38698959350586, -18.20064926147461], [30.4018497467041, -18.13011932373047], [30.407649993896484, -18.082199096679688], [30.411739349365234, -18.05293083190918], [30.421709060668945, -17.98362922668457], [30.449569702148438, -17.86054039001465], [30.452280044555664, -17.84857940673828], [30.4554500579834, -17.84535026550293], [30.46088981628418, -17.78483009338379], [30.47010040283203, -17.752349853515625], [30.475830078125, -17.71417999267578], [30.502870559692383, -17.595809936523438], [30.521459579467773, -17.53805923461914], [30.53120994567871, -17.506139755249023], [30.53792953491211, -17.496530532836914], [30.541210174560547, -17.496429443359375], [30.567930221557617, -17.495620727539062], [30.617900848388672, -17.5197696685791], [30.621410369873047, -17.52635955810547]]]}}, {"type": "Feature", "properties": {"SNUM": 772, "FAOSOIL": "Lf83-1a", "DOMSOI": "Lf", "PHASE1": "", "PHASE2": "", "MISCLU1": "", "MISCLU2": "", "PERMAFROST": "", "CNTCODE": 181, "CNTNAME": "ZI", "SQKM": 1674.0, "COUNTRY": "ZIMBABWE", "SOIL_CODE": "Lf", "FAO_UNIT": "Lf83-1a", "SOIL_NAME": "FAO Soil Unit: Lf83-1a", "AREA_KM2": 1674.0, "PHASE": ""}, "geometry": {"type": "Polygon", "coordinates": [[[28.22439956665039, -17.663719177246094], [28.205249786376953, -17.71497917175293], [28.202880859375, -17.759939193725586], [28.196500778198242, -17.782569885253906], [28.183629989624023, -17.808530807495117], [28.17416000366211, -17.8375301361084], [28.150800704956055, -17.844480514526367], [28.117870330810547, -17.877290725708008], [27.974929809570312, -17.966609954833984], [27.937850952148438, -17.973480224609375], [27.927749633789062, -17.967470169067383], [27.933670043945312, -17.944839477539062], [27.95054054260254, -17.925050735473633], [28.059410095214844, -17.81744956970215], [28.065399169921875, -17.7979793548584], [28.06549072265625, -17.785409927368164], [28.024349212646484, -17.766830444335938], [28.007749557495117, -17.763700485229492], [27.997970581054688, -17.77680015563965], [27.95857048034668, -17.831809997558594], [27.942079544067383, -17.84844970703125], [27.918699264526367, -17.871110916137695], [27.872589111328125, -17.92317008972168], [27.866300582885742, -17.948949813842773], [27.859689712524414, -17.949129104614258], [27.826210021972656, -17.965789794921875], [27.813390731811523, -17.97917938232422], [27.806520462036133, -17.985660552978516], [27.773820877075195, -18.050010681152344], [27.74864959716797, -18.121129989624023], [27.697620391845703, -18.106000900268555], [27.58555030822754, -18.07288932800293], [27.578739166259766, -18.066360473632812], [27.631519317626953, -18.017309188842773], [27.63861083984375, -18.001659393310547], [27.634279251098633, -17.972469329833984], [27.62019920349121, -17.94409942626953], [27.669979095458984, -17.90452003479004], [27.713369369506836, -17.871870040893555], [27.752689361572266, -17.829429626464844], [27.7691707611084, -17.79707908630371], [27.76866912841797, -17.78091049194336], [27.842439651489258, -17.753700256347656], [27.932510375976562, -17.70401954650879], [28.011899948120117, -17.654949188232422], [28.015199661254883, -17.65485954284668], [28.02496910095215, -17.63528060913086], [28.077869415283203, -17.592470169067383], [28.081249237060547, -17.57979965209961], [28.10481071472168, -17.579130172729492], [28.201339721679688, -17.529239654541016], [28.23151969909668, -17.528839111328125], [28.242290496826172, -17.541540145874023], [28.2455997467041, -17.557159423828125], [28.273460388183594, -17.58868980407715], [28.293560028076172, -17.597990036010742], [28.22439956665039, -17.663719177246094]]]}}, {"type": "Feature", "properties": {"SNUM": 712, "FAOSOIL": "Lc52-1a", "DOMSOI": "Lc", "PHASE1": "", "PHASE2": "", "MISCLU1": "", "MISCLU2": "", "PERMAFROST": "", "CNTCODE": 181, "CNTNAME": "ZI", "SQKM": 706.0, "COUNTRY": "ZIMBABWE", "SOIL_CODE": "Lc", "FAO_UNIT": "Lc52-1a", "SOIL_NAME": "Chromic Luvisols (Lc) \u2014 Chrome\u2011rich clay; chrome/PGM pathfinder", "AREA_KM2": 706.0, "PHASE": ""}, "geometry": {"type": "Polygon", "coordinates": [[[27.265270233154297, -17.855539321899414], [27.224279403686523, -17.890850067138672], [27.208200454711914, -17.92136001586914], [27.186920166015625, -17.932180404663086], [27.166589736938477, -17.933839797973633], [27.07607078552246, -17.9555606842041], [27.040029525756836, -17.95305061340332], [27.012439727783203, -17.952619552612305], [26.93946075439453, -17.975509643554688], [26.929210662841797, -17.941150665283203], [26.965999603271484, -17.93631935119629], [27.01791000366211, -17.94894027709961], [27.03767967224121, -17.94152069091797], [27.049030303955078, -17.944910049438477], [27.055950164794922, -17.946969985961914], [27.090749740600586, -17.94795036315918], [27.106319427490234, -17.942169189453125], [27.163759231567383, -17.915620803833008], [27.175649642944336, -17.896150588989258], [27.221040725708008, -17.860519409179688], [27.2148494720459, -17.83315086364746], [27.191970825195312, -17.81955909729004], [27.19182014465332, -17.796720504760742], [27.250539779663086, -17.780439376831055], [27.256479263305664, -17.772409439086914], [27.244279861450195, -17.739360809326172], [27.276639938354492, -17.732349395751953], [27.288419723510742, -17.696889877319336], [27.305110931396484, -17.67967987060547], [27.331470489501953, -17.67268943786621], [27.392200469970703, -17.59473991394043], [27.39940071105957, -17.595849990844727], [27.405609130859375, -17.62894058227539], [27.416460037231445, -17.635730743408203], [27.44753074645996, -17.61503028869629], [27.451080322265625, -17.605880737304688], [27.469039916992188, -17.598939895629883], [27.507089614868164, -17.596830368041992], [27.514179229736328, -17.583099365234375], [27.510499954223633, -17.572860717773438], [27.542509078979492, -17.592620849609375], [27.546110153198242, -17.601959228515625], [27.489910125732422, -17.65397071838379], [27.476959228515625, -17.679960250854492], [27.473939895629883, -17.70568084716797], [27.497909545898438, -17.72507095336914], [27.5314998626709, -17.727279663085938], [27.57196044921875, -17.707290649414062], [27.59185028076172, -17.694150924682617], [27.605079650878906, -17.69424057006836], [27.612459182739258, -17.719640731811523], [27.622760772705078, -17.732389450073242], [27.62653923034668, -17.748010635375977], [27.572669982910156, -17.7620906829834], [27.55267906188965, -17.772079467773438], [27.536169052124023, -17.77252960205078], [27.408409118652344, -17.806400299072266], [27.331819534301758, -17.83679962158203], [27.32509994506836, -17.84956932067871], [27.265270233154297, -17.855539321899414]]]}}, {"type": "Feature", "properties": {"SNUM": 579, "FAOSOIL": "Fr6-2/3ac", "DOMSOI": "Fr", "PHASE1": "", "PHASE2": "", "MISCLU1": "", "MISCLU2": "", "PERMAFROST": "", "CNTCODE": 181, "CNTNAME": "ZI", "SQKM": 0.0, "COUNTRY": "ZIMBABWE", "SOIL_CODE": "Fr", "FAO_UNIT": "Fr6-2/3ac", "SOIL_NAME": "FAO Soil Unit: Fr6-2/3ac", "AREA_KM2": 0, "PHASE": ""}, "geometry": {"type": "Polygon", "coordinates": [[[33.03112030029297, -17.69576072692871], [33.034061431884766, -17.69601058959961], [33.02846145629883, -17.71463966369629], [33.03112030029297, -17.69576072692871]]]}}, {"type": "Feature", "properties": {"SNUM": 579, "FAOSOIL": "Fr6-2/3ac", "DOMSOI": "Fr", "PHASE1": "", "PHASE2": "", "MISCLU1": "", "MISCLU2": "", "PERMAFROST": "", "CNTCODE": 181, "CNTNAME": "ZI", "SQKM": 6.0, "COUNTRY": "ZIMBABWE", "SOIL_CODE": "Fr", "FAO_UNIT": "Fr6-2/3ac", "SOIL_NAME": "FAO Soil Unit: Fr6-2/3ac", "AREA_KM2": 6.0, "PHASE": ""}, "geometry": {"type": "Polygon", "coordinates": [[[33.02492141723633, -17.727439880371094], [33.02846145629883, -17.71463966369629], [33.03023147583008, -17.800180435180664], [33.020809173583984, -17.808740615844727], [33.02492141723633, -17.727439880371094]]]}}, {"type": "Feature", "properties": {"SNUM": 773, "FAOSOIL": "Lf84-1a", "DOMSOI": "Lf", "PHASE1": "", "PHASE2": "", "MISCLU1": "", "MISCLU2": "", "PERMAFROST": "", "CNTCODE": 181, "CNTNAME": "ZI", "SQKM": 2530.0, "COUNTRY": "ZIMBABWE", "SOIL_CODE": "Lf", "FAO_UNIT": "Lf84-1a", "SOIL_NAME": "FAO Soil Unit: Lf84-1a", "AREA_KM2": 2530.0, "PHASE": ""}, "geometry": {"type": "Polygon", "coordinates": [[[28.52165985107422, -18.045610427856445], [28.50511932373047, -18.05864906311035], [28.4914493560791, -18.059059143066406], [28.471860885620117, -18.068599700927734], [28.455490112304688, -18.087900161743164], [28.44573974609375, -18.107460021972656], [28.44662094116211, -18.149089813232422], [28.45730972290039, -18.158639907836914], [28.496990203857422, -18.154680252075195], [28.642919540405273, -18.190099716186523], [28.643030166625977, -18.19322967529297], [28.660480499267578, -18.221799850463867], [28.664779663085938, -18.266420364379883], [28.68490982055664, -18.275659561157227], [28.68946075439453, -18.313570022583008], [28.67650032043457, -18.349319458007812], [28.62795066833496, -18.420610427856445], [28.567039489746094, -18.418420791625977], [28.313810348510742, -18.391799926757812], [28.209569931030273, -18.393970489501953], [28.179109573364258, -18.40069007873535], [28.179210662841797, -18.40382957458496], [28.112220764160156, -18.349550247192383], [28.18815040588379, -18.24847984313965], [28.22245979309082, -18.22378921508789], [28.242450714111328, -18.21380043029785], [28.285430908203125, -18.171310424804688], [28.29861068725586, -18.15523910522461], [28.29804039001465, -18.123449325561523], [28.279260635375977, -18.05320930480957], [28.275859832763672, -18.050180435180664], [28.275400161743164, -18.021520614624023], [28.257829666137695, -17.98015022277832], [28.247209548950195, -17.94183921813965], [28.245790481567383, -17.88128089904785], [28.265249252319336, -17.85512924194336], [28.302160263061523, -17.82893943786621], [28.41206932067871, -17.768789291381836], [28.458200454711914, -17.736059188842773], [28.481660842895508, -17.732250213623047], [28.50221061706543, -17.748069763183594], [28.526819229125977, -17.79578971862793], [28.551319122314453, -17.83991050720215], [28.583080291748047, -17.919719696044922], [28.59347915649414, -17.93556022644043], [28.59119987487793, -17.967470169067383], [28.568479537963867, -18.006309509277344], [28.571760177612305, -18.0351505279541], [28.52165985107422, -18.045610427856445]]]}}, {"type": "Feature", "properties": {"SNUM": 579, "FAOSOIL": "Fr6-2/3ac", "DOMSOI": "Fr", "PHASE1": "", "PHASE2": "", "MISCLU1": "", "MISCLU2": "", "PERMAFROST": "", "CNTCODE": 181, "CNTNAME": "ZI", "SQKM": 3646.0, "COUNTRY": "ZIMBABWE", "SOIL_CODE": "Fr", "FAO_UNIT": "Fr6-2/3ac", "SOIL_NAME": "FAO Soil Unit: Fr6-2/3ac", "AREA_KM2": 3646.0, "PHASE": ""}, "geometry": {"type": "Polygon", "coordinates": [[[32.97332000732422, -17.898639678955078], [32.98495101928711, -17.962570190429688], [32.955230712890625, -17.995059967041016], [32.96097183227539, -18.02911949157715], [32.95832061767578, -18.055099487304688], [32.97417068481445, -18.066980361938477], [32.98780822753906, -18.11720085144043], [33.000770568847656, -18.190399169921875], [33.0006217956543, -18.26034927368164], [33.000789642333984, -18.270469665527344], [33.00334930419922, -18.28169059753418], [33.01525115966797, -18.29755973815918], [33.027278900146484, -18.30862045288086], [33.03569030761719, -18.31524085998535], [33.0465202331543, -18.3251895904541], [33.049041748046875, -18.334150314331055], [33.04566955566406, -18.344310760498047], [33.036380767822266, -18.35456085205078], [33.02598190307617, -18.369319915771484], [33.018070220947266, -18.390790939331055], [33.01250076293945, -18.411100387573242], [33.00804138183594, -18.42690086364746], [33.00714111328125, -18.439189910888672], [33.00381088256836, -18.452739715576172], [32.998130798339844, -18.467449188232422], [32.98529815673828, -18.479999542236328], [32.96179962158203, -18.492719650268555], [32.941810607910156, -18.50312042236328], [32.921539306640625, -18.50952911376953], [32.9061393737793, -18.510889053344727], [32.893150329589844, -18.514450073242188], [32.88610076904297, -18.517929077148438], [32.88019943237305, -18.5202693939209], [32.8743896484375, -18.527099609375], [32.87226867675781, -18.54060935974121], [32.87512969970703, -18.567520141601562], [32.88154983520508, -18.594369888305664], [32.89501953125, -18.61663055419922], [32.90488052368164, -18.636690139770508], [32.91584014892578, -18.652240753173828], [32.923248291015625, -18.66786003112793], [32.93178176879883, -18.680070877075195], [32.93798828125, -18.69569969177246], [32.93714141845703, -18.713680267333984], [32.9350700378418, -18.730560302734375], [32.928340911865234, -18.75200080871582], [32.92607116699219, -18.75765037536621], [32.91107940673828, -18.781469345092773], [32.90176010131836, -18.790599822998047], [32.88526916503906, -18.797590255737305], [32.866310119628906, -18.799009323120117], [32.8460807800293, -18.795949935913086], [32.825828552246094, -18.791770935058594], [32.812740325927734, -18.78972053527832], [32.79143142700195, -18.792299270629883], [32.7654914855957, -18.80168914794922], [32.743080139160156, -18.80876922607422], [32.72657012939453, -18.814640045166016], [32.713661193847656, -18.82270050048828], [32.707820892333984, -18.827280044555664], [32.70087814331055, -18.837499618530273], [32.6974983215332, -18.847660064697266], [32.69887924194336, -18.857749938964844], [32.700889587402344, -18.862579345703125], [32.672210693359375, -18.869110107421875], [32.664791107177734, -18.869760513305664], [32.570350646972656, -18.877910614013672], [32.57278060913086, -18.846399307250977], [32.57263946533203, -18.843320846557617], [32.60258102416992, -18.832889556884766], [32.6214599609375, -18.80385971069336], [32.62752914428711, -18.781509399414062], [32.6290397644043, -18.76190948486328], [32.62995147705078, -18.750019073486328], [32.64244842529297, -18.74527931213379], [32.666290283203125, -18.73625946044922], [32.672279357910156, -18.72319984436035], [32.66529083251953, -18.701339721679688], [32.65803146362305, -18.695430755615234], [32.64188003540039, -18.65723991394043], [32.64326858520508, -18.65498924255371], [32.6419792175293, -18.648239135742188], [32.6396484375, -18.63595962524414], [32.619571685791016, -18.636289596557617], [32.56550979614258, -18.571510314941406], [32.56052017211914, -18.56553077697754], [32.52595901489258, -18.506330490112305], [32.52606964111328, -18.49700927734375], [32.5116081237793, -18.475360870361328], [32.49365997314453, -18.42181968688965], [32.49258041381836, -18.389009475708008], [32.49137878417969, -18.352209091186523], [32.510108947753906, -18.31052017211914], [32.51007843017578, -18.29810905456543], [32.552581787109375, -18.274839401245117], [32.564510345458984, -18.244569778442383], [32.56782150268555, -18.236169815063477], [32.56803894042969, -18.229949951171875], [32.61940002441406, -18.171789169311523], [32.626121520996094, -18.164899826049805], [32.625999450683594, -18.161800384521484], [32.68281173706055, -18.169919967651367], [32.69810104370117, -18.181699752807617], [32.7064208984375, -18.188119888305664], [32.73677062988281, -18.199859619140625], [32.73704147338867, -18.206499099731445], [32.771541595458984, -18.240259170532227], [32.784629821777344, -18.23826026916504], [32.821189880371094, -18.23267936706543], [32.82371139526367, -18.22907066345215], [32.83707809448242, -18.20993995666504], [32.84315872192383, -18.175140380859375], [32.83454895019531, -18.112070083618164], [32.82027053833008, -18.09354019165039], [32.770320892333984, -18.082059860229492], [32.75979995727539, -18.0757999420166], [32.758628845214844, -18.03506088256836], [32.800689697265625, -17.980300903320312], [32.81019973754883, -17.96087074279785], [32.792808532714844, -17.933059692382812], [32.77915954589844, -17.91754913330078], [32.771141052246094, -17.866769790649414], [32.75086975097656, -17.86125946044922], [32.75674819946289, -17.832189559936523], [32.775699615478516, -17.803539276123047], [32.80826950073242, -17.764650344848633], [32.857181549072266, -17.763370513916016], [32.85511016845703, -17.782100677490234], [32.87228012084961, -17.804140090942383], [32.886539459228516, -17.83517074584961], [32.902408599853516, -17.9207706451416], [32.95227813720703, -17.91946029663086], [32.973819732666016, -17.890480041503906], [32.97332000732422, -17.898639678955078]]]}}, {"type": "Feature", "properties": {"SNUM": 708, "FAOSOIL": "Lc50-1/2a", "DOMSOI": "Lc", "PHASE1": "", "PHASE2": "", "MISCLU1": "", "MISCLU2": "", "PERMAFROST": "", "CNTCODE": 181, "CNTNAME": "ZI", "SQKM": 3509.0, "COUNTRY": "ZIMBABWE", "SOIL_CODE": "Lc", "FAO_UNIT": "Lc50-1/2a", "SOIL_NAME": "Chromic Luvisols (Lc) \u2014 Chrome\u2011rich clay; chrome/PGM pathfinder", "AREA_KM2": 3509.0, "PHASE": ""}, "geometry": {"type": "Polygon", "coordinates": [[[27.328609466552734, -17.856220245361328], [27.383670806884766, -17.912750244140625], [27.390850067138672, -17.948089599609375], [27.3812198638916, -17.973979949951172], [27.37895965576172, -18.009580612182617], [27.46632957458496, -17.99193000793457], [27.468780517578125, -17.96261978149414], [27.475479125976562, -17.94985008239746], [27.487939834594727, -17.907690048217773], [27.491350173950195, -17.895000457763672], [27.574539184570312, -17.838869094848633], [27.58414077758789, -17.82917022705078], [27.587629318237305, -17.819639205932617], [27.724700927734375, -17.778539657592773], [27.755359649658203, -17.777690887451172], [27.76866912841797, -17.78091049194336], [27.7691707611084, -17.79707908630371], [27.752689361572266, -17.829429626464844], [27.713369369506836, -17.871870040893555], [27.669979095458984, -17.90452003479004], [27.62019920349121, -17.94409942626953], [27.634279251098633, -17.972469329833984], [27.63861083984375, -18.001659393310547], [27.631519317626953, -18.017309188842773], [27.578739166259766, -18.066360473632812], [27.558340072631836, -18.063810348510742], [27.544509887695312, -18.044919967651367], [27.537790298461914, -18.041519165039062], [27.51091957092285, -18.058429718017578], [27.42831039428711, -18.126779556274414], [27.389150619506836, -18.19161033630371], [27.38945960998535, -18.217180252075195], [27.383129119873047, -18.226789474487305], [27.339479446411133, -18.237430572509766], [27.32284927368164, -18.250459671020508], [27.266080856323242, -18.280319213867188], [27.208810806274414, -18.294479370117188], [27.00724983215332, -18.352619171142578], [26.953550338745117, -18.35664939880371], [26.939929962158203, -18.34398078918457], [26.786439895629883, -18.291990280151367], [26.762699127197266, -18.28948974609375], [26.762500762939453, -18.28274917602539], [26.715579986572266, -18.28042984008789], [26.65777015686035, -18.278400421142578], [26.633739471435547, -18.266019821166992], [26.59324073791504, -18.257240295410156], [26.58283042907715, -18.241350173950195], [26.605619430541992, -18.21198081970215], [26.668899536132812, -18.159500122070312], [26.732580184936523, -18.120040893554688], [26.732280731201172, -18.110170364379883], [26.762649536132812, -18.096769332885742], [26.802289962768555, -18.04492950439453], [26.86578941345215, -18.012109756469727], [26.926210403442383, -17.991609573364258], [26.93946075439453, -17.975509643554688], [27.012439727783203, -17.952619552612305], [27.040029525756836, -17.95305061340332], [27.07607078552246, -17.9555606842041], [27.166589736938477, -17.933839797973633], [27.186920166015625, -17.932180404663086], [27.208200454711914, -17.92136001586914], [27.224279403686523, -17.890850067138672], [27.265270233154297, -17.855539321899414], [27.32509994506836, -17.84956932067871], [27.328609466552734, -17.856220245361328]]]}}, {"type": "Feature", "properties": {"SNUM": 772, "FAOSOIL": "Lf83-1a", "DOMSOI": "Lf", "PHASE1": "", "PHASE2": "", "MISCLU1": "", "MISCLU2": "", "PERMAFROST": "", "CNTCODE": 181, "CNTNAME": "ZI", "SQKM": 2930.0, "COUNTRY": "ZIMBABWE", "SOIL_CODE": "Lf", "FAO_UNIT": "Lf83-1a", "SOIL_NAME": "FAO Soil Unit: Lf83-1a", "AREA_KM2": 2930.0, "PHASE": ""}, "geometry": {"type": "Polygon", "coordinates": [[[29.836219787597656, -18.050199508666992], [29.832679748535156, -18.177600860595703], [29.81675910949707, -18.20669937133789], [29.77644920349121, -18.21109962463379], [29.738649368286133, -18.17970085144043], [29.708580017089844, -18.18065071105957], [29.662429809570312, -18.22007942199707], [29.59023094177246, -18.294729232788086], [29.577280044555664, -18.314350128173828], [29.550460815429688, -18.314760208129883], [29.550579071044922, -18.317880630493164], [29.54231071472168, -18.320459365844727], [29.517070770263672, -18.32832908630371], [29.285560607910156, -18.329959869384766], [29.27181053161621, -18.327259063720703], [29.206119537353516, -18.251949310302734], [29.199430465698242, -18.249019622802734], [29.174720764160156, -18.201499938964844], [29.173349380493164, -18.14743995666504], [29.183259963989258, -18.134170532226562], [29.18613052368164, -18.121559143066406], [29.181129455566406, -18.05777931213379], [29.146469116210938, -17.991600036621094], [29.135540008544922, -17.950149536132812], [29.137300491333008, -17.889179229736328], [29.144039154052734, -17.879560470581055], [29.191539764404297, -17.90726089477539], [29.225509643554688, -17.90983009338379], [29.228960037231445, -17.92898941040039], [29.235870361328125, -17.938629150390625], [29.263500213623047, -17.963350296020508], [29.2839298248291, -17.969449996948242], [29.410289764404297, -17.919069290161133], [29.46087074279785, -17.91128921508789], [29.452510833740234, -17.857330322265625], [29.45532989501953, -17.828569412231445], [29.471630096435547, -17.808820724487305], [29.501569747924805, -17.78911018371582], [29.52804946899414, -17.785390853881836], [29.551549911499023, -17.785120010375977], [29.585540771484375, -17.803319931030273], [29.630420684814453, -17.85416030883789], [29.65785026550293, -17.885229110717773], [29.68498992919922, -17.88125991821289], [29.694950103759766, -17.884090423583984], [29.709779739379883, -17.947629928588867], [29.714109420776367, -17.99268913269043], [29.724750518798828, -18.001760482788086], [29.738019943237305, -18.004940032958984], [29.744909286499023, -18.01412010192871], [29.778209686279297, -17.9974308013916], [29.80470085144043, -17.974689483642578], [29.82478904724121, -17.97093963623047], [29.828359603881836, -17.993209838867188], [29.846229553222656, -18.040510177612305], [29.836219787597656, -18.050199508666992]]]}}, {"type": "Feature", "properties": {"SNUM": 696, "FAOSOIL": "Je60", "DOMSOI": "Je", "PHASE1": "", "PHASE2": "", "MISCLU1": "", "MISCLU2": "", "PERMAFROST": "", "CNTCODE": 181, "CNTNAME": "ZI", "SQKM": 57.0, "COUNTRY": "ZIMBABWE", "SOIL_CODE": "Je", "FAO_UNIT": "Je60", "SOIL_NAME": "Eutric Fluvisols (Je) \u2014 River alluvium; placer mineral potential", "AREA_KM2": 57.0, "PHASE": ""}, "geometry": {"type": "Polygon", "coordinates": [[[25.281089782714844, -17.87944984436035], [25.272939682006836, -17.881839752197266], [25.22960090637207, -17.894569396972656], [25.247230529785156, -17.857580184936523], [25.249059677124023, -17.825469970703125], [25.242630004882812, -17.80265998840332], [25.24650001525879, -17.792850494384766], [25.29149055480957, -17.812610626220703], [25.32202911376953, -17.832639694213867], [25.33255958557129, -17.83431053161621], [25.281089782714844, -17.87944984436035]]]}}, {"type": "Feature", "properties": {"SNUM": 538, "FAOSOIL": "Fo77-2/3a", "DOMSOI": "Fo", "PHASE1": "", "PHASE2": "", "MISCLU1": "", "MISCLU2": "", "PERMAFROST": "", "CNTCODE": 181, "CNTNAME": "ZI", "SQKM": 0.0, "COUNTRY": "ZIMBABWE", "SOIL_CODE": "Fo", "FAO_UNIT": "Fo77-2/3a", "SOIL_NAME": "Orthic Ferralsols (Fo) \u2014 Classic Zimbabwe red soils; gold pathfinder", "AREA_KM2": 0, "PHASE": ""}, "geometry": {"type": "Polygon", "coordinates": [[[25.684480667114258, -17.82512092590332], [25.693639755249023, -17.81970977783203], [25.69529914855957, -17.824960708618164], [25.684480667114258, -17.82512092590332]]]}}, {"type": "Feature", "properties": {"SNUM": 642, "FAOSOIL": "I-Bc-V", "DOMSOI": "I", "PHASE1": "", "PHASE2": "", "MISCLU1": "", "MISCLU2": "", "PERMAFROST": "", "CNTCODE": 181, "CNTNAME": "ZI", "SQKM": 818.0, "COUNTRY": "ZIMBABWE", "SOIL_CODE": "I", "FAO_UNIT": "I-Bc-V", "SOIL_NAME": "Lithosols (I) \u2014 Shallow rocky soils; basement outcrop indicator", "AREA_KM2": 818.0, "PHASE": ""}, "geometry": {"type": "Polygon", "coordinates": [[[25.706600189208984, -17.86067008972168], [25.739030838012695, -17.857730865478516], [25.782669067382812, -17.871740341186523], [25.796560287475586, -17.901229858398438], [25.81599998474121, -17.908859252929688], [25.849380493164062, -17.92584991455078], [25.854949951171875, -17.928680419921875], [25.843639373779297, -17.960969924926758], [25.84947967529297, -17.970020294189453], [25.73617935180664, -17.97886085510254], [25.729360580444336, -17.97226905822754], [25.681589126586914, -17.957229614257812], [25.60717010498047, -17.95500946044922], [25.550230026245117, -17.968599319458008], [25.50956916809082, -17.98900032043457], [25.480030059814453, -18.017749786376953], [25.463130950927734, -18.02446937561035], [25.40485954284668, -17.99015998840332], [25.364030838012695, -17.987539291381836], [25.313589096069336, -17.998220443725586], [25.302400588989258, -17.988630294799805], [25.301969528198242, -17.983999252319336], [25.294130325317383, -17.958810806274414], [25.268739700317383, -17.950580596923828], [25.227439880371094, -17.91231918334961], [25.226329803466797, -17.901439666748047], [25.22960090637207, -17.894569396972656], [25.272939682006836, -17.881839752197266], [25.281089782714844, -17.87944984436035], [25.33255958557129, -17.83431053161621], [25.36071014404297, -17.838769912719727], [25.39488983154297, -17.859880447387695], [25.436979293823242, -17.85449981689453], [25.470739364624023, -17.863609313964844], [25.48094940185547, -17.873289108276367], [25.5025691986084, -17.87087059020996], [25.51559066772461, -17.877099990844727], [25.5262393951416, -17.86812973022461], [25.545080184936523, -17.86594009399414], [25.59429931640625, -17.849090576171875], [25.624099731445312, -17.852710723876953], [25.635440826416016, -17.854080200195312], [25.684480667114258, -17.82512092590332], [25.69529914855957, -17.824960708618164], [25.706600189208984, -17.86067008972168]]]}}, {"type": "Feature", "properties": {"SNUM": 874, "FAOSOIL": "Qc29-1a", "DOMSOI": "Qc", "PHASE1": "", "PHASE2": "", "MISCLU1": "", "MISCLU2": "", "PERMAFROST": "", "CNTCODE": 181, "CNTNAME": "ZI", "SQKM": 7.0, "COUNTRY": "ZIMBABWE", "SOIL_CODE": "Qc", "FAO_UNIT": "Qc29-1a", "SOIL_NAME": "Calcaric Arenosols (Qc) \u2014 Sandy calcareous; limestone indicator", "AREA_KM2": 7.0, "PHASE": ""}, "geometry": {"type": "Polygon", "coordinates": [[[25.554580688476562, -17.844249725341797], [25.59429931640625, -17.849090576171875], [25.545080184936523, -17.86594009399414], [25.5262393951416, -17.86812973022461], [25.554580688476562, -17.844249725341797]]]}}, {"type": "Feature", "properties": {"SNUM": 874, "FAOSOIL": "Qc29-1a", "DOMSOI": "Qc", "PHASE1": "", "PHASE2": "", "MISCLU1": "", "MISCLU2": "", "PERMAFROST": "", "CNTCODE": 181, "CNTNAME": "ZI", "SQKM": 4.0, "COUNTRY": "ZIMBABWE", "SOIL_CODE": "Qc", "FAO_UNIT": "Qc29-1a", "SOIL_NAME": "Calcaric Arenosols (Qc) \u2014 Sandy calcareous; limestone indicator", "AREA_KM2": 4.0, "PHASE": ""}, "geometry": {"type": "Polygon", "coordinates": [[[25.48094940185547, -17.873289108276367], [25.470739364624023, -17.863609313964844], [25.436979293823242, -17.85449981689453], [25.44774055480957, -17.853130340576172], [25.47433090209961, -17.857200622558594], [25.5025691986084, -17.87087059020996], [25.48094940185547, -17.873289108276367]]]}}, {"type": "Feature", "properties": {"SNUM": 712, "FAOSOIL": "Lc52-1a", "DOMSOI": "Lc", "PHASE1": "", "PHASE2": "", "MISCLU1": "", "MISCLU2": "", "PERMAFROST": "", "CNTCODE": 181, "CNTNAME": "ZI", "SQKM": 4.0, "COUNTRY": "ZIMBABWE", "SOIL_CODE": "Lc", "FAO_UNIT": "Lc52-1a", "SOIL_NAME": "Chromic Luvisols (Lc) \u2014 Chrome\u2011rich clay; chrome/PGM pathfinder", "AREA_KM2": 4.0, "PHASE": ""}, "geometry": {"type": "Polygon", "coordinates": [[[27.08112907409668, -17.89118003845215], [27.102630615234375, -17.86935043334961], [27.101449966430664, -17.883899688720703], [27.09193992614746, -17.895910263061523], [27.06941032409668, -17.907310485839844], [27.08112907409668, -17.89118003845215]]]}}, {"type": "Feature", "properties": {"SNUM": 1972, "FAOSOIL": "WATER", "DOMSOI": "WR", "PHASE1": "", "PHASE2": "", "MISCLU1": "", "MISCLU2": "", "PERMAFROST": "", "CNTCODE": 181, "CNTNAME": "ZI", "SQKM": 44.0, "COUNTRY": "ZIMBABWE", "SOIL_CODE": "WR", "FAO_UNIT": "WATER", "SOIL_NAME": "FAO Soil Unit: WATER", "AREA_KM2": 44.0, "PHASE": ""}, "geometry": {"type": "Polygon", "coordinates": [[[30.816970825195312, -17.941640853881836], [30.787750244140625, -17.92443084716797], [30.782550811767578, -17.912120819091797], [30.78784942626953, -17.901620864868164], [30.794780731201172, -17.887910842895508], [30.806360244750977, -17.878469467163086], [30.840129852294922, -17.889869689941406], [30.856740951538086, -17.92108917236328], [30.86400032043457, -17.924259185791016], [30.873960494995117, -17.936420440673828], [30.866430282592773, -17.945819854736328], [30.86370086669922, -17.949220657348633], [30.816970825195312, -17.941640853881836]]]}}, {"type": "Feature", "properties": {"SNUM": 649, "FAOSOIL": "I-L-Q-bc", "DOMSOI": "I", "PHASE1": "01", "PHASE2": "", "MISCLU1": "", "MISCLU2": "", "PERMAFROST": "", "CNTCODE": 181, "CNTNAME": "ZI", "SQKM": 5.0, "COUNTRY": "ZIMBABWE", "SOIL_CODE": "I", "FAO_UNIT": "I-L-Q-bc", "SOIL_NAME": "Lithosols (I) \u2014 Shallow rocky soils; basement outcrop indicator", "AREA_KM2": 5.0, "PHASE": "01"}, "geometry": {"type": "Polygon", "coordinates": [[[26.21091079711914, -17.91234016418457], [26.248580932617188, -17.8897705078125], [26.256479263305664, -17.90829086303711], [26.21091079711914, -17.91234016418457]]]}}, {"type": "Feature", "properties": {"SNUM": 952, "FAOSOIL": "V10-3a", "DOMSOI": "V", "PHASE1": "11", "PHASE2": "", "MISCLU1": "", "MISCLU2": "", "PERMAFROST": "", "CNTCODE": 181, "CNTNAME": "ZI", "SQKM": 108.0, "COUNTRY": "ZIMBABWE", "SOIL_CODE": "V", "FAO_UNIT": "V10-3a", "SOIL_NAME": "FAO Soil Unit: V10-3a", "AREA_KM2": 108.0, "PHASE": "11"}, "geometry": {"type": "Polygon", "coordinates": [[[25.317289352416992, -18.017269134521484], [25.331260681152344, -18.04258918762207], [25.389890670776367, -18.148500442504883], [25.292930603027344, -18.062759399414062], [25.274410247802734, -18.03904914855957], [25.250640869140625, -17.981260299682617], [25.22854995727539, -17.95754051208496], [25.217260360717773, -17.9325008392334], [25.226329803466797, -17.901439666748047], [25.227439880371094, -17.91231918334961], [25.268739700317383, -17.950580596923828], [25.294130325317383, -17.958810806274414], [25.301969528198242, -17.983999252319336], [25.302400588989258, -17.988630294799805], [25.313589096069336, -17.998220443725586], [25.317289352416992, -18.017269134521484]]]}}, {"type": "Feature", "properties": {"SNUM": 642, "FAOSOIL": "I-Bc-V", "DOMSOI": "I", "PHASE1": "", "PHASE2": "", "MISCLU1": "", "MISCLU2": "", "PERMAFROST": "", "CNTCODE": 181, "CNTNAME": "ZI", "SQKM": 7002.0, "COUNTRY": "ZIMBABWE", "SOIL_CODE": "I", "FAO_UNIT": "I-Bc-V", "SOIL_NAME": "Lithosols (I) \u2014 Shallow rocky soils; basement outcrop indicator", "AREA_KM2": 7002.0, "PHASE": ""}, "geometry": {"type": "Polygon", "coordinates": [[[26.258750915527344, -17.9135799407959], [26.292200088500977, -17.903730392456055], [26.302080154418945, -17.91497039794922], [26.34061050415039, -17.903289794921875], [26.369449615478516, -17.91585922241211], [26.396440505981445, -17.911500930786133], [26.417490005493164, -17.91459083557129], [26.434650421142578, -17.927080154418945], [26.450809478759766, -17.919490814208984], [26.49570083618164, -17.926090240478516], [26.54669952392578, -17.93362045288086], [26.594430923461914, -17.949020385742188], [26.622020721435547, -17.97123908996582], [26.64236068725586, -17.961519241333008], [26.629690170288086, -17.988239288330078], [26.641040802001953, -18.010889053344727], [26.684289932250977, -18.008840560913086], [26.692920684814453, -18.034570693969727], [26.6789493560791, -18.053129196166992], [26.69293975830078, -18.083629608154297], [26.733610153198242, -18.074729919433594], [26.766590118408203, -18.04660987854004], [26.78639030456543, -18.02107048034668], [26.803529739379883, -17.97640037536621], [26.826400756835938, -17.978200912475586], [26.834360122680664, -18.015430450439453], [26.86005973815918, -17.978609085083008], [26.89361000061035, -17.97446060180664], [26.902790069580078, -17.955970764160156], [26.910860061645508, -17.951719284057617], [26.929210662841797, -17.941150665283203], [26.93946075439453, -17.975509643554688], [26.926210403442383, -17.991609573364258], [26.86578941345215, -18.012109756469727], [26.802289962768555, -18.04492950439453], [26.762649536132812, -18.096769332885742], [26.732280731201172, -18.110170364379883], [26.732580184936523, -18.120040893554688], [26.668899536132812, -18.159500122070312], [26.605619430541992, -18.21198081970215], [26.58283042907715, -18.241350173950195], [26.59324073791504, -18.257240295410156], [26.633739471435547, -18.266019821166992], [26.65777015686035, -18.278400421142578], [26.715579986572266, -18.28042984008789], [26.762500762939453, -18.28274917602539], [26.762699127197266, -18.28948974609375], [26.786439895629883, -18.291990280151367], [26.939929962158203, -18.34398078918457], [26.953550338745117, -18.35664939880371], [27.00724983215332, -18.352619171142578], [27.208810806274414, -18.294479370117188], [27.266080856323242, -18.280319213867188], [27.26357078552246, -18.322139739990234], [27.240829467773438, -18.36720085144043], [27.241649627685547, -18.425079345703125], [27.104259490966797, -18.478729248046875], [27.030399322509766, -18.48978042602539], [27.019939422607422, -18.473899841308594], [26.968599319458008, -18.449230194091797], [26.89698028564453, -18.395919799804688], [26.889869689941406, -18.37993049621582], [26.866220474243164, -18.380569458007812], [26.771610260009766, -18.382240295410156], [26.70775032043457, -18.399240493774414], [26.633869171142578, -18.445709228515625], [26.63102912902832, -18.461959838867188], [26.5846004486084, -18.52014923095703], [26.517929077148438, -18.585670471191406], [26.444700241088867, -18.628170013427734], [26.39504051208496, -18.68021011352539], [26.385669708251953, -18.7154598236084], [26.372020721435547, -18.718969345092773], [26.348899841308594, -18.754589080810547], [26.330419540405273, -18.775339126586914], [26.299360275268555, -18.81022071838379], [26.29281997680664, -18.82969093322754], [26.248929977416992, -18.820560455322266], [26.245519638061523, -18.8175106048584], [26.21462059020996, -18.814760208129883], [26.170839309692383, -18.8092098236084], [26.06563949584961, -18.81114959716797], [26.021560668945312, -18.811899185180664], [25.889339447021484, -18.79458999633789], [25.799610137939453, -18.77667999267578], [25.798620223999023, -18.773670196533203], [25.804109573364258, -18.7514705657959], [25.821210861206055, -18.72842025756836], [25.83060073852539, -18.71575927734375], [25.886240005493164, -18.62179946899414], [25.9058895111084, -18.579530715942383], [25.905160903930664, -18.5539493560791], [25.89150047302246, -18.541290283203125], [25.785940170288086, -18.511520385742188], [25.693979263305664, -18.461219787597656], [25.690399169921875, -18.451860427856445], [25.723350524902344, -18.409629821777344], [25.73287010192871, -18.376989364624023], [25.735069274902344, -18.303150177001953], [25.744430541992188, -18.264659881591797], [25.818479537963867, -18.23443031311035], [25.862459182739258, -18.230609893798828], [25.882999420166016, -18.23638916015625], [25.947669982910156, -18.27747917175293], [25.995420455932617, -18.289310455322266], [26.01580047607422, -18.290470123291016], [26.00933074951172, -18.318330764770508], [25.993059158325195, -18.340660095214844], [25.99017906188965, -18.373130798339844], [26.037330627441406, -18.36928939819336], [26.134429931640625, -18.31954002380371], [26.171180725097656, -18.280349731445312], [26.17081069946289, -18.26732063293457], [26.163999557495117, -18.26120948791504], [26.106430053710938, -18.25238037109375], [26.12190055847168, -18.19757080078125], [26.128450393676758, -18.161880493164062], [26.16143035888672, -18.122800827026367], [26.208120346069336, -18.099550247192383], [26.329179763793945, -18.059049606323242], [26.352399826049805, -18.026519775390625], [26.345300674438477, -18.010520935058594], [26.335939407348633, -18.005970001220703], [26.247289657592773, -18.012189865112305], [26.233919143676758, -17.99357032775879], [26.131620407104492, -17.9468994140625], [26.124269485473633, -17.93269920349121], [26.195890426635742, -17.917089462280273], [26.207059860229492, -17.914649963378906], [26.21091079711914, -17.91234016418457], [26.256479263305664, -17.90829086303711], [26.258750915527344, -17.9135799407959]], [[26.46816062927246, -18.24601936340332], [26.488239288330078, -18.23604965209961], [26.517919540405273, -18.20716094970703], [26.510530471801758, -18.181760787963867], [26.476560592651367, -18.15947914123535], [26.45638084411621, -18.15011978149414], [26.351919174194336, -18.174440383911133], [26.342050552368164, -18.19359016418457], [26.345930099487305, -18.212810516357422], [26.363059997558594, -18.232149124145508], [26.40376091003418, -18.24725914001465], [26.46816062927246, -18.24601936340332]], [[26.248340606689453, -18.442419052124023], [26.328689575195312, -18.386810302734375], [26.33172035217285, -18.376840591430664], [26.30777931213379, -18.351850509643555], [26.25316047668457, -18.330350875854492], [26.22616958618164, -18.330610275268555], [26.19576072692871, -18.3439998626709], [26.159379959106445, -18.380020141601562], [26.153200149536133, -18.412099838256836], [26.160009384155273, -18.41822052001953], [26.201000213623047, -18.443220138549805], [26.215009689331055, -18.452739715576172], [26.248340606689453, -18.442419052124023]]]}}, {"type": "Feature", "properties": {"SNUM": 649, "FAOSOIL": "I-L-Q-bc", "DOMSOI": "I", "PHASE1": "01", "PHASE2": "", "MISCLU1": "", "MISCLU2": "", "PERMAFROST": "", "CNTCODE": 181, "CNTNAME": "ZI", "SQKM": 42.0, "COUNTRY": "ZIMBABWE", "SOIL_CODE": "I", "FAO_UNIT": "I-L-Q-bc", "SOIL_NAME": "Lithosols (I) \u2014 Shallow rocky soils; basement outcrop indicator", "AREA_KM2": 42.0, "PHASE": "01"}, "geometry": {"type": "Polygon", "coordinates": [[[26.622020721435547, -17.97123908996582], [26.594430923461914, -17.949020385742188], [26.54669952392578, -17.93362045288086], [26.49570083618164, -17.926090240478516], [26.450809478759766, -17.919490814208984], [26.47035026550293, -17.910320281982422], [26.514680862426758, -17.907169342041016], [26.547100067138672, -17.906469345092773], [26.575389862060547, -17.933300018310547], [26.624759674072266, -17.937959671020508], [26.647890090942383, -17.950029373168945], [26.64236068725586, -17.961519241333008], [26.622020721435547, -17.97123908996582]]]}}, {"type": "Feature", "properties": {"SNUM": 649, "FAOSOIL": "I-L-Q-bc", "DOMSOI": "I", "PHASE1": "01", "PHASE2": "", "MISCLU1": "", "MISCLU2": "", "PERMAFROST": "", "CNTCODE": 181, "CNTNAME": "ZI", "SQKM": 0.0, "COUNTRY": "ZIMBABWE", "SOIL_CODE": "I", "FAO_UNIT": "I-L-Q-bc", "SOIL_NAME": "Lithosols (I) \u2014 Shallow rocky soils; basement outcrop indicator", "AREA_KM2": 0, "PHASE": "01"}, "geometry": {"type": "Polygon", "coordinates": [[[26.396440505981445, -17.911500930786133], [26.41019058227539, -17.90928077697754], [26.417490005493164, -17.91459083557129], [26.396440505981445, -17.911500930786133]]]}}, {"type": "Feature", "properties": {"SNUM": 882, "FAOSOIL": "Qc38-1a", "DOMSOI": "Qc", "PHASE1": "", "PHASE2": "", "MISCLU1": "", "MISCLU2": "", "PERMAFROST": "", "CNTCODE": 181, "CNTNAME": "ZI", "SQKM": 3206.0, "COUNTRY": "ZIMBABWE", "SOIL_CODE": "Qc", "FAO_UNIT": "Qc38-1a", "SOIL_NAME": "Calcaric Arenosols (Qc) \u2014 Sandy calcareous; limestone indicator", "AREA_KM2": 3206.0, "PHASE": ""}, "geometry": {"type": "Polygon", "coordinates": [[[26.131620407104492, -17.9468994140625], [26.233919143676758, -17.99357032775879], [26.247289657592773, -18.012189865112305], [26.335939407348633, -18.005970001220703], [26.345300674438477, -18.010520935058594], [26.352399826049805, -18.026519775390625], [26.329179763793945, -18.059049606323242], [26.208120346069336, -18.099550247192383], [26.16143035888672, -18.122800827026367], [26.128450393676758, -18.161880493164062], [26.12190055847168, -18.19757080078125], [26.106430053710938, -18.25238037109375], [26.163999557495117, -18.26120948791504], [26.17081069946289, -18.26732063293457], [26.171180725097656, -18.280349731445312], [26.134429931640625, -18.31954002380371], [26.037330627441406, -18.36928939819336], [25.99017906188965, -18.373130798339844], [25.993059158325195, -18.340660095214844], [26.00933074951172, -18.318330764770508], [26.01580047607422, -18.290470123291016], [25.995420455932617, -18.289310455322266], [25.947669982910156, -18.27747917175293], [25.882999420166016, -18.23638916015625], [25.862459182739258, -18.230609893798828], [25.818479537963867, -18.23443031311035], [25.744430541992188, -18.264659881591797], [25.735069274902344, -18.303150177001953], [25.73287010192871, -18.376989364624023], [25.723350524902344, -18.409629821777344], [25.690399169921875, -18.451860427856445], [25.673349380493164, -18.452299118041992], [25.65604019165039, -18.426639556884766], [25.58336067199707, -18.353809356689453], [25.450899124145508, -18.231760025024414], [25.44651985168457, -18.22039031982422], [25.429109573364258, -18.192079544067383], [25.397079467773438, -18.15485954284668], [25.389890670776367, -18.148500442504883], [25.331260681152344, -18.04258918762207], [25.317289352416992, -18.017269134521484], [25.313589096069336, -17.998220443725586], [25.364030838012695, -17.987539291381836], [25.40485954284668, -17.99015998840332], [25.463130950927734, -18.02446937561035], [25.480030059814453, -18.017749786376953], [25.50956916809082, -17.98900032043457], [25.550230026245117, -17.968599319458008], [25.60717010498047, -17.95500946044922], [25.681589126586914, -17.957229614257812], [25.729360580444336, -17.97226905822754], [25.73617935180664, -17.97886085510254], [25.84947967529297, -17.970020294189453], [25.86482048034668, -17.993749618530273], [25.897159576416016, -17.986230850219727], [25.9153995513916, -17.99502944946289], [25.934579849243164, -17.9912109375], [25.951759338378906, -18.00575065612793], [25.965909957885742, -17.992870330810547], [25.988889694213867, -17.998140335083008], [26.021970748901367, -17.97100067138672], [26.09099006652832, -17.939950942993164], [26.104900360107422, -17.936920166015625], [26.124269485473633, -17.93269920349121], [26.131620407104492, -17.9468994140625]]]}}, {"type": "Feature", "properties": {"SNUM": 649, "FAOSOIL": "I-L-Q-bc", "DOMSOI": "I", "PHASE1": "01", "PHASE2": "", "MISCLU1": "", "MISCLU2": "", "PERMAFROST": "", "CNTCODE": 181, "CNTNAME": "ZI", "SQKM": 6.0, "COUNTRY": "ZIMBABWE", "SOIL_CODE": "I", "FAO_UNIT": "I-L-Q-bc", "SOIL_NAME": "Lithosols (I) \u2014 Shallow rocky soils; basement outcrop indicator", "AREA_KM2": 6.0, "PHASE": "01"}, "geometry": {"type": "Polygon", "coordinates": [[[26.063270568847656, -17.93709945678711], [26.09099006652832, -17.939950942993164], [26.021970748901367, -17.97100067138672], [26.063270568847656, -17.93709945678711]]]}}, {"type": "Feature", "properties": {"SNUM": 767, "FAOSOIL": "Lf81-2a", "DOMSOI": "Lf", "PHASE1": "", "PHASE2": "", "MISCLU1": "", "MISCLU2": "", "PERMAFROST": "", "CNTCODE": 181, "CNTNAME": "ZI", "SQKM": 31855.0, "COUNTRY": "ZIMBABWE", "SOIL_CODE": "Lf", "FAO_UNIT": "Lf81-2a", "SOIL_NAME": "FAO Soil Unit: Lf81-2a", "AREA_KM2": 31855.0, "PHASE": ""}, "geometry": {"type": "Polygon", "coordinates": [[[30.56587028503418, -17.97372055053711], [30.586139678955078, -17.97662925720215], [30.586000442504883, -17.98600959777832], [30.607189178466797, -18.011329650878906], [30.650789260864258, -18.038570404052734], [30.667789459228516, -18.04157066345215], [30.66766929626465, -18.05093002319336], [30.68514060974121, -18.06637954711914], [30.68889045715332, -18.079179763793945], [30.78268051147461, -18.076940536499023], [30.82617950439453, -18.08530044555664], [30.836610794067383, -18.100990295410156], [30.917850494384766, -18.127689361572266], [30.951589584350586, -18.130029678344727], [31.036500930786133, -18.136369705200195], [31.052040100097656, -18.13743019104004], [31.155559539794922, -18.135229110717773], [31.208580017089844, -18.124069213867188], [31.27121925354004, -18.15035057067871], [31.282880783081055, -18.164390563964844], [31.286399841308594, -18.168609619140625], [31.29829978942871, -18.188379287719727], [31.328210830688477, -18.213449478149414], [31.3587703704834, -18.215959548950195], [31.362159729003906, -18.21895980834961], [31.356210708618164, -18.24764060974121], [31.355579376220703, -18.26474952697754], [31.35527992248535, -18.272769927978516], [31.354129791259766, -18.30467987060547], [31.351940155029297, -18.33367919921875], [31.35778045654297, -18.345670700073242], [31.36260986328125, -18.35556983947754], [31.367090225219727, -18.399919509887695], [31.344989776611328, -18.44828987121582], [31.342920303344727, -18.492860794067383], [31.356769561767578, -18.53013038635254], [31.363929748535156, -18.532989501953125], [31.36520004272461, -18.58979034423828], [31.36747932434082, -18.659879684448242], [31.3776798248291, -18.66884994506836], [31.381839752197266, -18.69091033935547], [31.388660430908203, -18.697330474853516], [31.37936019897461, -18.735410690307617], [31.37359046936035, -18.749919891357422], [31.36397933959961, -18.774150848388672], [31.366130828857422, -18.853130340576172], [31.359699249267578, -18.856470108032227], [31.309669494628906, -18.86090087890625], [31.309940338134766, -18.879989624023438], [31.33186912536621, -18.93651008605957], [31.261930465698242, -18.947860717773438], [31.232070922851562, -18.96446990966797], [31.20969009399414, -18.99696922302246], [31.19441032409668, -19.00263023376465], [31.1627197265625, -19.013750076293945], [31.153810501098633, -19.04865074157715], [31.1743106842041, -19.067399978637695], [31.183490753173828, -19.068679809570312], [31.30562973022461, -19.085649490356445], [31.352680206298828, -19.08746910095215], [31.36642074584961, -19.09050941467285], [31.37063980102539, -19.124929428100586], [31.386280059814453, -19.197490692138672], [31.3764591217041, -19.21026039123535], [31.30950927734375, -19.215370178222656], [31.289600372314453, -19.222299575805664], [31.247379302978516, -19.258420944213867], [31.22827911376953, -19.29680061340332], [31.221630096435547, -19.306350708007812], [31.219640731811523, -19.338329315185547], [31.2296199798584, -19.3410701751709], [31.303279876708984, -19.33926010131836], [31.307199478149414, -19.354629516601562], [31.37342071533203, -19.363719940185547], [31.409170150756836, -19.368629455566406], [31.451929092407227, -19.36376953125], [31.505149841308594, -19.3518009185791], [31.538040161132812, -19.344079971313477], [31.55430030822754, -19.303030014038086], [31.578399658203125, -19.279680252075195], [31.61651039123535, -19.249099731445312], [31.643749237060547, -19.21441078186035], [31.672250747680664, -19.181909561157227], [31.708080291748047, -19.15365982055664], [31.733200073242188, -19.16284942626953], [31.755640029907227, -19.12748908996582], [31.784910202026367, -19.09804916381836], [31.78813934326172, -19.085540771484375], [31.814180374145508, -19.06907081604004], [31.820680618286133, -19.05599021911621], [31.85287094116211, -19.05327033996582], [31.877239227294922, -19.051210403442383], [32.006839752197266, -19.007219314575195], [32.053279876708984, -18.99666976928711], [32.125770568847656, -18.986440658569336], [32.16299057006836, -18.98103904724121], [32.27579879760742, -18.95870018005371], [32.3857307434082, -18.946210861206055], [32.38682174682617, -18.98426055908203], [32.35363006591797, -18.985050201416016], [32.30392074584961, -19.00550079345703], [32.2044792175293, -19.042470932006836], [32.15911102294922, -19.05954933166504], [32.022830963134766, -19.11087989807129], [31.884389877319336, -19.177549362182617], [31.878360748291016, -19.190610885620117], [31.86804962158203, -19.190549850463867], [31.77553939819336, -19.22191047668457], [31.76034927368164, -19.236730575561523], [31.757049560546875, -19.242000579833984], [31.755359649658203, -19.248489379882812], [31.753089904785156, -19.257280349731445], [31.790420532226562, -19.274919509887695], [31.79475975036621, -19.300430297851562], [31.78523063659668, -19.319379806518555], [31.750139236450195, -19.377349853515625], [31.741409301757812, -19.41575050354004], [31.743179321289062, -19.469249725341797], [31.75695037841797, -19.484670639038086], [31.793439865112305, -19.470909118652344], [31.831890106201172, -19.425640106201172], [31.83563995361328, -19.425500869750977], [31.840879440307617, -19.393869400024414], [31.862930297851562, -19.348779678344727], [31.87598991394043, -19.335899353027344], [31.883020401000977, -19.335630416870117], [31.892269134521484, -19.310060501098633], [31.904939651489258, -19.28788948059082], [31.907560348510742, -19.2718505859375], [31.933950424194336, -19.252269744873047], [31.986370086669922, -19.21578025817871], [32.023319244384766, -19.206520080566406], [32.082008361816406, -19.191280364990234], [32.0985107421875, -19.18893051147461], [32.191890716552734, -19.175569534301758], [32.198768615722656, -19.17222023010254], [32.205318450927734, -19.17197036743164], [32.233070373535156, -19.19654083251953], [32.29283142089844, -19.191600799560547], [32.30665969848633, -19.197250366210938], [32.320430755615234, -19.2126407623291], [32.336299896240234, -19.288070678710938], [32.373191833496094, -19.29637908935547], [32.40095901489258, -19.305599212646484], [32.417381286621094, -19.3110408782959], [32.424198150634766, -19.316970825195312], [32.43415832519531, -19.32012939453125], [32.491180419921875, -19.327669143676758], [32.56455993652344, -19.319730758666992], [32.60007858276367, -19.286989212036133], [32.607261657714844, -19.283689498901367], [32.66611862182617, -19.256589889526367], [32.68218994140625, -19.249780654907227], [32.68558883666992, -19.249679565429688], [32.71910858154297, -19.248769760131836], [32.72932815551758, -19.258079528808594], [32.7298698425293, -19.27042007446289], [32.71717071533203, -19.289899826049805], [32.70412826538086, -19.294830322265625], [32.654579162597656, -19.31355094909668], [32.64876174926758, -19.32554054260254], [32.64213180541992, -19.33919906616211], [32.65945816040039, -19.361040115356445], [32.65645980834961, -19.367340087890625], [32.654850006103516, -19.427000045776367], [32.64636993408203, -19.4683895111084], [32.63079071044922, -19.51909065246582], [32.60622024536133, -19.586170196533203], [32.6036491394043, -19.601699829101562], [32.58723831176758, -19.611610412597656], [32.560691833496094, -19.625030517578125], [32.54848098754883, -19.562519073486328], [32.53071975708008, -19.52227020263672], [32.51356887817383, -19.50098991394043], [32.483489990234375, -19.498600006103516], [32.47024154663086, -19.495569229125977], [32.42715072631836, -19.50650978088379], [32.421958923339844, -19.562570571899414], [32.41938018798828, -19.578550338745117], [32.40304183959961, -19.601259231567383], [32.39347839355469, -19.607820510864258], [32.35306930541992, -19.60589027404785], [32.32238006591797, -19.59078025817871], [32.31528091430664, -19.578710556030273], [32.31713104248047, -19.51913070678711], [32.32286834716797, -19.499900817871094], [32.3247184753418, -19.45561981201172], [32.22780990600586, -19.44607925415039], [32.14405822753906, -19.448410034179688], [32.12459945678711, -19.464630126953125], [32.10895919799805, -19.5002498626709], [32.1072883605957, -19.562700271606445], [32.095481872558594, -19.613460540771484], [32.0830192565918, -19.63909912109375], [32.0837287902832, -19.65496063232422], [32.073570251464844, -19.65843963623047], [32.070838928222656, -19.670909881591797], [32.054771423339844, -19.699779510498047], [32.01668167114258, -19.760860443115234], [32.0169792175293, -19.767459869384766], [32.058319091796875, -19.800670623779297], [32.072139739990234, -19.81599998474121], [32.06721115112305, -19.86341094970703], [32.052398681640625, -19.920469284057617], [32.0363883972168, -19.9400691986084], [32.04634094238281, -19.94277000427246], [32.15724182128906, -19.958219528198242], [32.20492172241211, -19.975740432739258], [32.22555923461914, -19.996980667114258], [32.19327926635742, -20.038930892944336], [32.109649658203125, -20.047639846801758], [32.080360412597656, -20.064250946044922], [32.071659088134766, -20.099380493164062], [32.05873107910156, -20.124570846557617], [32.01387023925781, -20.17967987060547], [31.976810455322266, -20.256139755249023], [31.973899841308594, -20.2747802734375], [31.980899810791016, -20.284189224243164], [31.978029251098633, -20.293569564819336], [31.850099563598633, -20.385969161987305], [31.791229248046875, -20.425350189208984], [31.7450008392334, -20.442630767822266], [31.72895050048828, -20.447059631347656], [31.668380737304688, -20.463769912719727], [31.658340454101562, -20.470340728759766], [31.558670043945312, -20.489370346069336], [31.43848991394043, -20.520370483398438], [31.38167953491211, -20.534679412841797], [31.294979095458984, -20.556529998779297], [31.182889938354492, -20.59623908996582], [31.062149047851562, -20.639009475708008], [31.035390853881836, -20.64628028869629], [30.995580673217773, -20.657100677490234], [30.941120147705078, -20.632789611816406], [30.90302085876465, -20.593259811401367], [30.88534927368164, -20.578079223632812], [30.818090438842773, -20.58292007446289], [30.728330612182617, -20.498079299926758], [30.728050231933594, -20.4914608001709], [30.710969924926758, -20.489009857177734], [30.680309295654297, -20.477359771728516], [30.633079528808594, -20.47517967224121], [30.636249542236328, -20.471969604492188], [30.562349319458008, -20.47433090209961], [30.555469512939453, -20.46796989440918], [30.477630615234375, -20.454500198364258], [30.40608024597168, -20.424850463867188], [30.392349243164062, -20.41253089904785], [30.390459060668945, -20.355960845947266], [30.40294075012207, -20.327180862426758], [30.40604019165039, -20.31113052368164], [30.34453010559082, -20.284650802612305], [30.31376075744629, -20.282249450683594], [30.30108070373535, -20.29511070251465], [30.285219192504883, -20.333309173583984], [30.261119842529297, -20.42268943786621], [30.25225067138672, -20.470369338989258], [30.246749877929688, -20.508180618286133], [30.2161808013916, -20.56414031982422], [30.208389282226562, -20.578659057617188], [30.187950134277344, -20.575899124145508], [30.13759994506836, -20.554380416870117], [30.126319885253906, -20.549549102783203], [30.11297035217285, -20.54652976989746], [30.11825942993164, -20.490049362182617], [30.121789932250977, -20.483720779418945], [30.14698028564453, -20.43532943725586], [30.156280517578125, -20.40976905822754], [30.163959503173828, -20.333810806274414], [30.165620803833008, -20.283309936523438], [30.17494010925293, -20.257740020751953], [30.18147087097168, -20.244670867919922], [30.184009552001953, -20.225770950317383], [30.173030853271484, -20.200729370117188], [30.1627197265625, -20.19137954711914], [30.142459869384766, -20.192129135131836], [30.12285041809082, -20.208349227905273], [30.11050033569336, -20.240219116210938], [30.109479904174805, -20.24810028076172], [30.102310180664062, -20.303800582885742], [30.072410583496094, -20.311100006103516], [30.02117919921875, -20.293529510498047], [30.01158905029297, -20.312469482421875], [30.014080047607422, -20.39468002319336], [30.01078987121582, -20.394800186157227], [29.975059509277344, -20.430530548095703], [29.942800521850586, -20.485300064086914], [29.96190071105957, -20.55970001220703], [29.964040756225586, -20.63256072998047], [29.887929916381836, -20.6787109375], [29.841100692749023, -20.689729690551758], [29.83077049255371, -20.680389404296875], [29.826120376586914, -20.64872932434082], [29.839290618896484, -20.635860443115234], [29.837080001831055, -20.58785057067871], [29.82387924194336, -20.573230743408203], [29.823219299316406, -20.557329177856445], [29.8160400390625, -20.544279098510742], [29.814680099487305, -20.494800567626953], [29.800390243530273, -20.457210540771484], [29.783029556274414, -20.448530197143555], [29.808589935302734, -20.403310775756836], [29.821889877319336, -20.393529891967773], [29.83824920654297, -20.377439498901367], [29.871299743652344, -20.330350875854492], [29.889209747314453, -20.271499633789062], [29.891990661621094, -20.2585506439209], [29.895009994506836, -20.239839553833008], [29.896589279174805, -20.185739517211914], [29.914020538330078, -20.13153076171875], [29.9150390625, -20.12837028503418], [29.924270629882812, -20.099689483642578], [29.940750122070312, -20.08669090270996], [29.95075035095215, -20.0770206451416], [29.960660934448242, -20.076669692993164], [29.966960906982422, -20.057390213012695], [30.00295066833496, -20.012840270996094], [30.035579681396484, -19.98016929626465], [30.054519653320312, -19.935590744018555], [30.066770553588867, -19.90011978149414], [30.06955909729004, -19.887609481811523], [30.07939910888672, -19.8743896484375], [30.082210540771484, -19.848400115966797], [30.084550857543945, -19.826759338378906], [30.111469268798828, -19.733190536499023], [30.13043975830078, -19.66727066040039], [30.13714027404785, -19.6577091217041], [30.152259826660156, -19.60041046142578], [30.16754913330078, -19.558629989624023], [30.17060089111328, -19.552310943603516], [30.178789138793945, -19.46347999572754], [30.18840980529785, -19.444480895996094], [30.18781089782715, -19.421199798583984], [30.187519073486328, -19.40941047668457], [30.198949813842773, -19.352149963378906], [30.20549964904785, -19.33902931213379], [30.208160400390625, -19.32621955871582], [30.211450576782227, -19.31039047241211], [30.25827980041504, -19.182130813598633], [30.27688980102539, -19.12771987915039], [30.28322982788086, -19.121280670166016], [30.334060668945312, -19.13283920288086], [30.43985939025879, -19.177579879760742], [30.481239318847656, -19.21282958984375], [30.50823974609375, -19.236379623413086], [30.575109481811523, -19.26889991760254], [30.583059310913086, -19.27276039123535], [30.606660842895508, -19.275020599365234], [30.6070499420166, -19.28476905822754], [30.588760375976562, -19.34532928466797], [30.559730529785156, -19.384090423583984], [30.54058074951172, -19.422500610351562], [30.551069259643555, -19.438100814819336], [30.578350067138672, -19.450000762939453], [30.651870727539062, -19.442039489746094], [30.662450790405273, -19.447879791259766], [30.6781005859375, -19.415809631347656], [30.70108985900879, -19.402559280395508], [30.75511932373047, -19.401079177856445], [30.82929039001465, -19.421510696411133], [30.866369247436523, -19.41444969177246], [30.86944007873535, -19.413860321044922], [30.89240074157715, -19.3881893157959], [30.90373992919922, -19.33053970336914], [30.920259475708008, -19.30820083618164], [30.973060607910156, -19.28767967224121], [30.976470947265625, -19.290660858154297], [30.98876953125, -19.363449096679688], [31.00918960571289, -19.372190475463867], [31.062820434570312, -19.37421989440918], [31.076160430908203, -19.36751937866211], [31.05820083618164, -19.330059051513672], [31.050020217895508, -19.279390335083008], [31.07094955444336, -19.193519592285156], [31.07411003112793, -19.19029998779297], [31.084949493408203, -19.110559463500977], [31.079710006713867, -19.050920486450195], [31.062070846557617, -18.99452018737793], [31.061460494995117, -18.96916961669922], [31.050260543823242, -18.949899673461914], [31.02996063232422, -18.931640625], [31.022510528564453, -18.897260665893555], [31.02845001220703, -18.881059646606445], [31.035110473632812, -18.87150001525879], [31.047990798950195, -18.864830017089844], [31.078449249267578, -18.863750457763672], [31.080860137939453, -18.841459274291992], [31.09671974182129, -18.803150177001953], [31.105920791625977, -18.77440071105957], [31.105539321899414, -18.750410079956055], [31.10940933227539, -18.750450134277344], [31.158079147338867, -18.728580474853516], [31.160959243774414, -18.725339889526367], [31.184139251708984, -18.69923973083496], [31.196630477905273, -18.67037010192871], [31.199909210205078, -18.670249938964844], [31.198509216308594, -18.622779846191406], [31.19886016845703, -18.619659423828125], [31.189790725708008, -18.544029235839844], [31.16921043395996, -18.508359909057617], [31.15159034729004, -18.478479385375977], [31.13327980041504, -18.42793083190918], [31.127229690551758, -18.419719696044922], [31.112529754638672, -18.399709701538086], [31.078569412231445, -18.381729125976562], [31.06825065612793, -18.36918067932129], [31.043209075927734, -18.35814094543457], [31.013919830322266, -18.3452205657959], [30.973979949951172, -18.339689254760742], [30.942089080810547, -18.27659034729004], [30.928030014038086, -18.251659393310547], [30.89051055908203, -18.23954963684082], [30.81032943725586, -18.241779327392578], [30.80069923400879, -18.26081085205078], [30.797420501708984, -18.26091957092285], [30.741600036621094, -18.313140869140625], [30.725650787353516, -18.339069366455078], [30.70549964904785, -18.339740753173828], [30.665990829467773, -18.362890243530273], [30.636329650878906, -18.373239517211914], [30.62894058227539, -18.35120964050293], [30.61850929260254, -18.33551025390625], [30.617570877075195, -18.30970001220703], [30.650169372558594, -18.26449966430664], [30.650060653686523, -18.261390686035156], [30.615930557250977, -18.23979949951172], [30.517349243164062, -18.18828010559082], [30.496490478515625, -18.16982078552246], [30.47330093383789, -18.169729232788086], [30.475570678710938, -18.128170013427734], [30.47878074645996, -18.117950439453125], [30.503419876098633, -18.039030075073242], [30.512910842895508, -18.00044059753418], [30.52164077758789, -17.955949783325195], [30.528669357299805, -17.955720901489258], [30.56587028503418, -17.97372055053711]], [[31.056840896606445, -20.26439094543457], [31.053979873657227, -20.27420997619629], [31.021589279174805, -20.31917953491211], [31.012409210205078, -20.337629318237305], [31.00274085998535, -20.357269287109375], [31.0008602142334, -20.401540756225586], [31.08778953552246, -20.38987922668457], [31.088329315185547, -20.381330490112305], [31.09001922607422, -20.354909896850586], [31.115489959716797, -20.313310623168945], [31.14508056640625, -20.290529251098633], [31.184240341186523, -20.285659790039062], [31.315969467163086, -20.269290924072266], [31.318439483642578, -20.250659942626953], [31.32794952392578, -20.23130989074707], [31.387760162353516, -20.210430145263672], [31.441360473632812, -20.200889587402344], [31.45128059387207, -20.199129104614258], [31.541749954223633, -20.199909210205078], [31.62409019470215, -20.159589767456055], [31.627290725708008, -20.147109985351562], [31.68684959411621, -20.134029388427734], [31.710620880126953, -20.128799438476562], [31.71718978881836, -20.128530502319336], [31.725000381469727, -20.062089920043945], [31.71466064453125, -20.05348014831543], [31.711009979248047, -20.043689727783203], [31.690519332885742, -20.037900924682617], [31.687000274658203, -20.00720977783203], [31.679880142211914, -19.99464988708496], [31.578779220581055, -19.994489669799805], [31.508729934692383, -20.005979537963867], [31.52082061767578, -19.971050262451172], [31.520339965820312, -19.948970794677734], [31.49941062927246, -19.930259704589844], [31.454679489135742, -19.884170532226562], [31.443199157714844, -19.846569061279297], [31.43610954284668, -19.834449768066406], [31.389270782470703, -19.83888053894043], [31.389659881591797, -19.8481502532959], [31.36087989807129, -19.889930725097656], [31.32175064086914, -19.932100296020508], [31.305389404296875, -19.9455509185791], [31.27861976623535, -19.94611930847168], [31.23863983154297, -19.956920623779297], [31.179550170898438, -20.015060424804688], [31.13344955444336, -20.047760009765625], [31.09358024597168, -20.061670303344727], [31.02992057800293, -20.069889068603516], [31.016490936279297, -20.064239501953125], [31.006059646606445, -20.05183982849121], [31.002059936523438, -20.01099967956543], [31.004560470581055, -19.991870880126953], [31.023740768432617, -19.956640243530273], [31.03870964050293, -19.899459838867188], [31.030920028686523, -19.871000289916992], [31.014080047607422, -19.861909866333008], [30.99441909790039, -19.871780395507812], [30.968189239501953, -19.89798927307129], [30.948680877685547, -19.92704963684082], [30.945770263671875, -19.936460494995117], [30.897199630737305, -20.006820678710938], [30.88504981994629, -20.042200088500977], [30.882009506225586, -20.048500061035156], [30.8787899017334, -20.06100082397461], [30.856599807739258, -20.093219757080078], [30.80657958984375, -20.113679885864258], [30.803829193115234, -20.126609802246094], [30.75762939453125, -20.15930938720703], [30.688980102539062, -20.218040466308594], [30.686279296875, -20.22633934020996], [30.6827392578125, -20.237279891967773], [30.682859420776367, -20.240379333496094], [30.696449279785156, -20.24958038330078], [30.717309951782227, -20.270549774169922], [30.72072982788086, -20.301870346069336], [30.72304916381836, -20.317909240722656], [30.708740234375, -20.356220245361328], [30.703950881958008, -20.369070053100586], [30.704710006713867, -20.397769927978516], [30.742780685424805, -20.38619041442871], [30.751230239868164, -20.38361930847168], [30.790559768676758, -20.344560623168945], [30.793319702148438, -20.332080841064453], [30.872989654541016, -20.288389205932617], [30.89640998840332, -20.284849166870117], [30.919530868530273, -20.274690628051758], [30.930479049682617, -20.273849487304688], [31.011789321899414, -20.26789093017578], [31.036970138549805, -20.27726936340332], [31.051179885864258, -20.270309448242188], [31.0537109375, -20.26464080810547], [31.056840896606445, -20.26439094543457]]]}}, {"type": "Feature", "properties": {"SNUM": 784, "FAOSOIL": "Lg2-1a", "DOMSOI": "Lg", "PHASE1": "", "PHASE2": "", "MISCLU1": "", "MISCLU2": "", "PERMAFROST": "", "CNTCODE": 181, "CNTNAME": "ZI", "SQKM": 523.0, "COUNTRY": "ZIMBABWE", "SOIL_CODE": "Lg", "FAO_UNIT": "Lg2-1a", "SOIL_NAME": "FAO Soil Unit: Lg2-1a", "AREA_KM2": 523.0, "PHASE": ""}, "geometry": {"type": "Polygon", "coordinates": [[[31.985689163208008, -18.292320251464844], [31.939010620117188, -18.283729553222656], [31.89215087890625, -18.294700622558594], [31.89402961730957, -18.234180450439453], [31.903339385986328, -18.20853042602539], [31.908540725708008, -18.160789489746094], [31.88680076599121, -18.094879150390625], [31.874649047851562, -18.07962989807129], [31.869590759277344, -18.073259353637695], [31.878679275512695, -18.053829193115234], [31.91448974609375, -18.00605010986328], [31.957469940185547, -17.979219436645508], [31.983999252319336, -17.975650787353516], [31.985530853271484, -18.044769287109375], [31.993059158325195, -18.080190658569336], [32.00701141357422, -18.101879119873047], [32.0272102355957, -18.104270935058594], [32.027000427246094, -18.110929489135742], [32.07807922363281, -18.13796043395996], [32.122920989990234, -18.184289932250977], [32.08742141723633, -18.23261070251465], [32.07263946533203, -18.244239807128906], [32.02891159057617, -18.278640747070312], [32.02254867553711, -18.294849395751953], [31.985689163208008, -18.292320251464844]]]}}, {"type": "Feature", "properties": {"SNUM": 817, "FAOSOIL": "Ne1-3a", "DOMSOI": "Ne", "PHASE1": "", "PHASE2": "", "MISCLU1": "", "MISCLU2": "", "PERMAFROST": "", "CNTCODE": 181, "CNTNAME": "ZI", "SQKM": 3189.0, "COUNTRY": "ZIMBABWE", "SOIL_CODE": "Ne", "FAO_UNIT": "Ne1-3a", "SOIL_NAME": "Eutric Nitosols (Ne) \u2014 Productive red soils on mafic rocks", "AREA_KM2": 3189.0, "PHASE": ""}, "geometry": {"type": "Polygon", "coordinates": [[[30.377910614013672, -18.235740661621094], [30.36517906188965, -18.274070739746094], [30.3599796295166, -18.325550079345703], [30.3469295501709, -18.341590881347656], [30.286710739135742, -18.33997917175293], [30.191879272460938, -18.316299438476562], [30.164899826049805, -18.310930252075195], [30.151269912719727, -18.310930252075195], [30.138559341430664, -18.336780548095703], [30.086389541625977, -18.388879776000977], [30.080039978027344, -18.408279418945312], [30.037059783935547, -18.428409576416016], [29.99432945251465, -18.454729080200195], [29.952369689941406, -18.534969329833984], [29.89999008178711, -18.596860885620117], [29.867610931396484, -18.63892936706543], [29.83465003967285, -18.664979934692383], [29.83510971069336, -18.677879333496094], [29.84886932373047, -18.693479537963867], [29.856380462646484, -18.731569290161133], [29.84469985961914, -18.785879135131836], [29.83506965637207, -18.8131103515625], [29.828899383544922, -18.830530166625977], [29.827560424804688, -18.91036033630371], [29.845640182495117, -18.967260360717773], [29.85610008239746, -18.982969284057617], [29.898759841918945, -19.057649612426758], [29.903039932250977, -19.09575080871582], [29.893259048461914, -19.11166000366211], [29.866649627685547, -19.118789672851562], [29.852890014648438, -19.116140365600586], [29.838359832763672, -19.06859016418457], [29.76085090637207, -18.940629959106445], [29.750839233398438, -18.937389373779297], [29.73072052001953, -18.941179275512695], [29.67708969116211, -18.942489624023438], [29.683000564575195, -18.9106502532959], [29.682880401611328, -18.90753936767578], [29.6993408203125, -18.89406967163086], [29.709239959716797, -18.88125991821289], [29.715370178222656, -18.85565948486328], [29.721269607543945, -18.836299896240234], [29.72348976135254, -18.810270309448242], [29.72920036315918, -18.743770599365234], [29.744749069213867, -18.70536994934082], [29.750999450683594, -18.682880401611328], [29.74090003967285, -18.676979064941406], [29.740549087524414, -18.66716957092285], [29.73373031616211, -18.66115951538086], [29.71552085876465, -18.61362075805664], [29.715059280395508, -18.601160049438477], [29.708240509033203, -18.594690322875977], [29.674589157104492, -18.589109420776367], [29.67300033569336, -18.50349998474121], [29.68610954284668, -18.487449645996094], [29.71095085144043, -18.4101505279541], [29.709400177001953, -18.35257911682129], [29.6112003326416, -18.329349517822266], [29.580780029296875, -18.32048988342285], [29.577280044555664, -18.314350128173828], [29.59023094177246, -18.294729232788086], [29.662429809570312, -18.22007942199707], [29.708580017089844, -18.18065071105957], [29.738649368286133, -18.17970085144043], [29.77644920349121, -18.21109962463379], [29.81675910949707, -18.20669937133789], [29.832679748535156, -18.177600860595703], [29.836219787597656, -18.050199508666992], [29.846229553222656, -18.040510177612305], [29.869619369506836, -18.036640167236328], [29.91967010498047, -18.010549545288086], [29.949840545654297, -18.013200759887695], [29.950040817260742, -18.02202033996582], [29.96068000793457, -18.044010162353516], [29.97471046447754, -18.081979751586914], [29.968900680541992, -18.117450714111328], [29.953079223632812, -18.149660110473633], [29.91111946105957, -18.21441078186035], [29.90846061706543, -18.259159088134766], [29.915590286254883, -18.275009155273438], [29.926259994506836, -18.28404998779297], [29.926010131835938, -18.29030990600586], [29.946239471435547, -18.290119171142578], [29.999059677124023, -18.253599166870117], [30.05760955810547, -18.189069747924805], [30.09062957763672, -18.16613006591797], [30.100849151611328, -18.16267967224121], [30.098249435424805, -18.063730239868164], [30.104249954223633, -18.03498077392578], [30.134069442749023, -18.027759552001953], [30.144630432128906, -18.034109115600586], [30.161869049072266, -18.05586051940918], [30.162220001220703, -18.065650939941406], [30.175809860229492, -18.077709197998047], [30.176050186157227, -18.08439064025879], [30.186250686645508, -18.093420028686523], [30.18998908996582, -18.106239318847656], [30.221059799194336, -18.147159576416016], [30.24510955810547, -18.162439346313477], [30.268470764160156, -18.158559799194336], [30.319290161132812, -18.173410415649414], [30.32642936706543, -18.189239501953125], [30.36408042907715, -18.217010498046875], [30.37734031677246, -18.21969985961914], [30.377910614013672, -18.235740661621094]]]}}, {"type": "Feature", "properties": {"SNUM": 953, "FAOSOIL": "V9-3a", "DOMSOI": "V", "PHASE1": "", "PHASE2": "", "MISCLU1": "", "MISCLU2": "", "PERMAFROST": "", "CNTCODE": 181, "CNTNAME": "ZI", "SQKM": 475.0, "COUNTRY": "ZIMBABWE", "SOIL_CODE": "V", "FAO_UNIT": "V9-3a", "SOIL_NAME": "FAO Soil Unit: V9-3a", "AREA_KM2": 475.0, "PHASE": ""}, "geometry": {"type": "Polygon", "coordinates": [[[29.183259963989258, -18.134170532226562], [29.173349380493164, -18.14743995666504], [29.174720764160156, -18.201499938964844], [29.199430465698242, -18.249019622802734], [29.133270263671875, -18.298019409179688], [29.112489700317383, -18.282569885253906], [29.0574893951416, -18.216760635375977], [29.036819458007812, -18.204439163208008], [28.881080627441406, -18.16275978088379], [28.89069938659668, -18.140100479125977], [28.969789505004883, -18.065189361572266], [28.973119735717773, -18.05211067199707], [29.032819747924805, -18.03196907043457], [29.049949645996094, -18.05112075805664], [29.054119110107422, -18.07646942138672], [29.06399917602539, -18.076160430908203], [29.09796905517578, -18.091659545898438], [29.18613052368164, -18.121559143066406], [29.183259963989258, -18.134170532226562]]]}}, {"type": "Feature", "properties": {"SNUM": 953, "FAOSOIL": "V9-3a", "DOMSOI": "V", "PHASE1": "", "PHASE2": "", "MISCLU1": "", "MISCLU2": "", "PERMAFROST": "", "CNTCODE": 181, "CNTNAME": "ZI", "SQKM": 121.0, "COUNTRY": "ZIMBABWE", "SOIL_CODE": "V", "FAO_UNIT": "V9-3a", "SOIL_NAME": "FAO Soil Unit: V9-3a", "AREA_KM2": 121.0, "PHASE": ""}, "geometry": {"type": "Polygon", "coordinates": [[[28.59255027770996, -18.050630569458008], [28.677749633789062, -18.10310935974121], [28.6514892578125, -18.135679244995117], [28.63484001159668, -18.145580291748047], [28.601289749145508, -18.143020629882812], [28.556970596313477, -18.115270614624023], [28.508739471435547, -18.06838035583496], [28.50511932373047, -18.05864906311035], [28.52165985107422, -18.045610427856445], [28.571760177612305, -18.0351505279541], [28.59255027770996, -18.050630569458008]]]}}, {"type": "Feature", "properties": {"SNUM": 772, "FAOSOIL": "Lf83-1a", "DOMSOI": "Lf", "PHASE1": "", "PHASE2": "", "MISCLU1": "", "MISCLU2": "", "PERMAFROST": "", "CNTCODE": 181, "CNTNAME": "ZI", "SQKM": 584.0, "COUNTRY": "ZIMBABWE", "SOIL_CODE": "Lf", "FAO_UNIT": "Lf83-1a", "SOIL_NAME": "FAO Soil Unit: Lf83-1a", "AREA_KM2": 584.0, "PHASE": ""}, "geometry": {"type": "Polygon", "coordinates": [[[27.555070877075195, -18.080039978027344], [27.54574966430664, -18.099140167236328], [27.54589080810547, -18.118419647216797], [27.55030059814453, -18.15372085571289], [27.500009536743164, -18.177139282226562], [27.49700927734375, -18.1866397857666], [27.50044059753418, -18.205820083618164], [27.501380920410156, -18.250640869140625], [27.488500595092773, -18.27008056640625], [27.428600311279297, -18.306320190429688], [27.42258071899414, -18.341489791870117], [27.419200897216797, -18.35460090637207], [27.416379928588867, -18.370399475097656], [27.413070678710938, -18.370479583740234], [27.33646011352539, -18.417049407958984], [27.258869171142578, -18.431339263916016], [27.241649627685547, -18.425079345703125], [27.240829467773438, -18.36720085144043], [27.26357078552246, -18.322139739990234], [27.266080856323242, -18.280319213867188], [27.32284927368164, -18.250459671020508], [27.339479446411133, -18.237430572509766], [27.383129119873047, -18.226789474487305], [27.38945960998535, -18.217180252075195], [27.389150619506836, -18.19161033630371], [27.42831039428711, -18.126779556274414], [27.51091957092285, -18.058429718017578], [27.537790298461914, -18.041519165039062], [27.544509887695312, -18.044919967651367], [27.558340072631836, -18.063810348510742], [27.555070877075195, -18.080039978027344]]]}}, {"type": "Feature", "properties": {"SNUM": 882, "FAOSOIL": "Qc38-1a", "DOMSOI": "Qc", "PHASE1": "", "PHASE2": "", "MISCLU1": "", "MISCLU2": "", "PERMAFROST": "", "CNTCODE": 181, "CNTNAME": "ZI", "SQKM": 28726.0, "COUNTRY": "ZIMBABWE", "SOIL_CODE": "Qc", "FAO_UNIT": "Qc38-1a", "SOIL_NAME": "Calcaric Arenosols (Qc) \u2014 Sandy calcareous; limestone indicator", "AREA_KM2": 28726.0, "PHASE": ""}, "geometry": {"type": "Polygon", "coordinates": [[[29.036819458007812, -18.204439163208008], [29.0574893951416, -18.216760635375977], [29.112489700317383, -18.282569885253906], [29.133270263671875, -18.298019409179688], [29.199430465698242, -18.249019622802734], [29.206119537353516, -18.251949310302734], [29.27181053161621, -18.327259063720703], [29.285560607910156, -18.329959869384766], [29.292770385742188, -18.36193084716797], [29.313629150390625, -18.39348030090332], [29.337919235229492, -18.41507911682129], [29.341760635375977, -18.431049346923828], [29.334800720214844, -18.43440055847168], [29.318729400634766, -18.460390090942383], [29.30221939086914, -18.473419189453125], [29.30242919921875, -18.47966957092285], [29.289119720458984, -18.489469528198242], [29.292789459228516, -18.52117919921875], [29.300060272216797, -18.54014015197754], [29.304800033569336, -18.593969345092773], [29.312419891357422, -18.622730255126953], [29.316619873046875, -18.648029327392578], [29.322229385375977, -18.75316047668457], [29.322450637817383, -18.7593994140625], [29.332679748535156, -18.768890380859375], [29.364500045776367, -18.828550338745117], [29.378719329833984, -18.844160079956055], [29.385879516601562, -18.860000610351562], [29.41282081604004, -18.87519073486328], [29.417909622192383, -18.938840866088867], [29.412200927734375, -18.977399826049805], [29.38545036315918, -18.99386978149414], [29.36224937438965, -18.991050720214844], [29.314350128173828, -18.969829559326172], [29.296859741210938, -18.941829681396484], [29.213600158691406, -18.854360580444336], [29.145259857177734, -18.801660537719727], [29.067890167236328, -18.800119400024414], [29.044200897216797, -18.810260772705078], [28.96422004699707, -18.824649810791016], [28.97464942932129, -18.85335922241211], [29.00922966003418, -18.887680053710938], [29.070980072021484, -18.927640914916992], [29.143259048461914, -18.993270874023438], [29.15007972717285, -19.015039443969727], [29.167049407958984, -19.014480590820312], [29.189119338989258, -19.05384063720703], [29.22974967956543, -19.08945083618164], [29.2637996673584, -19.10434913635254], [29.300819396972656, -19.109800338745117], [29.30129051208496, -19.122709274291992], [29.3221492767334, -19.15096092224121], [29.332979202270508, -19.175989151000977], [29.353960037231445, -19.20734977722168], [29.354299545288086, -19.216690063476562], [29.378929138183594, -19.25773048400879], [29.352529525756836, -19.271080017089844], [29.31846046447754, -19.268640518188477], [29.249849319458008, -19.22549057006836], [29.149580001831055, -19.129499435424805], [29.124879837036133, -19.086299896240234], [29.123769760131836, -19.043960571289062], [29.130149841308594, -19.025049209594727], [29.06955909729004, -19.019929885864258], [29.07274055480957, -19.01671028137207], [29.025100708007812, -18.976409912109375], [28.974260330200195, -18.96504020690918], [28.970510482788086, -18.952199935913086], [28.843860626220703, -18.865480422973633], [28.80575942993164, -18.828250885009766], [28.801799774169922, -18.80916976928711], [28.771289825439453, -18.80030059814453], [28.7579402923584, -18.810089111328125], [28.74163055419922, -18.829809188842773], [28.735570907592773, -18.845640182495117], [28.811870574951172, -18.936609268188477], [28.853050231933594, -18.967479705810547], [28.883560180664062, -18.976360321044922], [28.887189865112305, -18.98607063293457], [28.91766929626465, -19.00745964050293], [28.955629348754883, -19.041439056396484], [28.969749450683594, -19.066389083862305], [28.983760833740234, -19.08823013305664], [28.984220504760742, -19.101139068603516], [28.99456024169922, -19.12350082397461], [28.996950149536133, -19.152050018310547], [28.999610900878906, -19.183889389038086], [28.979520797729492, -19.18065071105957], [28.95648956298828, -19.175809860229492], [28.939050674438477, -19.17214012145996], [28.935279846191406, -19.172260284423828], [28.908939361572266, -19.188709259033203], [28.91584014892578, -19.201120376586914], [28.923070907592773, -19.214109420776367], [28.923519134521484, -19.226579666137695], [28.93423080444336, -19.248519897460938], [28.944490432739258, -19.257999420166016], [28.958969116210938, -19.292749404907227], [28.946840286254883, -19.350189208984375], [28.936460494995117, -19.35053062438965], [28.91330909729004, -19.363759994506836], [28.86610984802246, -19.364830017089844], [28.787809371948242, -19.32855987548828], [28.68364906311035, -19.33802032470703], [28.68963050842285, -19.317909240722656], [28.734899520874023, -19.250030517578125], [28.74165916442871, -19.240449905395508], [28.734800338745117, -19.233980178833008], [28.63311004638672, -19.217199325561523], [28.55500030517578, -19.21302032470703], [28.555450439453125, -19.22549057006836], [28.560670852661133, -19.292179107666016], [28.516660690307617, -19.2900390625], [28.472829818725586, -19.287649154663086], [28.463119506835938, -19.294200897216797], [28.4613094329834, -19.364309310913086], [28.448389053344727, -19.38702964782715], [28.371639251708984, -19.423789978027344], [28.368629455566406, -19.446189880371094], [28.389610290527344, -19.464719772338867], [28.41301918029785, -19.471349716186523], [28.49468994140625, -19.494449615478516], [28.49489974975586, -19.500690460205078], [28.509069442749023, -19.5131893157959], [28.533449172973633, -19.57280921936035], [28.561330795288086, -19.59769058227539], [28.59535026550293, -19.609460830688477], [28.595460891723633, -19.61256980895996], [28.619800567626953, -19.643800735473633], [28.626550674438477, -19.663789749145508], [28.470060348510742, -19.704490661621094], [28.45486068725586, -19.650659561157227], [28.404850006103516, -19.53738021850586], [28.380739212036133, -19.525249481201172], [28.259519577026367, -19.537609100341797], [28.263160705566406, -19.55975914001465], [28.291019439697266, -19.584239959716797], [28.372949600219727, -19.610990524291992], [28.38711929321289, -19.636369705200195], [28.380470275878906, -19.649049758911133], [28.353740692138672, -19.656139373779297], [28.252159118652344, -19.661640167236328], [28.221879959106445, -19.66217041015625], [28.187509536743164, -19.641010284423828], [28.18075942993164, -19.637670516967773], [28.12639045715332, -19.626510620117188], [28.05497932434082, -19.602529525756836], [28.024219512939453, -19.60308074951172], [28.010520935058594, -19.59061050415039], [27.84347915649414, -19.5303897857666], [27.826690673828125, -19.52467918395996], [27.760879516601562, -19.449769973754883], [27.709619522094727, -19.43168067932129], [27.676040649414062, -19.432260513305664], [27.672800064086914, -19.448429107666016], [27.65983009338379, -19.471160888671875], [27.667150497436523, -19.515399932861328], [27.68825912475586, -19.549949645996094], [27.692249298095703, -19.56899070739746], [27.6718807220459, -19.569189071655273], [27.632020950317383, -19.553680419921875], [27.610380172729492, -19.545259475708008], [27.447359085083008, -19.488279342651367], [27.409420013427734, -19.47286033630371], [27.39164924621582, -19.42243003845215], [27.377660751342773, -19.400039672851562], [27.383920669555664, -19.374380111694336], [27.40376091003418, -19.358150482177734], [27.454429626464844, -19.357099533081055], [27.501670837402344, -19.35301971435547], [27.511499404907227, -19.34033966064453], [27.511369705200195, -19.336769104003906], [27.504009246826172, -19.31467056274414], [27.417560577392578, -19.230329513549805], [27.39352035522461, -19.205120086669922], [27.37957000732422, -19.198829650878906], [27.308860778808594, -19.209850311279297], [27.23509979248047, -19.24332046508789], [27.135299682617188, -19.306169509887695], [27.024330139160156, -19.34654998779297], [27.011079788208008, -19.346939086914062], [27.01081085205078, -19.35321044921875], [26.974130630493164, -19.372940063476562], [26.883380889892578, -19.39702033996582], [26.741519927978516, -19.40958023071289], [26.731149673461914, -19.396909713745117], [26.724319458007812, -19.390840530395508], [26.710559844970703, -19.390779495239258], [26.600139617919922, -19.303569793701172], [26.510669708251953, -19.21933937072754], [26.472280502319336, -19.165119171142578], [26.462419509887695, -19.168529510498047], [26.4619197845459, -19.152870178222656], [26.437589645385742, -19.117719650268555], [26.415700912475586, -19.05430030822754], [26.41853904724121, -19.00666046142578], [26.423370361328125, -18.984529495239258], [26.427719116210938, -18.964689254760742], [26.443439483642578, -18.903690338134766], [26.43954086303711, -18.868349075317383], [26.421630859375, -18.840120315551758], [26.425329208374023, -18.83687973022461], [26.428449630737305, -18.830059051513672], [26.562469482421875, -18.770479202270508], [26.64672088623047, -18.752899169921875], [26.79865074157715, -18.750389099121094], [26.822559356689453, -18.739919662475586], [26.825580596923828, -18.730419158935547], [26.852270126342773, -18.72027015686035], [26.885480880737305, -18.690650939941406], [26.938940048217773, -18.657779693603516], [26.9591007232666, -18.65093994140625], [26.99778938293457, -18.65195083618164], [27.020889282226562, -18.66152000427246], [27.030170440673828, -18.662670135498047], [27.03026008605957, -18.6653995513916], [27.03046989440918, -18.672060012817383], [27.05105972290039, -18.694320678710938], [27.09197998046875, -18.71599006652832], [27.102489471435547, -18.718820571899414], [27.099510192871094, -18.74444007873535], [27.0601806640625, -18.80290985107422], [27.0574893951416, -18.822250366210938], [27.108240127563477, -18.840499877929688], [27.141990661621094, -18.830120086669922], [27.229829788208008, -18.81753921508789], [27.235450744628906, -18.77726936340332], [27.241289138793945, -18.722450256347656], [27.346439361572266, -18.73958969116211], [27.370019912719727, -18.751909255981445], [27.3971004486084, -18.754709243774414], [27.594850540161133, -18.834209442138672], [27.629030227661133, -18.852449417114258], [27.701440811157227, -18.91206932067871], [27.72149085998535, -18.917749404907227], [27.750850677490234, -18.875709533691406], [27.754430770874023, -18.86932945251465], [27.75079917907715, -18.859590530395508], [27.702980041503906, -18.82879066467285], [27.699249267578125, -18.815919876098633], [27.718740463256836, -18.790279388427734], [27.71862030029297, -18.786699295043945], [27.670700073242188, -18.75275993347168], [27.646190643310547, -18.71186065673828], [27.651390075683594, -18.65397071838379], [27.62398910522461, -18.625699996948242], [27.58980941772461, -18.607460021972656], [27.53137969970703, -18.570249557495117], [27.507530212402344, -18.564239501953125], [27.520570755004883, -18.528949737548828], [27.540260314941406, -18.49350929260254], [27.54327964782715, -18.470970153808594], [27.543170928955078, -18.467390060424805], [27.528949737548828, -18.43596076965332], [27.518720626831055, -18.426389694213867], [27.514820098876953, -18.4072208404541], [27.581899642944336, -18.377050399780273], [27.5852108001709, -18.376949310302734], [27.635229110717773, -18.36026954650879], [27.66581916809082, -18.356250762939453], [27.789939880371094, -18.321760177612305], [27.846439361572266, -18.285600662231445], [27.978500366210938, -18.158050537109375], [28.001859664916992, -18.145160675048828], [28.022289276123047, -18.163820266723633], [28.043760299682617, -18.214710235595703], [28.05463981628418, -18.25918960571289], [28.072349548339844, -18.28152084350586], [28.08772087097168, -18.332040786743164], [28.112220764160156, -18.349550247192383], [28.179210662841797, -18.40382957458496], [28.179109573364258, -18.40069007873535], [28.209569931030273, -18.393970489501953], [28.313810348510742, -18.391799926757812], [28.567039489746094, -18.418420791625977], [28.62795066833496, -18.420610427856445], [28.67650032043457, -18.349319458007812], [28.68946075439453, -18.313570022583008], [28.68490982055664, -18.275659561157227], [28.664779663085938, -18.266420364379883], [28.660480499267578, -18.221799850463867], [28.643030166625977, -18.19322967529297], [28.642919540405273, -18.190099716186523], [28.652509689331055, -18.180410385131836], [28.712970733642578, -18.16963005065918], [28.844419479370117, -18.16655921936035], [28.881080627441406, -18.16275978088379], [29.036819458007812, -18.204439163208008]], [[28.31587028503418, -19.22117042541504], [28.315759658813477, -19.218050003051758], [28.31222915649414, -19.211469650268555], [28.25074005126953, -19.184389114379883], [28.169179916381836, -19.150800704956055], [28.09762954711914, -19.133399963378906], [28.077320098876953, -19.13404083251953], [28.06781005859375, -19.15976905822754], [28.065040588378906, -19.17547035217285], [28.05828094482422, -19.185049057006836], [28.05841064453125, -19.18861961364746], [28.130149841308594, -19.225189208984375], [28.2423095703125, -19.25469970703125], [28.310209274291992, -19.26239013671875], [28.31587028503418, -19.22117042541504]], [[28.289199829101562, -19.365230560302734], [28.295379638671875, -19.339160919189453], [28.261289596557617, -19.324169158935547], [28.176170349121094, -19.297380447387695], [28.032760620117188, -19.239839553833008], [28.005390167236328, -19.227760314941406], [27.951749801635742, -19.228700637817383], [27.951820373535156, -19.244770050048828], [28.041330337524414, -19.32257080078125], [28.157899856567383, -19.383630752563477], [28.212980270385742, -19.430540084838867], [28.257469177246094, -19.445209503173828], [28.284509658813477, -19.44792938232422], [28.289199829101562, -19.365230560302734]]]}}, {"type": "Feature", "properties": {"SNUM": 474, "FAOSOIL": "Bv13-3a", "DOMSOI": "Bv", "PHASE1": "", "PHASE2": "", "MISCLU1": "", "MISCLU2": "", "PERMAFROST": "", "CNTCODE": 181, "CNTNAME": "ZI", "SQKM": 147.0, "COUNTRY": "ZIMBABWE", "SOIL_CODE": "Bv", "FAO_UNIT": "Bv13-3a", "SOIL_NAME": "FAO Soil Unit: Bv13-3a", "AREA_KM2": 147.0, "PHASE": ""}, "geometry": {"type": "Polygon", "coordinates": [[[26.363059997558594, -18.232149124145508], [26.345930099487305, -18.212810516357422], [26.342050552368164, -18.19359016418457], [26.351919174194336, -18.174440383911133], [26.45638084411621, -18.15011978149414], [26.476560592651367, -18.15947914123535], [26.510530471801758, -18.181760787963867], [26.517919540405273, -18.20716094970703], [26.488239288330078, -18.23604965209961], [26.46816062927246, -18.24601936340332], [26.40376091003418, -18.24725914001465], [26.363059997558594, -18.232149124145508]]]}}, {"type": "Feature", "properties": {"SNUM": 770, "FAOSOIL": "Lf82-1a", "DOMSOI": "Lf", "PHASE1": "", "PHASE2": "", "MISCLU1": "", "MISCLU2": "", "PERMAFROST": "", "CNTCODE": 181, "CNTNAME": "ZI", "SQKM": 5295.0, "COUNTRY": "ZIMBABWE", "SOIL_CODE": "Lf", "FAO_UNIT": "Lf82-1a", "SOIL_NAME": "FAO Soil Unit: Lf82-1a", "AREA_KM2": 5295.0, "PHASE": ""}, "geometry": {"type": "Polygon", "coordinates": [[[30.619539260864258, -18.376480102539062], [30.619789123535156, -18.383140563964844], [30.600210189819336, -18.41231918334961], [30.597280502319336, -18.434690475463867], [30.5908203125, -18.438030242919922], [30.567949295043945, -18.454389572143555], [30.568639755249023, -18.486000061035156], [30.589170455932617, -18.5049991607666], [30.619890213012695, -18.510250091552734], [30.64337921142578, -18.509920120239258], [30.63913917541504, -18.512849807739258], [30.6373291015625, -18.563600540161133], [30.540769577026367, -18.582059860229492], [30.52436065673828, -18.59507942199707], [30.525110244750977, -18.6270694732666], [30.552610397338867, -18.658140182495117], [30.602689743041992, -18.640840530395508], [30.63612937927246, -18.64324951171875], [30.64282989501953, -18.646129608154297], [30.659709930419922, -18.645549774169922], [30.6737003326416, -18.654850006103516], [30.716350555419922, -18.649459838867188], [30.736820220947266, -18.646879196166992], [30.74424934387207, -18.653919219970703], [30.74493980407715, -18.685529708862305], [30.741680145263672, -18.68807029724121], [30.725419998168945, -18.717090606689453], [30.67024040222168, -18.785259246826172], [30.65863037109375, -18.806039810180664], [30.64164924621582, -18.836490631103516], [30.627269744873047, -18.87908935546875], [30.74370002746582, -18.88810920715332], [30.753780364990234, -18.881540298461914], [30.800350189208984, -18.870590209960938], [30.941049575805664, -18.730209350585938], [30.960100173950195, -18.711210250854492], [30.9606990814209, -18.705610275268555], [30.99262046813965, -18.685129165649414], [31.023099899291992, -18.684499740600586], [31.023500442504883, -18.70669937133789], [31.031309127807617, -18.738399505615234], [31.068359375, -18.749969482421875], [31.105539321899414, -18.750410079956055], [31.105920791625977, -18.77440071105957], [31.09671974182129, -18.803150177001953], [31.080860137939453, -18.841459274291992], [31.078449249267578, -18.863750457763672], [31.047990798950195, -18.864830017089844], [31.035110473632812, -18.87150001525879], [31.02845001220703, -18.881059646606445], [31.022510528564453, -18.897260665893555], [31.02996063232422, -18.931640625], [31.050260543823242, -18.949899673461914], [31.061460494995117, -18.96916961669922], [31.062070846557617, -18.99452018737793], [31.079710006713867, -19.050920486450195], [31.084949493408203, -19.110559463500977], [31.07411003112793, -19.19029998779297], [31.07094955444336, -19.193519592285156], [31.050020217895508, -19.279390335083008], [31.05820083618164, -19.330059051513672], [31.076160430908203, -19.36751937866211], [31.062820434570312, -19.37421989440918], [31.00918960571289, -19.372190475463867], [30.98876953125, -19.363449096679688], [30.976470947265625, -19.290660858154297], [30.973060607910156, -19.28767967224121], [30.96579933166504, -19.259090423583984], [30.955059051513672, -19.237279891967773], [30.92715072631836, -19.209440231323242], [30.92374038696289, -19.206449508666992], [30.900249481201172, -19.207290649414062], [30.873849868774414, -19.21755027770996], [30.870319366455078, -19.22102928161621], [30.844440460205078, -19.246559143066406], [30.826419830322266, -19.258249282836914], [30.79813003540039, -19.276620864868164], [30.751399993896484, -19.28404998779297], [30.74127960205078, -19.277759552001953], [30.69329071044922, -19.25373077392578], [30.649940490722656, -19.25172996520996], [30.606660842895508, -19.275020599365234], [30.583059310913086, -19.27276039123535], [30.575109481811523, -19.26889991760254], [30.50823974609375, -19.236379623413086], [30.481239318847656, -19.21282958984375], [30.43985939025879, -19.177579879760742], [30.334060668945312, -19.13283920288086], [30.28322982788086, -19.121280670166016], [30.288700103759766, -19.080209732055664], [30.320110321044922, -18.984390258789062], [30.32986068725586, -18.980939865112305], [30.374570846557617, -19.02389907836914], [30.401870727539062, -19.035829544067383], [30.502830505371094, -19.052839279174805], [30.539249420166016, -19.007720947265625], [30.545259475708008, -18.982120513916016], [30.463550567626953, -18.945720672607422], [30.446149826049805, -18.93338966369629], [30.3897705078125, -18.9477596282959], [30.386240005493164, -18.95410919189453], [30.342769622802734, -18.96137046813965], [30.329849243164062, -18.96803092956543], [30.32891082763672, -18.930219650268555], [30.34345054626465, -18.853599548339844], [30.344829559326172, -18.77696990966797], [30.350830078125, -18.76119041442871], [30.362180709838867, -18.67487907409668], [30.390010833740234, -18.58846092224121], [30.401569366455078, -18.515579223632812], [30.414159774780273, -18.47368049621582], [30.422000885009766, -18.39089012145996], [30.43391990661621, -18.329830169677734], [30.43914031982422, -18.278799057006836], [30.45741081237793, -18.19879913330078], [30.466949462890625, -18.176179885864258], [30.47330093383789, -18.169729232788086], [30.496490478515625, -18.16982078552246], [30.517349243164062, -18.18828010559082], [30.615930557250977, -18.23979949951172], [30.650060653686523, -18.261390686035156], [30.650169372558594, -18.26449966430664], [30.617570877075195, -18.30970001220703], [30.61850929260254, -18.33551025390625], [30.62894058227539, -18.35120964050293], [30.636329650878906, -18.373239517211914], [30.619539260864258, -18.376480102539062]]]}}, {"type": "Feature", "properties": {"SNUM": 952, "FAOSOIL": "V10-3a", "DOMSOI": "V", "PHASE1": "11", "PHASE2": "", "MISCLU1": "", "MISCLU2": "", "PERMAFROST": "", "CNTCODE": 181, "CNTNAME": "ZI", "SQKM": 569.0, "COUNTRY": "ZIMBABWE", "SOIL_CODE": "V", "FAO_UNIT": "V10-3a", "SOIL_NAME": "FAO Soil Unit: V10-3a", "AREA_KM2": 569.0, "PHASE": "11"}, "geometry": {"type": "Polygon", "coordinates": [[[25.693979263305664, -18.461219787597656], [25.785940170288086, -18.511520385742188], [25.89150047302246, -18.541290283203125], [25.905160903930664, -18.5539493560791], [25.9058895111084, -18.579530715942383], [25.886240005493164, -18.62179946899414], [25.83060073852539, -18.71575927734375], [25.821210861206055, -18.72842025756836], [25.804109573364258, -18.7514705657959], [25.798620223999023, -18.773670196533203], [25.791540145874023, -18.752260208129883], [25.790809631347656, -18.716930389404297], [25.785289764404297, -18.682819366455078], [25.770109176635742, -18.647729873657227], [25.744029998779297, -18.610570907592773], [25.68781089782715, -18.572769165039062], [25.65423011779785, -18.522050857543945], [25.60042953491211, -18.46599006652832], [25.58070945739746, -18.442319869995117], [25.563180923461914, -18.408340454101562], [25.510250091552734, -18.349809646606445], [25.492969512939453, -18.32025909423828], [25.48641014099121, -18.291780471801758], [25.457910537719727, -18.249929428100586], [25.450899124145508, -18.231760025024414], [25.58336067199707, -18.353809356689453], [25.65604019165039, -18.426639556884766], [25.673349380493164, -18.452299118041992], [25.690399169921875, -18.451860427856445], [25.693979263305664, -18.461219787597656]]]}}, {"type": "Feature", "properties": {"SNUM": 785, "FAOSOIL": "Lg3-1a", "DOMSOI": "Lg", "PHASE1": "", "PHASE2": "", "MISCLU1": "", "MISCLU2": "", "PERMAFROST": "", "CNTCODE": 181, "CNTNAME": "ZI", "SQKM": 2600.0, "COUNTRY": "ZIMBABWE", "SOIL_CODE": "Lg", "FAO_UNIT": "Lg3-1a", "SOIL_NAME": "FAO Soil Unit: Lg3-1a", "AREA_KM2": 2600.0, "PHASE": ""}, "geometry": {"type": "Polygon", "coordinates": [[[30.78660011291504, -18.490310668945312], [30.827089309692383, -18.486650466918945], [30.83255958557129, -18.450910568237305], [30.83432960510254, -18.396930694580078], [30.837970733642578, -18.39369010925293], [30.83057975769043, -18.384140014648438], [30.76984977722168, -18.36655044555664], [30.742889404296875, -18.34830093383789], [30.725650787353516, -18.339069366455078], [30.741600036621094, -18.313140869140625], [30.797420501708984, -18.26091957092285], [30.80069923400879, -18.26081085205078], [30.81032943725586, -18.241779327392578], [30.89051055908203, -18.23954963684082], [30.928030014038086, -18.251659393310547], [30.942089080810547, -18.27659034729004], [30.973979949951172, -18.339689254760742], [31.013919830322266, -18.3452205657959], [31.043209075927734, -18.35814094543457], [31.06825065612793, -18.36918067932129], [31.078569412231445, -18.381729125976562], [31.112529754638672, -18.399709701538086], [31.127229690551758, -18.419719696044922], [31.13327980041504, -18.42793083190918], [31.15159034729004, -18.478479385375977], [31.16921043395996, -18.508359909057617], [31.189790725708008, -18.544029235839844], [31.19886016845703, -18.619659423828125], [31.198509216308594, -18.622779846191406], [31.199909210205078, -18.670249938964844], [31.196630477905273, -18.67037010192871], [31.184139251708984, -18.69923973083496], [31.160959243774414, -18.725339889526367], [31.158079147338867, -18.728580474853516], [31.10940933227539, -18.750450134277344], [31.105539321899414, -18.750410079956055], [31.068359375, -18.749969482421875], [31.031309127807617, -18.738399505615234], [31.023500442504883, -18.70669937133789], [31.023099899291992, -18.684499740600586], [30.99262046813965, -18.685129165649414], [30.9606990814209, -18.705610275268555], [30.960100173950195, -18.711210250854492], [30.941049575805664, -18.730209350585938], [30.800350189208984, -18.870590209960938], [30.753780364990234, -18.881540298461914], [30.74370002746582, -18.88810920715332], [30.627269744873047, -18.87908935546875], [30.64164924621582, -18.836490631103516], [30.65863037109375, -18.806039810180664], [30.67024040222168, -18.785259246826172], [30.725419998168945, -18.717090606689453], [30.741680145263672, -18.68807029724121], [30.74493980407715, -18.685529708862305], [30.74424934387207, -18.653919219970703], [30.736820220947266, -18.646879196166992], [30.716350555419922, -18.649459838867188], [30.6737003326416, -18.654850006103516], [30.659709930419922, -18.645549774169922], [30.64282989501953, -18.646129608154297], [30.63612937927246, -18.64324951171875], [30.602689743041992, -18.640840530395508], [30.552610397338867, -18.658140182495117], [30.525110244750977, -18.6270694732666], [30.52436065673828, -18.59507942199707], [30.540769577026367, -18.582059860229492], [30.6373291015625, -18.563600540161133], [30.63913917541504, -18.512849807739258], [30.78660011291504, -18.490310668945312]]]}}, {"type": "Feature", "properties": {"SNUM": 770, "FAOSOIL": "Lf82-1a", "DOMSOI": "Lf", "PHASE1": "", "PHASE2": "", "MISCLU1": "", "MISCLU2": "", "PERMAFROST": "", "CNTCODE": 181, "CNTNAME": "ZI", "SQKM": 3559.0, "COUNTRY": "ZIMBABWE", "SOIL_CODE": "Lf", "FAO_UNIT": "Lf82-1a", "SOIL_NAME": "FAO Soil Unit: Lf82-1a", "AREA_KM2": 3559.0, "PHASE": ""}, "geometry": {"type": "Polygon", "coordinates": [[[30.34758949279785, -18.373239517211914], [30.341590881347656, -18.402429580688477], [30.338420867919922, -18.40566062927246], [30.33523941040039, -18.40888023376465], [30.353050231933594, -18.446670532226562], [30.344179153442383, -18.500940322875977], [30.30694007873535, -18.618860244750977], [30.295820236206055, -18.698930740356445], [30.279390335083008, -18.7248592376709], [30.276079177856445, -18.724529266357422], [30.248600006103516, -18.694799423217773], [30.24176025390625, -18.687389373779297], [30.221559524536133, -18.688079833984375], [30.211570739746094, -18.6977596282959], [30.208759307861328, -18.72323989868164], [30.202899932861328, -18.74258041381836], [30.211380004882812, -18.818429946899414], [30.22654914855957, -18.872230529785156], [30.248779296875, -18.951169967651367], [30.25040054321289, -19.019380569458008], [30.248809814453125, -19.022790908813477], [30.22216033935547, -19.100749969482422], [30.205970764160156, -19.120410919189453], [30.192670822143555, -19.117319107055664], [30.135290145874023, -19.118879318237305], [30.095449447631836, -19.13581085205078], [29.999719619750977, -19.204910278320312], [29.970109939575195, -19.211360931396484], [29.91558074951172, -19.190519332885742], [29.88471031188965, -19.1595401763916], [29.866649627685547, -19.118789672851562], [29.893259048461914, -19.11166000366211], [29.903039932250977, -19.09575080871582], [29.898759841918945, -19.057649612426758], [29.85610008239746, -18.982969284057617], [29.845640182495117, -18.967260360717773], [29.827560424804688, -18.91036033630371], [29.828899383544922, -18.830530166625977], [29.83506965637207, -18.8131103515625], [29.84469985961914, -18.785879135131836], [29.856380462646484, -18.731569290161133], [29.84886932373047, -18.693479537963867], [29.83510971069336, -18.677879333496094], [29.83465003967285, -18.664979934692383], [29.867610931396484, -18.63892936706543], [29.89999008178711, -18.596860885620117], [29.952369689941406, -18.534969329833984], [29.99432945251465, -18.454729080200195], [30.037059783935547, -18.428409576416016], [30.080039978027344, -18.408279418945312], [30.086389541625977, -18.388879776000977], [30.138559341430664, -18.336780548095703], [30.151269912719727, -18.310930252075195], [30.164899826049805, -18.310930252075195], [30.191879272460938, -18.316299438476562], [30.286710739135742, -18.33997917175293], [30.3469295501709, -18.341590881347656], [30.34758949279785, -18.373239517211914]]]}}, {"type": "Feature", "properties": {"SNUM": 706, "FAOSOIL": "Lc49-3a", "DOMSOI": "Lc", "PHASE1": "", "PHASE2": "", "MISCLU1": "", "MISCLU2": "", "PERMAFROST": "", "CNTCODE": 181, "CNTNAME": "ZI", "SQKM": 3151.0, "COUNTRY": "ZIMBABWE", "SOIL_CODE": "Lc", "FAO_UNIT": "Lc49-3a", "SOIL_NAME": "Chromic Luvisols (Lc) \u2014 Chrome\u2011rich clay; chrome/PGM pathfinder", "AREA_KM2": 3151.0, "PHASE": ""}, "geometry": {"type": "Polygon", "coordinates": [[[29.580780029296875, -18.32048988342285], [29.6112003326416, -18.329349517822266], [29.709400177001953, -18.35257911682129], [29.71095085144043, -18.4101505279541], [29.68610954284668, -18.487449645996094], [29.67300033569336, -18.50349998474121], [29.674589157104492, -18.589109420776367], [29.708240509033203, -18.594690322875977], [29.715059280395508, -18.601160049438477], [29.71552085876465, -18.61362075805664], [29.73373031616211, -18.66115951538086], [29.740549087524414, -18.66716957092285], [29.74090003967285, -18.676979064941406], [29.750999450683594, -18.682880401611328], [29.744749069213867, -18.70536994934082], [29.72920036315918, -18.743770599365234], [29.72348976135254, -18.810270309448242], [29.721269607543945, -18.836299896240234], [29.715370178222656, -18.85565948486328], [29.709239959716797, -18.88125991821289], [29.6993408203125, -18.89406967163086], [29.682880401611328, -18.90753936767578], [29.683000564575195, -18.9106502532959], [29.67708969116211, -18.942489624023438], [29.73072052001953, -18.941179275512695], [29.7278995513916, -18.95418930053711], [29.711410522460938, -18.979700088500977], [29.67258071899414, -19.047529220581055], [29.663179397583008, -19.073200225830078], [29.662109375, -19.081729888916016], [29.654850006103516, -19.1397705078125], [29.645559310913086, -19.156089782714844], [29.61849021911621, -19.163240432739258], [29.601390838623047, -19.14735984802246], [29.580659866333008, -19.135169982910156], [29.57714080810547, -19.116600036621094], [29.552860260009766, -19.09786033630371], [29.449220657348633, -19.103120803833008], [29.431900024414062, -19.093900680541992], [29.414470672607422, -19.069089889526367], [29.414350509643555, -19.065980911254883], [29.3569393157959, -19.070539474487305], [29.320390701293945, -19.0904598236084], [29.300819396972656, -19.109800338745117], [29.2637996673584, -19.10434913635254], [29.22974967956543, -19.08945083618164], [29.189119338989258, -19.05384063720703], [29.167049407958984, -19.014480590820312], [29.15007972717285, -19.015039443969727], [29.143259048461914, -18.993270874023438], [29.070980072021484, -18.927640914916992], [29.00922966003418, -18.887680053710938], [28.97464942932129, -18.85335922241211], [28.96422004699707, -18.824649810791016], [29.044200897216797, -18.810260772705078], [29.067890167236328, -18.800119400024414], [29.145259857177734, -18.801660537719727], [29.213600158691406, -18.854360580444336], [29.296859741210938, -18.941829681396484], [29.314350128173828, -18.969829559326172], [29.36224937438965, -18.991050720214844], [29.38545036315918, -18.99386978149414], [29.412200927734375, -18.977399826049805], [29.417909622192383, -18.938840866088867], [29.41282081604004, -18.87519073486328], [29.422290802001953, -18.84946060180664], [29.428329467773438, -18.820709228515625], [29.425790786743164, -18.722179412841797], [29.415119171142578, -18.68726921081543], [29.41082000732422, -18.658849716186523], [29.416210174560547, -18.597990036010742], [29.409860610961914, -18.480810165405273], [29.396459579467773, -18.474519729614258], [29.38241958618164, -18.44947052001953], [29.36540985107422, -18.433900833129883], [29.341760635375977, -18.431049346923828], [29.337919235229492, -18.41507911682129], [29.313629150390625, -18.39348030090332], [29.292770385742188, -18.36193084716797], [29.285560607910156, -18.329959869384766], [29.517070770263672, -18.32832908630371], [29.54231071472168, -18.320459365844727], [29.550579071044922, -18.317880630493164], [29.550460815429688, -18.314760208129883], [29.577280044555664, -18.314350128173828], [29.580780029296875, -18.32048988342285]], [[29.631250381469727, -18.830610275268555], [29.680339813232422, -18.811790466308594], [29.680099487304688, -18.79616928100586], [29.68000030517578, -18.789520263671875], [29.654979705810547, -18.74888038635254], [29.643369674682617, -18.688650131225586], [29.638809204101562, -18.6281795501709], [29.61754035949707, -18.599899291992188], [29.59412956237793, -18.603790283203125], [29.569869995117188, -18.636049270629883], [29.564929962158203, -18.64263916015625], [29.5451602935791, -18.65576934814453], [29.49036979675293, -18.62548065185547], [29.467260360717773, -18.628480911254883], [29.45783042907715, -18.6417293548584], [29.462230682373047, -18.68621063232422], [29.469249725341797, -18.7114200592041], [29.466310501098633, -18.721330642700195], [29.490859985351562, -18.749099731445312], [29.54157066345215, -18.77712059020996], [29.57975959777832, -18.817319869995117], [29.610349655151367, -18.82969093322754], [29.626930236816406, -18.8322696685791], [29.631250381469727, -18.830610275268555]]]}}, {"type": "Feature", "properties": {"SNUM": 474, "FAOSOIL": "Bv13-3a", "DOMSOI": "Bv", "PHASE1": "", "PHASE2": "", "MISCLU1": "", "MISCLU2": "", "PERMAFROST": "", "CNTCODE": 181, "CNTNAME": "ZI", "SQKM": 164.0, "COUNTRY": "ZIMBABWE", "SOIL_CODE": "Bv", "FAO_UNIT": "Bv13-3a", "SOIL_NAME": "FAO Soil Unit: Bv13-3a", "AREA_KM2": 164.0, "PHASE": ""}, "geometry": {"type": "Polygon", "coordinates": [[[26.201000213623047, -18.443220138549805], [26.160009384155273, -18.41822052001953], [26.153200149536133, -18.412099838256836], [26.159379959106445, -18.380020141601562], [26.19576072692871, -18.3439998626709], [26.22616958618164, -18.330610275268555], [26.25316047668457, -18.330350875854492], [26.30777931213379, -18.351850509643555], [26.33172035217285, -18.376840591430664], [26.328689575195312, -18.386810302734375], [26.248340606689453, -18.442419052124023], [26.215009689331055, -18.452739715576172], [26.201000213623047, -18.443220138549805]]]}}, {"type": "Feature", "properties": {"SNUM": 783, "FAOSOIL": "Lg16-1a", "DOMSOI": "Lg", "PHASE1": "", "PHASE2": "", "MISCLU1": "", "MISCLU2": "", "PERMAFROST": "", "CNTCODE": 181, "CNTNAME": "ZI", "SQKM": 390.0, "COUNTRY": "ZIMBABWE", "SOIL_CODE": "Lg", "FAO_UNIT": "Lg16-1a", "SOIL_NAME": "FAO Soil Unit: Lg16-1a", "AREA_KM2": 390.0, "PHASE": ""}, "geometry": {"type": "Polygon", "coordinates": [[[30.742889404296875, -18.34830093383789], [30.76984977722168, -18.36655044555664], [30.83057975769043, -18.384140014648438], [30.837970733642578, -18.39369010925293], [30.83432960510254, -18.396930694580078], [30.83255958557129, -18.450910568237305], [30.827089309692383, -18.486650466918945], [30.78660011291504, -18.490310668945312], [30.63913917541504, -18.512849807739258], [30.64337921142578, -18.509920120239258], [30.619890213012695, -18.510250091552734], [30.589170455932617, -18.5049991607666], [30.568639755249023, -18.486000061035156], [30.567949295043945, -18.454389572143555], [30.5908203125, -18.438030242919922], [30.597280502319336, -18.434690475463867], [30.600210189819336, -18.41231918334961], [30.619789123535156, -18.383140563964844], [30.619539260864258, -18.376480102539062], [30.636329650878906, -18.373239517211914], [30.665990829467773, -18.362890243530273], [30.70549964904785, -18.339740753173828], [30.725650787353516, -18.339069366455078], [30.742889404296875, -18.34830093383789]]]}}, {"type": "Feature", "properties": {"SNUM": 924, "FAOSOIL": "Ql17-1a", "DOMSOI": "Ql", "PHASE1": "", "PHASE2": "", "MISCLU1": "", "MISCLU2": "", "PERMAFROST": "", "CNTCODE": 181, "CNTNAME": "ZI", "SQKM": 2428.0, "COUNTRY": "ZIMBABWE", "SOIL_CODE": "Ql", "FAO_UNIT": "Ql17-1a", "SOIL_NAME": "FAO Soil Unit: Ql17-1a", "AREA_KM2": 2428.0, "PHASE": ""}, "geometry": {"type": "Polygon", "coordinates": [[[27.255849838256836, -18.440839767456055], [27.23944091796875, -18.47631072998047], [27.216510772705078, -18.509000778198242], [27.196720123291016, -18.540979385375977], [27.157190322875977, -18.593170166015625], [27.030170440673828, -18.662670135498047], [27.020889282226562, -18.66152000427246], [26.99778938293457, -18.65195083618164], [26.9591007232666, -18.65093994140625], [26.938940048217773, -18.657779693603516], [26.885480880737305, -18.690650939941406], [26.852270126342773, -18.72027015686035], [26.825580596923828, -18.730419158935547], [26.822559356689453, -18.739919662475586], [26.79865074157715, -18.750389099121094], [26.64672088623047, -18.752899169921875], [26.562469482421875, -18.770479202270508], [26.428449630737305, -18.830059051513672], [26.425329208374023, -18.83687973022461], [26.334049224853516, -18.844730377197266], [26.292919158935547, -18.83283042907715], [26.29281997680664, -18.82969093322754], [26.299360275268555, -18.81022071838379], [26.330419540405273, -18.775339126586914], [26.348899841308594, -18.754589080810547], [26.372020721435547, -18.718969345092773], [26.385669708251953, -18.7154598236084], [26.39504051208496, -18.68021011352539], [26.444700241088867, -18.628170013427734], [26.517929077148438, -18.585670471191406], [26.5846004486084, -18.52014923095703], [26.63102912902832, -18.461959838867188], [26.633869171142578, -18.445709228515625], [26.70775032043457, -18.399240493774414], [26.771610260009766, -18.382240295410156], [26.866220474243164, -18.380569458007812], [26.889869689941406, -18.37993049621582], [26.89698028564453, -18.395919799804688], [26.968599319458008, -18.449230194091797], [27.019939422607422, -18.473899841308594], [27.030399322509766, -18.48978042602539], [27.104259490966797, -18.478729248046875], [27.241649627685547, -18.425079345703125], [27.258869171142578, -18.431339263916016], [27.255849838256836, -18.440839767456055]]]}}, {"type": "Feature", "properties": {"SNUM": 770, "FAOSOIL": "Lf82-1a", "DOMSOI": "Lf", "PHASE1": "", "PHASE2": "", "MISCLU1": "", "MISCLU2": "", "PERMAFROST": "", "CNTCODE": 181, "CNTNAME": "ZI", "SQKM": 472.0, "COUNTRY": "ZIMBABWE", "SOIL_CODE": "Lf", "FAO_UNIT": "Lf82-1a", "SOIL_NAME": "FAO Soil Unit: Lf82-1a", "AREA_KM2": 472.0, "PHASE": ""}, "geometry": {"type": "Polygon", "coordinates": [[[29.385879516601562, -18.860000610351562], [29.378719329833984, -18.844160079956055], [29.364500045776367, -18.828550338745117], [29.332679748535156, -18.768890380859375], [29.322450637817383, -18.7593994140625], [29.322229385375977, -18.75316047668457], [29.316619873046875, -18.648029327392578], [29.312419891357422, -18.622730255126953], [29.304800033569336, -18.593969345092773], [29.300060272216797, -18.54014015197754], [29.292789459228516, -18.52117919921875], [29.289119720458984, -18.489469528198242], [29.30242919921875, -18.47966957092285], [29.30221939086914, -18.473419189453125], [29.318729400634766, -18.460390090942383], [29.334800720214844, -18.43440055847168], [29.341760635375977, -18.431049346923828], [29.36540985107422, -18.433900833129883], [29.38241958618164, -18.44947052001953], [29.396459579467773, -18.474519729614258], [29.409860610961914, -18.480810165405273], [29.416210174560547, -18.597990036010742], [29.41082000732422, -18.658849716186523], [29.415119171142578, -18.68726921081543], [29.425790786743164, -18.722179412841797], [29.428329467773438, -18.820709228515625], [29.422290802001953, -18.84946060180664], [29.41282081604004, -18.87519073486328], [29.385879516601562, -18.860000610351562]]]}}, {"type": "Feature", "properties": {"SNUM": 474, "FAOSOIL": "Bv13-3a", "DOMSOI": "Bv", "PHASE1": "", "PHASE2": "", "MISCLU1": "", "MISCLU2": "", "PERMAFROST": "", "CNTCODE": 181, "CNTNAME": "ZI", "SQKM": 689.0, "COUNTRY": "ZIMBABWE", "SOIL_CODE": "Bv", "FAO_UNIT": "Bv13-3a", "SOIL_NAME": "FAO Soil Unit: Bv13-3a", "AREA_KM2": 689.0, "PHASE": ""}, "geometry": {"type": "Polygon", "coordinates": [[[27.53137969970703, -18.570249557495117], [27.58980941772461, -18.607460021972656], [27.62398910522461, -18.625699996948242], [27.651390075683594, -18.65397071838379], [27.646190643310547, -18.71186065673828], [27.670700073242188, -18.75275993347168], [27.71862030029297, -18.786699295043945], [27.718740463256836, -18.790279388427734], [27.699249267578125, -18.815919876098633], [27.702980041503906, -18.82879066467285], [27.75079917907715, -18.859590530395508], [27.754430770874023, -18.86932945251465], [27.750850677490234, -18.875709533691406], [27.72149085998535, -18.917749404907227], [27.701440811157227, -18.91206932067871], [27.629030227661133, -18.852449417114258], [27.594850540161133, -18.834209442138672], [27.3971004486084, -18.754709243774414], [27.370019912719727, -18.751909255981445], [27.346439361572266, -18.73958969116211], [27.241289138793945, -18.722450256347656], [27.2402400970459, -18.674560546875], [27.25667953491211, -18.655269622802734], [27.296979904174805, -18.657699584960938], [27.34819984436035, -18.67548942565918], [27.4094295501709, -18.68090057373047], [27.41292953491211, -18.68705940246582], [27.494220733642578, -18.721269607543945], [27.535179138183594, -18.729909896850586], [27.544940948486328, -18.710369110107422], [27.574359893798828, -18.68444061279297], [27.574609756469727, -18.677719116210938], [27.567689895629883, -18.668529510498047], [27.502580642700195, -18.64405059814453], [27.50102996826172, -18.56756019592285], [27.507530212402344, -18.564239501953125], [27.53137969970703, -18.570249557495117]]]}}, {"type": "Feature", "properties": {"SNUM": 770, "FAOSOIL": "Lf82-1a", "DOMSOI": "Lf", "PHASE1": "", "PHASE2": "", "MISCLU1": "", "MISCLU2": "", "PERMAFROST": "", "CNTCODE": 181, "CNTNAME": "ZI", "SQKM": 364.0, "COUNTRY": "ZIMBABWE", "SOIL_CODE": "Lf", "FAO_UNIT": "Lf82-1a", "SOIL_NAME": "FAO Soil Unit: Lf82-1a", "AREA_KM2": 364.0, "PHASE": ""}, "geometry": {"type": "Polygon", "coordinates": [[[29.610349655151367, -18.82969093322754], [29.57975959777832, -18.817319869995117], [29.54157066345215, -18.77712059020996], [29.490859985351562, -18.749099731445312], [29.466310501098633, -18.721330642700195], [29.469249725341797, -18.7114200592041], [29.462230682373047, -18.68621063232422], [29.45783042907715, -18.6417293548584], [29.467260360717773, -18.628480911254883], [29.49036979675293, -18.62548065185547], [29.5451602935791, -18.65576934814453], [29.564929962158203, -18.64263916015625], [29.569869995117188, -18.636049270629883], [29.59412956237793, -18.603790283203125], [29.61754035949707, -18.599899291992188], [29.638809204101562, -18.6281795501709], [29.643369674682617, -18.688650131225586], [29.654979705810547, -18.74888038635254], [29.68000030517578, -18.789520263671875], [29.680099487304688, -18.79616928100586], [29.680339813232422, -18.811790466308594], [29.631250381469727, -18.830610275268555], [29.626930236816406, -18.8322696685791], [29.610349655151367, -18.82969093322754]]]}}, {"type": "Feature", "properties": {"SNUM": 874, "FAOSOIL": "Qc29-1a", "DOMSOI": "Qc", "PHASE1": "", "PHASE2": "", "MISCLU1": "", "MISCLU2": "", "PERMAFROST": "", "CNTCODE": 181, "CNTNAME": "ZI", "SQKM": 1972.0, "COUNTRY": "ZIMBABWE", "SOIL_CODE": "Qc", "FAO_UNIT": "Qc29-1a", "SOIL_NAME": "Calcaric Arenosols (Qc) \u2014 Sandy calcareous; limestone indicator", "AREA_KM2": 1972.0, "PHASE": ""}, "geometry": {"type": "Polygon", "coordinates": [[[26.292919158935547, -18.83283042907715], [26.334049224853516, -18.844730377197266], [26.425329208374023, -18.83687973022461], [26.421630859375, -18.840120315551758], [26.43954086303711, -18.868349075317383], [26.443439483642578, -18.903690338134766], [26.427719116210938, -18.964689254760742], [26.423370361328125, -18.984529495239258], [26.41853904724121, -19.00666046142578], [26.415700912475586, -19.05430030822754], [26.437589645385742, -19.117719650268555], [26.4619197845459, -19.152870178222656], [26.462419509887695, -19.168529510498047], [26.353599548339844, -19.164379119873047], [26.279029846191406, -19.16242027282715], [26.181440353393555, -19.183490753173828], [26.137439727783203, -19.203519821166992], [26.09701919555664, -19.237030029296875], [26.09477996826172, -19.231189727783203], [26.07904052734375, -19.19025993347168], [26.06937026977539, -19.16752052307129], [26.059709548950195, -19.151609420776367], [26.047639846801758, -19.141380310058594], [26.029539108276367, -19.12318992614746], [26.005390167236328, -19.09477996826172], [25.981660842895508, -19.07056999206543], [25.978609085083008, -19.055240631103516], [25.97201919555664, -19.029190063476562], [25.978670120239258, -18.943979263305664], [25.9697208404541, -18.919050216674805], [25.94761085510254, -18.898910522460938], [25.85597038269043, -18.83778953552246], [25.814210891723633, -18.79974937438965], [25.80052947998047, -18.779470443725586], [25.799610137939453, -18.77667999267578], [25.889339447021484, -18.79458999633789], [26.021560668945312, -18.811899185180664], [26.06563949584961, -18.81114959716797], [26.170839309692383, -18.8092098236084], [26.21462059020996, -18.814760208129883], [26.245519638061523, -18.8175106048584], [26.248929977416992, -18.820560455322266], [26.29281997680664, -18.82969093322754], [26.292919158935547, -18.83283042907715]]]}}, {"type": "Feature", "properties": {"SNUM": 770, "FAOSOIL": "Lf82-1a", "DOMSOI": "Lf", "PHASE1": "", "PHASE2": "", "MISCLU1": "", "MISCLU2": "", "PERMAFROST": "", "CNTCODE": 181, "CNTNAME": "ZI", "SQKM": 6522.0, "COUNTRY": "ZIMBABWE", "SOIL_CODE": "Lf", "FAO_UNIT": "Lf82-1a", "SOIL_NAME": "FAO Soil Unit: Lf82-1a", "AREA_KM2": 6522.0, "PHASE": ""}, "geometry": {"type": "Polygon", "coordinates": [[[29.56814956665039, -19.14483070373535], [29.573749542236328, -19.1751708984375], [29.59295082092285, -19.22212028503418], [29.654319763183594, -19.366159439086914], [29.658079147338867, -19.374969482421875], [29.65880012512207, -19.39406967163086], [29.643110275268555, -19.39073944091797], [29.6317195892334, -19.388320922851562], [29.604389190673828, -19.376340866088867], [29.55596923828125, -19.329940795898438], [29.528879165649414, -19.324190139770508], [29.423009872436523, -19.27543067932129], [29.396020889282227, -19.273210525512695], [29.400480270385742, -19.304670333862305], [29.407560348510742, -19.317350387573242], [29.428529739379883, -19.34872055053711], [29.535200119018555, -19.4289608001709], [29.55933952331543, -19.456600189208984], [29.570539474487305, -19.488309860229492], [29.583730697631836, -19.487869262695312], [29.603269577026367, -19.5006103515625], [29.621450424194336, -19.512449264526367], [29.72503089904785, -19.604860305786133], [29.751920700073242, -19.616790771484375], [29.7532901763916, -19.619129180908203], [29.755470275878906, -19.62286949157715], [29.76420021057129, -19.689159393310547], [29.72378921508789, -19.693679809570312], [29.727420806884766, -19.690000534057617], [29.71044921875, -19.69059944152832], [29.67428970336914, -19.67987060546875], [29.622119903564453, -19.664390563964844], [29.57168960571289, -19.66571044921875], [29.447410583496094, -19.6781005859375], [29.39396095275879, -19.688810348510742], [29.380159378051758, -19.68617057800293], [29.34910011291504, -19.664560317993164], [29.294919967651367, -19.643749237060547], [29.242839813232422, -19.60218048095703], [29.237590789794922, -19.602109909057617], [29.205549240112305, -19.592130661010742], [29.185819625854492, -19.60630989074707], [29.190019607543945, -19.643320083618164], [29.193920135498047, -19.65873908996582], [29.194910049438477, -19.69692039489746], [29.20577049255371, -19.721879959106445], [29.19647979736328, -19.750640869140625], [29.139020919799805, -19.75527000427246], [29.126300811767578, -19.768590927124023], [29.11688995361328, -19.794240951538086], [29.124479293823242, -19.832199096679688], [29.134740829467773, -19.8411808013916], [29.134979248046875, -19.847389221191406], [29.152339935302734, -19.85658073425293], [29.20248031616211, -19.845979690551758], [29.216310501098633, -19.861509323120117], [29.218740463256836, -19.937419891357422], [29.215810775756836, -19.952850341796875], [29.20993995666504, -19.985450744628906], [29.211130142211914, -20.05463981628418], [29.192689895629883, -20.102739334106445], [29.190420150756836, -20.140960693359375], [29.225370407104492, -20.187620162963867], [29.277090072631836, -20.227489471435547], [29.284109115600586, -20.23103904724121], [29.318119049072266, -20.24822998046875], [29.309349060058594, -20.262380599975586], [29.30211067199707, -20.274070739746094], [29.272489547729492, -20.290630340576172], [29.204830169677734, -20.301870346069336], [29.17435073852539, -20.296289443969727], [29.152050018310547, -20.296939849853516], [29.100160598754883, -20.298450469970703], [29.067829132080078, -20.25472068786621], [29.053369522094727, -20.221399307250977], [29.01110076904297, -20.150720596313477], [28.97555923461914, -20.08724021911621], [28.965030670166016, -20.056060791015625], [28.948490142822266, -20.05137062072754], [28.94066047668457, -20.02012062072754], [28.93021011352539, -20.004959106445312], [28.92987060546875, -19.995630264282227], [28.919700622558594, -19.98048973083496], [28.90884017944336, -19.964290618896484], [28.90081024169922, -19.926300048828125], [28.886070251464844, -19.89920997619629], [28.875900268554688, -19.86663055419922], [28.847900390625, -19.825740814208984], [28.823200225830078, -19.797639846801758], [28.812469482421875, -19.7632999420166], [28.818370819091797, -19.743980407714844], [28.841630935668945, -19.72096061706543], [28.86823081970215, -19.71118927001953], [28.864089965820312, -19.676179885864258], [28.85700035095215, -19.66352081298828], [28.859010696411133, -19.6158504486084], [28.862220764160156, -19.610639572143555], [28.86882972717285, -19.599950790405273], [28.881820678710938, -19.593299865722656], [28.912639617919922, -19.59539031982422], [28.92717933654785, -19.60194969177246], [28.93284034729004, -19.60449981689453], [28.946550369262695, -19.60449981689453], [28.98365020751953, -19.609939575195312], [29.013690948486328, -19.615549087524414], [29.027019500732422, -19.605770111083984], [29.026920318603516, -19.598970413208008], [29.02676010131836, -19.586669921875], [29.001710891723633, -19.549299240112305], [28.97146987915039, -19.52404022216797], [28.930479049682617, -19.500059127807617], [28.920019149780273, -19.484779357910156], [28.911359786987305, -19.414630889892578], [28.91330909729004, -19.363759994506836], [28.936460494995117, -19.35053062438965], [28.946840286254883, -19.350189208984375], [28.958969116210938, -19.292749404907227], [28.944490432739258, -19.257999420166016], [28.93423080444336, -19.248519897460938], [28.923519134521484, -19.226579666137695], [28.923070907592773, -19.214109420776367], [28.91584014892578, -19.201120376586914], [28.908939361572266, -19.188709259033203], [28.935279846191406, -19.172260284423828], [28.939050674438477, -19.17214012145996], [28.95648956298828, -19.175809860229492], [28.979520797729492, -19.18065071105957], [28.999610900878906, -19.183889389038086], [28.996950149536133, -19.152050018310547], [28.99456024169922, -19.12350082397461], [28.984220504760742, -19.101139068603516], [28.983760833740234, -19.08823013305664], [28.969749450683594, -19.066389083862305], [28.955629348754883, -19.041439056396484], [28.91766929626465, -19.00745964050293], [28.887189865112305, -18.98607063293457], [28.883560180664062, -18.976360321044922], [28.853050231933594, -18.967479705810547], [28.811870574951172, -18.936609268188477], [28.735570907592773, -18.845640182495117], [28.74163055419922, -18.829809188842773], [28.7579402923584, -18.810089111328125], [28.771289825439453, -18.80030059814453], [28.801799774169922, -18.80916976928711], [28.80575942993164, -18.828250885009766], [28.843860626220703, -18.865480422973633], [28.970510482788086, -18.952199935913086], [28.974260330200195, -18.96504020690918], [29.025100708007812, -18.976409912109375], [29.07274055480957, -19.01671028137207], [29.06955909729004, -19.019929885864258], [29.130149841308594, -19.025049209594727], [29.123769760131836, -19.043960571289062], [29.124879837036133, -19.086299896240234], [29.149580001831055, -19.129499435424805], [29.249849319458008, -19.22549057006836], [29.31846046447754, -19.268640518188477], [29.352529525756836, -19.271080017089844], [29.378929138183594, -19.25773048400879], [29.354299545288086, -19.216690063476562], [29.353960037231445, -19.20734977722168], [29.332979202270508, -19.175989151000977], [29.3221492767334, -19.15096092224121], [29.30129051208496, -19.122709274291992], [29.300819396972656, -19.109800338745117], [29.320390701293945, -19.0904598236084], [29.3569393157959, -19.070539474487305], [29.414350509643555, -19.065980911254883], [29.414470672607422, -19.069089889526367], [29.431900024414062, -19.093900680541992], [29.449220657348633, -19.103120803833008], [29.552860260009766, -19.09786033630371], [29.57714080810547, -19.116600036621094], [29.580659866333008, -19.135169982910156], [29.56814956665039, -19.14483070373535]]]}}, {"type": "Feature", "properties": {"SNUM": 642, "FAOSOIL": "I-Bc-V", "DOMSOI": "I", "PHASE1": "", "PHASE2": "", "MISCLU1": "", "MISCLU2": "", "PERMAFROST": "", "CNTCODE": 181, "CNTNAME": "ZI", "SQKM": 1487.0, "COUNTRY": "ZIMBABWE", "SOIL_CODE": "I", "FAO_UNIT": "I-Bc-V", "SOIL_NAME": "Lithosols (I) \u2014 Shallow rocky soils; basement outcrop indicator", "AREA_KM2": 1487.0, "PHASE": ""}, "geometry": {"type": "Polygon", "coordinates": [[[32.702598571777344, -18.866670608520508], [32.706390380859375, -18.878969192504883], [32.71133041381836, -18.890119552612305], [32.71397018432617, -18.904680252075195], [32.70941925048828, -18.914859771728516], [32.70368957519531, -18.926179885864258], [32.6956787109375, -18.942020416259766], [32.69470977783203, -18.95439910888672], [32.69512176513672, -18.976850509643555], [32.693031311035156, -18.992610931396484], [32.69086837768555, -19.003870010375977], [32.69425964355469, -19.01810073852539], [32.702659606933594, -19.02243995666504], [32.73820877075195, -19.01848030090332], [32.76940155029297, -19.015010833740234], [32.79426956176758, -19.012380599975586], [32.810848236083984, -19.01099967956543], [32.74972915649414, -19.024639129638672], [32.71697998046875, -19.033920288085938], [32.715919494628906, -19.046890258789062], [32.69646072387695, -19.073070526123047], [32.67995071411133, -19.0701904296875], [32.64617156982422, -19.06797981262207], [32.59360122680664, -19.085500717163086], [32.592559814453125, -19.089990615844727], [32.587711334228516, -19.110889434814453], [32.53097915649414, -19.118850708007812], [32.527278900146484, -19.109289169311523], [32.517208099365234, -19.103500366210938], [32.454280853271484, -19.11113929748535], [32.42802047729492, -19.121429443359375], [32.40121078491211, -19.118919372558594], [32.373870849609375, -19.104049682617188], [32.3659782409668, -19.076650619506836], [32.361820220947266, -19.04129981994629], [32.338409423828125, -19.041749954223633], [32.31856918334961, -19.0487003326416], [32.225341796875, -19.07040023803711], [32.180179595947266, -19.08289909362793], [32.172950744628906, -19.094070434570312], [32.17068099975586, -19.128650665283203], [32.1911506652832, -19.147310256958008], [32.198768615722656, -19.17222023010254], [32.191890716552734, -19.175569534301758], [32.0985107421875, -19.18893051147461], [32.082008361816406, -19.191280364990234], [32.023319244384766, -19.206520080566406], [31.986370086669922, -19.21578025817871], [31.933950424194336, -19.252269744873047], [31.907560348510742, -19.2718505859375], [31.904939651489258, -19.28788948059082], [31.892269134521484, -19.310060501098633], [31.883020401000977, -19.335630416870117], [31.87598991394043, -19.335899353027344], [31.862930297851562, -19.348779678344727], [31.840879440307617, -19.393869400024414], [31.83563995361328, -19.425500869750977], [31.831890106201172, -19.425640106201172], [31.793439865112305, -19.470909118652344], [31.75695037841797, -19.484670639038086], [31.743179321289062, -19.469249725341797], [31.741409301757812, -19.41575050354004], [31.750139236450195, -19.377349853515625], [31.78523063659668, -19.319379806518555], [31.79475975036621, -19.300430297851562], [31.790420532226562, -19.274919509887695], [31.753089904785156, -19.257280349731445], [31.755359649658203, -19.248489379882812], [31.757049560546875, -19.242000579833984], [31.76034927368164, -19.236730575561523], [31.77553939819336, -19.22191047668457], [31.86804962158203, -19.190549850463867], [31.878360748291016, -19.190610885620117], [31.884389877319336, -19.177549362182617], [32.022830963134766, -19.11087989807129], [32.15911102294922, -19.05954933166504], [32.2044792175293, -19.042470932006836], [32.30392074584961, -19.00550079345703], [32.35363006591797, -18.985050201416016], [32.38682174682617, -18.98426055908203], [32.46382141113281, -18.978759765625], [32.47010040283203, -18.972320556640625], [32.482479095458984, -18.943510055541992], [32.52146911621094, -18.904529571533203], [32.5638313293457, -18.878150939941406], [32.570350646972656, -18.877910614013672], [32.664791107177734, -18.869760513305664], [32.672210693359375, -18.869110107421875], [32.700889587402344, -18.862579345703125], [32.702598571777344, -18.866670608520508]]]}}, {"type": "Feature", "properties": {"SNUM": 785, "FAOSOIL": "Lg3-1a", "DOMSOI": "Lg", "PHASE1": "", "PHASE2": "", "MISCLU1": "", "MISCLU2": "", "PERMAFROST": "", "CNTCODE": 181, "CNTNAME": "ZI", "SQKM": 190.0, "COUNTRY": "ZIMBABWE", "SOIL_CODE": "Lg", "FAO_UNIT": "Lg3-1a", "SOIL_NAME": "FAO Soil Unit: Lg3-1a", "AREA_KM2": 190.0, "PHASE": ""}, "geometry": {"type": "Polygon", "coordinates": [[[30.342769622802734, -18.96137046813965], [30.386240005493164, -18.95410919189453], [30.3897705078125, -18.9477596282959], [30.446149826049805, -18.93338966369629], [30.463550567626953, -18.945720672607422], [30.545259475708008, -18.982120513916016], [30.539249420166016, -19.007720947265625], [30.502830505371094, -19.052839279174805], [30.401870727539062, -19.035829544067383], [30.374570846557617, -19.02389907836914], [30.32986068725586, -18.980939865112305], [30.329849243164062, -18.96803092956543], [30.342769622802734, -18.96137046813965]]]}}, {"type": "Feature", "properties": {"SNUM": 767, "FAOSOIL": "Lf81-2a", "DOMSOI": "Lf", "PHASE1": "", "PHASE2": "", "MISCLU1": "", "MISCLU2": "", "PERMAFROST": "", "CNTCODE": 181, "CNTNAME": "ZI", "SQKM": 2022.0, "COUNTRY": "ZIMBABWE", "SOIL_CODE": "Lf", "FAO_UNIT": "Lf81-2a", "SOIL_NAME": "FAO Soil Unit: Lf81-2a", "AREA_KM2": 2022.0, "PHASE": ""}, "geometry": {"type": "Polygon", "coordinates": [[[29.88471031188965, -19.1595401763916], [29.91558074951172, -19.190519332885742], [29.970109939575195, -19.211360931396484], [29.999719619750977, -19.204910278320312], [30.095449447631836, -19.13581085205078], [30.135290145874023, -19.118879318237305], [30.192670822143555, -19.117319107055664], [30.205970764160156, -19.120410919189453], [30.20646095275879, -19.132829666137695], [30.190780639648438, -19.177810668945312], [30.16560935974121, -19.23632049560547], [30.14672088623047, -19.280210494995117], [30.13290023803711, -19.323009490966797], [30.121919631958008, -19.3570499420166], [30.11536979675293, -19.370159149169922], [30.10396957397461, -19.440319061279297], [30.1028995513916, -19.453489303588867], [30.10141944885254, -19.47195053100586], [30.091909408569336, -19.481609344482422], [30.062149047851562, -19.482410430908203], [30.03829002380371, -19.483030319213867], [29.99173927307129, -19.509540557861328], [29.964780807495117, -19.506900787353516], [29.94161033630371, -19.4979305267334], [29.934160232543945, -19.495040893554688], [29.92845916748047, -19.490510940551758], [29.90304946899414, -19.470300674438477], [29.89208984375, -19.44219970703125], [29.884639739990234, -19.407310485839844], [29.863910675048828, -19.382659912109375], [29.843530654907227, -19.379789352416992], [29.79924964904785, -19.36840057373047], [29.763120651245117, -19.397640228271484], [29.694580078125, -19.35504913330078], [29.658079147338867, -19.374969482421875], [29.654319763183594, -19.366159439086914], [29.59295082092285, -19.22212028503418], [29.573749542236328, -19.1751708984375], [29.56814956665039, -19.14483070373535], [29.580659866333008, -19.135169982910156], [29.601390838623047, -19.14735984802246], [29.61849021911621, -19.163240432739258], [29.645559310913086, -19.156089782714844], [29.654850006103516, -19.1397705078125], [29.662109375, -19.081729888916016], [29.663179397583008, -19.073200225830078], [29.67258071899414, -19.047529220581055], [29.711410522460938, -18.979700088500977], [29.7278995513916, -18.95418930053711], [29.73072052001953, -18.941179275512695], [29.750839233398438, -18.937389373779297], [29.76085090637207, -18.940629959106445], [29.838359832763672, -19.06859016418457], [29.852890014648438, -19.116140365600586], [29.866649627685547, -19.118789672851562], [29.88471031188965, -19.1595401763916]]]}}, {"type": "Feature", "properties": {"SNUM": 579, "FAOSOIL": "Fr6-2/3ac", "DOMSOI": "Fr", "PHASE1": "", "PHASE2": "", "MISCLU1": "", "MISCLU2": "", "PERMAFROST": "", "CNTCODE": 181, "CNTNAME": "ZI", "SQKM": 3912.0, "COUNTRY": "ZIMBABWE", "SOIL_CODE": "Fr", "FAO_UNIT": "Fr6-2/3ac", "SOIL_NAME": "FAO Soil Unit: Fr6-2/3ac", "AREA_KM2": 3912.0, "PHASE": ""}, "geometry": {"type": "Polygon", "coordinates": [[[32.820411682128906, -19.014219284057617], [32.82973098754883, -19.021419525146484], [32.833648681640625, -19.03927993774414], [32.838829040527344, -19.060489654541016], [32.849918365478516, -19.080480575561523], [32.856170654296875, -19.096059799194336], [32.86008834838867, -19.113929748535156], [32.85811996459961, -19.134140014648438], [32.85382843017578, -19.15662956237793], [32.84941101074219, -19.17350959777832], [32.84395980834961, -19.198259353637695], [32.84294891357422, -19.207250595092773], [32.839820861816406, -19.22859001159668], [32.83660888671875, -19.246580123901367], [32.83687973022461, -19.260019302368164], [32.83966064453125, -19.280149459838867], [32.83869171142578, -19.291379928588867], [32.8331413269043, -19.31052017211914], [32.82157897949219, -19.3264102935791], [32.812191009521484, -19.332170486450195], [32.79692840576172, -19.34139060974121], [32.78636169433594, -19.347179412841797], [32.77695083618164, -19.35181999206543], [32.77130126953125, -19.366479873657227], [32.77067184448242, -19.39451026916504], [32.77225875854492, -19.41465950012207], [32.76797866821289, -19.438270568847656], [32.762271881103516, -19.449569702148438], [32.7612190246582, -19.45631980895996], [32.767330169677734, -19.465179443359375], [32.78166961669922, -19.469419479370117], [32.80302810668945, -19.467939376831055], [32.81489944458008, -19.46773910522461], [32.82453918457031, -19.474300384521484], [32.8306999206543, -19.48539924621582], [32.83599853515625, -19.513330459594727], [32.838680267333984, -19.540729522705078], [32.83816146850586, -19.570940017700195], [32.836429595947266, -19.60116958618164], [32.829811096191406, -19.624780654907227], [32.82188034057617, -19.642820358276367], [32.81742858886719, -19.657440185546875], [32.8212890625, -19.67078971862793], [32.83580017089844, -19.68170928955078], [32.85599899291992, -19.681339263916016], [32.874881744384766, -19.67428970336914], [32.90433120727539, -19.661449432373047], [32.91973114013672, -19.6589298248291], [32.93159103393555, -19.657590866088867], [32.947021484375, -19.656190872192383], [32.94499969482422, -19.673009872436523], [32.93838119506836, -19.696609497070312], [32.93629837036133, -19.71006965637207], [32.939109802246094, -19.73015022277832], [32.948890686035156, -19.742279052734375], [32.96577835083008, -19.75316047668457], [32.986141204833984, -19.760610580444336], [33.002838134765625, -19.762540817260742], [33.01926040649414, -19.765920639038086], [33.030269622802734, -19.78022003173828], [33.03778076171875, -19.796829223632812], [33.035888671875, -19.818090438842773], [33.02695846557617, -19.842830657958984], [33.0205192565918, -19.873109817504883], [33.016441345214844, -19.90222930908203], [33.0146484375, -19.927949905395508], [33.01655960083008, -19.96030044555664], [33.01601028442383, -19.986000061035156], [33.01504898071289, -19.99608039855957], [33.01171875, -20.007320404052734], [33.002960205078125, -20.017480850219727], [32.98529052734375, -20.0245304107666], [32.96331024169922, -20.028730392456055], [32.94559097290039, -20.03466033935547], [32.93149185180664, -20.042749404907227], [32.92094039916992, -20.049650192260742], [32.91056823730469, -20.064359664916992], [32.90848159790039, -20.076679229736328], [32.91001892089844, -20.09115982055664], [32.91141128540039, -20.100059509277344], [32.91157150268555, -20.106760025024414], [32.901119232177734, -20.118120193481445], [32.89154815673828, -20.116079330444336], [32.88079071044922, -20.114059448242188], [32.8690185546875, -20.119869232177734], [32.86328125, -20.12891960144043], [32.8590202331543, -20.150209426879883], [32.854698181152344, -20.169269561767578], [32.84901809692383, -20.180530548095703], [32.84103012084961, -20.195209503173828], [32.835289001464844, -20.20425033569336], [32.83319854736328, -20.21656036376953], [32.84077835083008, -20.235389709472656], [32.84455871582031, -20.244239807128906], [32.8473014831543, -20.259809494018555], [32.84532165527344, -20.276599884033203], [32.83843994140625, -20.28788948059082], [32.811981201171875, -20.32748031616211], [32.783111572265625, -20.364879608154297], [32.74980163574219, -20.416879653930664], [32.69784927368164, -20.485979080200195], [32.67306900024414, -20.515209197998047], [32.6591911315918, -20.532209396362305], [32.64759063720703, -20.544710159301758], [32.63581848144531, -20.550519943237305], [32.61809158325195, -20.556459426879883], [32.60374069213867, -20.554540634155273], [32.583438873291016, -20.5527400970459], [32.564998626708984, -20.551910400390625], [32.53879928588867, -20.515239715576172], [32.543819427490234, -20.474069595336914], [32.55297088623047, -20.43939971923828], [32.55339050292969, -20.371259689331055], [32.55345916748047, -20.36067008972168], [32.56214141845703, -20.326019287109375], [32.580501556396484, -20.278209686279297], [32.59571838378906, -20.243270874023438], [32.59543991088867, -20.227460861206055], [32.629600524902344, -20.166669845581055], [32.642311096191406, -20.13800048828125], [32.649959564208984, -20.07172966003418], [32.65653991699219, -20.06705093383789], [32.6616096496582, -20.030790328979492], [32.66722869873047, -19.989900588989258], [32.659271240234375, -19.978260040283203], [32.656681060791016, -19.97446060180664], [32.62704086303711, -19.981840133666992], [32.61088943481445, -20.007600784301758], [32.601280212402344, -20.02337074279785], [32.5977897644043, -20.029510498046875], [32.568138122558594, -20.036909103393555], [32.557559967041016, -20.021520614624023], [32.56040954589844, -19.986780166625977], [32.590999603271484, -19.941570281982422], [32.601558685302734, -19.926040649414062], [32.60055160522461, -19.904050827026367], [32.59675979614258, -19.882179260253906], [32.59368896484375, -19.879919052124023], [32.535560607910156, -19.836990356445312], [32.54277038574219, -19.820270538330078], [32.61103820800781, -19.815509796142578], [32.635379791259766, -19.813140869140625], [32.65766906738281, -19.810970306396484], [32.7333984375, -19.77705955505371], [32.75608825683594, -19.75102996826172], [32.754661560058594, -19.71980094909668], [32.73772048950195, -19.707719802856445], [32.7144889831543, -19.69986915588379], [32.70396041870117, -19.69631004333496], [32.70623016357422, -19.674190521240234], [32.732200622558594, -19.648019790649414], [32.751949310302734, -19.640310287475586], [32.76810073852539, -19.634010314941406], [32.785118103027344, -19.627370834350586], [32.7913703918457, -19.62095069885254], [32.78343963623047, -19.580299377441406], [32.77286911010742, -19.569700241088867], [32.76591110229492, -19.562719345092773], [32.7623405456543, -19.559120178222656], [32.722999572753906, -19.569530487060547], [32.67953109741211, -19.58972930908203], [32.66682052612305, -19.590320587158203], [32.65298843383789, -19.58470916748047], [32.6036491394043, -19.601699829101562], [32.60622024536133, -19.586170196533203], [32.63079071044922, -19.51909065246582], [32.64636993408203, -19.4683895111084], [32.654850006103516, -19.427000045776367], [32.65645980834961, -19.367340087890625], [32.65945816040039, -19.361040115356445], [32.64213180541992, -19.33919906616211], [32.64876174926758, -19.32554054260254], [32.654579162597656, -19.31355094909668], [32.70412826538086, -19.294830322265625], [32.71717071533203, -19.289899826049805], [32.7298698425293, -19.27042007446289], [32.72932815551758, -19.258079528808594], [32.71910858154297, -19.248769760131836], [32.68558883666992, -19.249679565429688], [32.68218994140625, -19.249780654907227], [32.68190002441406, -19.24020004272461], [32.66815948486328, -19.228260040283203], [32.6684684753418, -19.209280014038086], [32.66931915283203, -19.158899307250977], [32.69435119628906, -19.110679626464844], [32.69646072387695, -19.073070526123047], [32.715919494628906, -19.046890258789062], [32.71697998046875, -19.033920288085938], [32.74972915649414, -19.024639129638672], [32.810848236083984, -19.01099967956543], [32.81428909301758, -19.01215934753418], [32.820411682128906, -19.014219284057617]]]}}, {"type": "Feature", "properties": {"SNUM": 733, "FAOSOIL": "Lf10-1a", "DOMSOI": "Lf", "PHASE1": "", "PHASE2": "", "MISCLU1": "", "MISCLU2": "", "PERMAFROST": "", "CNTCODE": 181, "CNTNAME": "ZI", "SQKM": 1067.0, "COUNTRY": "ZIMBABWE", "SOIL_CODE": "Lf", "FAO_UNIT": "Lf10-1a", "SOIL_NAME": "FAO Soil Unit: Lf10-1a", "AREA_KM2": 1067.0, "PHASE": ""}, "geometry": {"type": "Polygon", "coordinates": [[[32.69435119628906, -19.110679626464844], [32.66931915283203, -19.158899307250977], [32.6684684753418, -19.209280014038086], [32.66815948486328, -19.228260040283203], [32.68190002441406, -19.24020004272461], [32.68218994140625, -19.249780654907227], [32.66611862182617, -19.256589889526367], [32.607261657714844, -19.283689498901367], [32.60007858276367, -19.286989212036133], [32.56455993652344, -19.319730758666992], [32.491180419921875, -19.327669143676758], [32.43415832519531, -19.32012939453125], [32.424198150634766, -19.316970825195312], [32.417381286621094, -19.3110408782959], [32.40095901489258, -19.305599212646484], [32.373191833496094, -19.29637908935547], [32.336299896240234, -19.288070678710938], [32.320430755615234, -19.2126407623291], [32.30665969848633, -19.197250366210938], [32.29283142089844, -19.191600799560547], [32.233070373535156, -19.19654083251953], [32.205318450927734, -19.17197036743164], [32.198768615722656, -19.17222023010254], [32.1911506652832, -19.147310256958008], [32.17068099975586, -19.128650665283203], [32.172950744628906, -19.094070434570312], [32.180179595947266, -19.08289909362793], [32.225341796875, -19.07040023803711], [32.31856918334961, -19.0487003326416], [32.338409423828125, -19.041749954223633], [32.361820220947266, -19.04129981994629], [32.3659782409668, -19.076650619506836], [32.373870849609375, -19.104049682617188], [32.40121078491211, -19.118919372558594], [32.42802047729492, -19.121429443359375], [32.454280853271484, -19.11113929748535], [32.517208099365234, -19.103500366210938], [32.527278900146484, -19.109289169311523], [32.53097915649414, -19.118850708007812], [32.587711334228516, -19.110889434814453], [32.592559814453125, -19.089990615844727], [32.59360122680664, -19.085500717163086], [32.64617156982422, -19.06797981262207], [32.67995071411133, -19.0701904296875], [32.69646072387695, -19.073070526123047], [32.69435119628906, -19.110679626464844]]]}}, {"type": "Feature", "properties": {"SNUM": 474, "FAOSOIL": "Bv13-3a", "DOMSOI": "Bv", "PHASE1": "", "PHASE2": "", "MISCLU1": "", "MISCLU2": "", "PERMAFROST": "", "CNTCODE": 181, "CNTNAME": "ZI", "SQKM": 211.0, "COUNTRY": "ZIMBABWE", "SOIL_CODE": "Bv", "FAO_UNIT": "Bv13-3a", "SOIL_NAME": "FAO Soil Unit: Bv13-3a", "AREA_KM2": 211.0, "PHASE": ""}, "geometry": {"type": "Polygon", "coordinates": [[[28.2423095703125, -19.25469970703125], [28.130149841308594, -19.225189208984375], [28.05841064453125, -19.18861961364746], [28.05828094482422, -19.185049057006836], [28.065040588378906, -19.17547035217285], [28.06781005859375, -19.15976905822754], [28.077320098876953, -19.13404083251953], [28.09762954711914, -19.133399963378906], [28.169179916381836, -19.150800704956055], [28.25074005126953, -19.184389114379883], [28.31222915649414, -19.211469650268555], [28.315759658813477, -19.218050003051758], [28.31587028503418, -19.22117042541504], [28.310209274291992, -19.26239013671875], [28.2423095703125, -19.25469970703125]]]}}, {"type": "Feature", "properties": {"SNUM": 879, "FAOSOIL": "Qc32-1ab", "DOMSOI": "Qc", "PHASE1": "", "PHASE2": "", "MISCLU1": "", "MISCLU2": "", "PERMAFROST": "", "CNTCODE": 181, "CNTNAME": "ZI", "SQKM": 3268.0, "COUNTRY": "ZIMBABWE", "SOIL_CODE": "Qc", "FAO_UNIT": "Qc32-1ab", "SOIL_NAME": "Calcaric Arenosols (Qc) \u2014 Sandy calcareous; limestone indicator", "AREA_KM2": 3268.0, "PHASE": ""}, "geometry": {"type": "Polygon", "coordinates": [[[26.472280502319336, -19.165119171142578], [26.510669708251953, -19.21933937072754], [26.600139617919922, -19.303569793701172], [26.710559844970703, -19.390779495239258], [26.724319458007812, -19.390840530395508], [26.731149673461914, -19.396909713745117], [26.741519927978516, -19.40958023071289], [26.7454891204834, -19.44481086730957], [26.752830505371094, -19.466970443725586], [26.770320892333984, -19.50157928466797], [26.784860610961914, -19.53955078125], [26.784900665283203, -19.5551700592041], [26.791860580444336, -19.564790725708008], [26.79690933227539, -19.631620407104492], [26.791170120239258, -19.67329978942871], [26.785669326782227, -19.73686981201172], [26.793729782104492, -19.79422950744629], [26.83251953125, -19.847549438476562], [26.856290817260742, -19.863370895385742], [26.863449096679688, -19.8787899017334], [26.860349655151367, -19.88558006286621], [26.81679916381836, -19.918109893798828], [26.81068992614746, -19.934370040893555], [26.811080932617188, -19.952760696411133], [26.764619827270508, -19.950109481811523], [26.719209671020508, -19.919509887695312], [26.692649841308594, -19.905960083007812], [26.681739807128906, -19.888980865478516], [26.668439865112305, -19.875410079956055], [26.64303970336914, -19.85051918029785], [26.614009857177734, -19.821109771728516], [26.583740234375, -19.78261947631836], [26.554670333862305, -19.74073028564453], [26.54136085510254, -19.726030349731445], [26.525659561157227, -19.71925926208496], [26.4954891204834, -19.706850051879883], [26.47528076171875, -19.69927978515625], [26.4897403717041, -19.663150787353516], [26.508319854736328, -19.61823081970215], [26.518020629882812, -19.595619201660156], [26.369029998779297, -19.5727596282959], [26.347240447998047, -19.558229446411133], [26.34943962097168, -19.5456600189209], [26.350629806518555, -19.536579132080078], [26.348180770874023, -19.521839141845703], [26.337419509887695, -19.51078987121582], [26.320539474487305, -19.50398063659668], [26.307289123535156, -19.50398063659668], [26.297649383544922, -19.508529663085938], [26.281890869140625, -19.512269973754883], [26.24850082397461, -19.49551010131836], [26.217960357666016, -19.496129989624023], [26.210859298706055, -19.49151039123535], [26.193960189819336, -19.472179412841797], [26.1806697845459, -19.451719284057617], [26.166170120239258, -19.422170639038086], [26.155269622802734, -19.392610549926758], [26.145599365234375, -19.3664608001709], [26.129899978637695, -19.34259033203125], [26.128660202026367, -19.328950881958008], [26.125030517578125, -19.310760498046875], [26.120180130004883, -19.28915023803711], [26.10565948486328, -19.259599685668945], [26.09701919555664, -19.237030029296875], [26.137439727783203, -19.203519821166992], [26.181440353393555, -19.183490753173828], [26.279029846191406, -19.16242027282715], [26.353599548339844, -19.164379119873047], [26.462419509887695, -19.168529510498047], [26.472280502319336, -19.165119171142578]]]}}, {"type": "Feature", "properties": {"SNUM": 874, "FAOSOIL": "Qc29-1a", "DOMSOI": "Qc", "PHASE1": "", "PHASE2": "", "MISCLU1": "", "MISCLU2": "", "PERMAFROST": "", "CNTCODE": 181, "CNTNAME": "ZI", "SQKM": 8522.0, "COUNTRY": "ZIMBABWE", "SOIL_CODE": "Qc", "FAO_UNIT": "Qc29-1a", "SOIL_NAME": "Calcaric Arenosols (Qc) \u2014 Sandy calcareous; limestone indicator", "AREA_KM2": 8522.0, "PHASE": ""}, "geometry": {"type": "Polygon", "coordinates": [[[27.702299118041992, -19.571800231933594], [27.716440200805664, -19.596759796142578], [27.721410751342773, -19.657230377197266], [27.71533966064453, -19.673460006713867], [27.716529846191406, -19.73249053955078], [27.7152099609375, -19.736770629882812], [27.72735023498535, -19.75909996032715], [27.772260665893555, -19.817779541015625], [27.77998924255371, -19.827880859375], [27.784910202026367, -19.900819778442383], [27.796640396118164, -19.951709747314453], [27.813880920410156, -19.970340728759766], [27.858680725097656, -20.004589080810547], [27.86918067932129, -20.023029327392578], [27.90625, -20.009790420532227], [27.905269622802734, -19.96837043762207], [27.880390167236328, -19.921009063720703], [27.86635971069336, -19.899169921875], [27.855749130249023, -19.880329132080078], [27.851770401000977, -19.861289978027344], [27.851240158081055, -19.832780838012695], [27.867950439453125, -19.822900772094727], [27.89837074279785, -19.825510025024414], [27.92237091064453, -19.83411979675293], [27.96735954284668, -19.887540817260742], [27.984920501708984, -19.915510177612305], [28.008609771728516, -19.93107032775879], [28.022659301757812, -19.94021987915039], [28.03696060180664, -19.955780029296875], [28.07431983947754, -19.967939376831055], [28.170900344848633, -20.028810501098633], [28.204139709472656, -20.031169891357422], [28.22047996520996, -20.011959075927734], [28.22010040283203, -19.993080139160156], [28.22991943359375, -19.976730346679688], [28.284090042114258, -19.969200134277344], [28.310630798339844, -19.962379455566406], [28.337560653686523, -19.9554500579834], [28.35824966430664, -19.964580535888672], [28.40349006652832, -20.011220932006836], [28.441389083862305, -20.038410186767578], [28.458070755004883, -20.040969848632812], [28.48138999938965, -20.018430709838867], [28.551910400390625, -20.004650115966797], [28.609149932861328, -19.990339279174805], [28.626279830932617, -20.00581932067871], [28.664199829101562, -20.045970916748047], [28.702810287475586, -20.101930618286133], [28.707109451293945, -20.127519607543945], [28.69754981994629, -20.149599075317383], [28.67414093017578, -20.1566104888916], [28.653430938720703, -20.147560119628906], [28.594350814819336, -20.0887508392334], [28.560409545898438, -20.080150604248047], [28.546459197998047, -20.07440948486328], [28.44232940673828, -20.07659912109375], [28.37165069580078, -20.100269317626953], [28.348819732666016, -20.123239517211914], [28.349510192871094, -20.154769897460938], [28.3004207611084, -20.18096923828125], [28.26487922668457, -20.147350311279297], [28.25444984436035, -20.134809494018555], [28.230199813842773, -20.119619369506836], [28.230079650878906, -20.11651039123535], [28.209590911865234, -20.11363983154297], [28.154539108276367, -20.096759796142578], [28.10363006591797, -20.08115005493164], [28.080320358276367, -20.078819274902344], [28.0528507232666, -20.079280853271484], [27.99237060546875, -20.096839904785156], [27.887929916381836, -20.095359802246094], [27.876020431518555, -20.098020553588867], [27.841840744018555, -20.10563087463379], [27.81365966796875, -20.11273956298828], [27.776809692382812, -20.127410888671875], [27.749040603637695, -20.125980377197266], [27.7069091796875, -20.12725067138672], [27.678510665893555, -20.106639862060547], [27.637939453125, -20.083019256591797], [27.594459533691406, -20.079809188842773], [27.573259353637695, -20.0939998626709], [27.555810928344727, -20.112600326538086], [27.543989181518555, -20.147790908813477], [27.450180053710938, -20.181610107421875], [27.427099227905273, -20.213939666748047], [27.41699981689453, -20.223609924316406], [27.324710845947266, -20.177959442138672], [27.317710876464844, -20.168380737304688], [27.290210723876953, -20.169240951538086], [27.248340606689453, -20.137819290161133], [27.254919052124023, -20.107280731201172], [27.1914005279541, -20.081829071044922], [27.141460418701172, -20.066190719604492], [27.0802001953125, -20.015649795532227], [27.093669891357422, -20.008190155029297], [27.1031494140625, -19.982379913330078], [27.102510452270508, -19.963220596313477], [27.064449310302734, -19.932249069213867], [27.00303077697754, -19.908170700073242], [26.887189865112305, -19.8785400390625], [26.863449096679688, -19.8787899017334], [26.856290817260742, -19.863370895385742], [26.83251953125, -19.847549438476562], [26.793729782104492, -19.79422950744629], [26.785669326782227, -19.73686981201172], [26.791170120239258, -19.67329978942871], [26.79690933227539, -19.631620407104492], [26.791860580444336, -19.564790725708008], [26.784900665283203, -19.5551700592041], [26.784860610961914, -19.53955078125], [26.770320892333984, -19.50157928466797], [26.752830505371094, -19.466970443725586], [26.7454891204834, -19.44481086730957], [26.741519927978516, -19.40958023071289], [26.883380889892578, -19.39702033996582], [26.974130630493164, -19.372940063476562], [27.01081085205078, -19.35321044921875], [27.011079788208008, -19.346939086914062], [27.024330139160156, -19.34654998779297], [27.135299682617188, -19.306169509887695], [27.23509979248047, -19.24332046508789], [27.308860778808594, -19.209850311279297], [27.37957000732422, -19.198829650878906], [27.39352035522461, -19.205120086669922], [27.417560577392578, -19.230329513549805], [27.504009246826172, -19.31467056274414], [27.511369705200195, -19.336769104003906], [27.511499404907227, -19.34033966064453], [27.501670837402344, -19.35301971435547], [27.454429626464844, -19.357099533081055], [27.40376091003418, -19.358150482177734], [27.383920669555664, -19.374380111694336], [27.377660751342773, -19.400039672851562], [27.39164924621582, -19.42243003845215], [27.409420013427734, -19.47286033630371], [27.447359085083008, -19.488279342651367], [27.610380172729492, -19.545259475708008], [27.632020950317383, -19.553680419921875], [27.6718807220459, -19.569189071655273], [27.692249298095703, -19.56899070739746], [27.702299118041992, -19.571800231933594]], [[27.521459579467773, -20.06266975402832], [27.53428077697754, -20.036909103393555], [27.560720443725586, -19.992130279541016], [27.57777976989746, -19.991609573364258], [27.611339569091797, -20.016199111938477], [27.621749877929688, -20.015859603881836], [27.648719787597656, -19.999719619750977], [27.652069091796875, -19.986679077148438], [27.6553897857666, -19.98657989501953], [27.64760971069336, -19.958160400390625], [27.64055061340332, -19.93297004699707], [27.64044952392578, -19.929859161376953], [27.62990951538086, -19.926620483398438], [27.619640350341797, -19.917579650878906], [27.61532974243164, -19.91370964050293], [27.574630737304688, -19.877090454101562], [27.526979446411133, -19.855850219726562], [27.353870391845703, -19.8369197845459], [27.29969024658203, -19.847930908203125], [27.300010681152344, -19.857290267944336], [27.310300827026367, -19.866790771484375], [27.426830291748047, -19.918119430541992], [27.450820922851562, -19.940149307250977], [27.468490600585938, -19.971729278564453], [27.468900680541992, -19.989059448242188], [27.469629287719727, -20.01896095275879], [27.46009063720703, -20.04463005065918], [27.460420608520508, -20.053970336914062], [27.474369049072266, -20.07267951965332], [27.521459579467773, -20.06266975402832]]]}}, {"type": "Feature", "properties": {"SNUM": 785, "FAOSOIL": "Lg3-1a", "DOMSOI": "Lg", "PHASE1": "", "PHASE2": "", "MISCLU1": "", "MISCLU2": "", "PERMAFROST": "", "CNTCODE": 181, "CNTNAME": "ZI", "SQKM": 671.0, "COUNTRY": "ZIMBABWE", "SOIL_CODE": "Lg", "FAO_UNIT": "Lg3-1a", "SOIL_NAME": "FAO Soil Unit: Lg3-1a", "AREA_KM2": 671.0, "PHASE": ""}, "geometry": {"type": "Polygon", "coordinates": [[[30.920259475708008, -19.30820083618164], [30.90373992919922, -19.33053970336914], [30.89240074157715, -19.3881893157959], [30.86944007873535, -19.413860321044922], [30.866369247436523, -19.41444969177246], [30.82929039001465, -19.421510696411133], [30.75511932373047, -19.401079177856445], [30.70108985900879, -19.402559280395508], [30.6781005859375, -19.415809631347656], [30.662450790405273, -19.447879791259766], [30.651870727539062, -19.442039489746094], [30.578350067138672, -19.450000762939453], [30.551069259643555, -19.438100814819336], [30.54058074951172, -19.422500610351562], [30.559730529785156, -19.384090423583984], [30.588760375976562, -19.34532928466797], [30.6070499420166, -19.28476905822754], [30.606660842895508, -19.275020599365234], [30.649940490722656, -19.25172996520996], [30.69329071044922, -19.25373077392578], [30.74127960205078, -19.277759552001953], [30.751399993896484, -19.28404998779297], [30.79813003540039, -19.276620864868164], [30.826419830322266, -19.258249282836914], [30.844440460205078, -19.246559143066406], [30.870319366455078, -19.22102928161621], [30.873849868774414, -19.21755027770996], [30.900249481201172, -19.207290649414062], [30.92374038696289, -19.206449508666992], [30.92715072631836, -19.209440231323242], [30.955059051513672, -19.237279891967773], [30.96579933166504, -19.259090423583984], [30.973060607910156, -19.28767967224121], [30.920259475708008, -19.30820083618164]]]}}, {"type": "Feature", "properties": {"SNUM": 710, "FAOSOIL": "Lc50-2a", "DOMSOI": "Lc", "PHASE1": "", "PHASE2": "", "MISCLU1": "", "MISCLU2": "", "PERMAFROST": "", "CNTCODE": 181, "CNTNAME": "ZI", "SQKM": 1800.0, "COUNTRY": "ZIMBABWE", "SOIL_CODE": "Lc", "FAO_UNIT": "Lc50-2a", "SOIL_NAME": "Chromic Luvisols (Lc) \u2014 Chrome\u2011rich clay; chrome/PGM pathfinder", "AREA_KM2": 1800.0, "PHASE": ""}, "geometry": {"type": "Polygon", "coordinates": [[[28.684030532836914, -19.359540939331055], [28.691749572753906, -19.40386962890625], [28.71316909790039, -19.4477596282959], [28.749269485473633, -19.505470275878906], [28.753170013427734, -19.580209732055664], [28.74371910095215, -19.605880737304688], [28.732290267944336, -19.633329391479492], [28.708980560302734, -19.689329147338867], [28.687009811401367, -19.759899139404297], [28.66727066040039, -19.776119232177734], [28.671770095825195, -19.808000564575195], [28.707120895385742, -19.883169174194336], [28.705650329589844, -19.943450927734375], [28.68181037902832, -19.93800926208496], [28.66762924194336, -19.91267967224121], [28.644010543823242, -19.87748908996582], [28.636079788208008, -19.865680694580078], [28.601720809936523, -19.844579696655273], [28.587539672851562, -19.819250106811523], [28.5699405670166, -19.79136085510254], [28.546680450439453, -19.801469802856445], [28.554920196533203, -19.85814094543457], [28.558900833129883, -19.86993980407715], [28.580440521240234, -19.933809280395508], [28.601579666137695, -19.968250274658203], [28.609149932861328, -19.990339279174805], [28.551910400390625, -20.004650115966797], [28.48138999938965, -20.018430709838867], [28.475370407104492, -19.91716957092285], [28.467479705810547, -19.88224983215332], [28.477439880371094, -19.86945915222168], [28.477209091186523, -19.861099243164062], [28.474010467529297, -19.73780059814453], [28.47381019592285, -19.72974967956543], [28.466949462890625, -19.72330093383789], [28.470060348510742, -19.704490661621094], [28.626550674438477, -19.663789749145508], [28.619800567626953, -19.643800735473633], [28.595460891723633, -19.61256980895996], [28.59535026550293, -19.609460830688477], [28.561330795288086, -19.59769058227539], [28.533449172973633, -19.57280921936035], [28.509069442749023, -19.5131893157959], [28.49489974975586, -19.500690460205078], [28.49468994140625, -19.494449615478516], [28.41301918029785, -19.471349716186523], [28.389610290527344, -19.464719772338867], [28.368629455566406, -19.446189880371094], [28.371639251708984, -19.423789978027344], [28.448389053344727, -19.38702964782715], [28.4613094329834, -19.364309310913086], [28.463119506835938, -19.294200897216797], [28.472829818725586, -19.287649154663086], [28.516660690307617, -19.2900390625], [28.560670852661133, -19.292179107666016], [28.555450439453125, -19.22549057006836], [28.55500030517578, -19.21302032470703], [28.63311004638672, -19.217199325561523], [28.734800338745117, -19.233980178833008], [28.74165916442871, -19.240449905395508], [28.734899520874023, -19.250030517578125], [28.68963050842285, -19.317909240722656], [28.68364906311035, -19.33802032470703], [28.684030532836914, -19.359540939331055]]]}}, {"type": "Feature", "properties": {"SNUM": 474, "FAOSOIL": "Bv13-3a", "DOMSOI": "Bv", "PHASE1": "", "PHASE2": "", "MISCLU1": "", "MISCLU2": "", "PERMAFROST": "", "CNTCODE": 181, "CNTNAME": "ZI", "SQKM": 346.0, "COUNTRY": "ZIMBABWE", "SOIL_CODE": "Bv", "FAO_UNIT": "Bv13-3a", "SOIL_NAME": "FAO Soil Unit: Bv13-3a", "AREA_KM2": 346.0, "PHASE": ""}, "geometry": {"type": "Polygon", "coordinates": [[[28.257469177246094, -19.445209503173828], [28.212980270385742, -19.430540084838867], [28.157899856567383, -19.383630752563477], [28.041330337524414, -19.32257080078125], [27.951820373535156, -19.244770050048828], [27.951749801635742, -19.228700637817383], [28.005390167236328, -19.227760314941406], [28.032760620117188, -19.239839553833008], [28.176170349121094, -19.297380447387695], [28.261289596557617, -19.324169158935547], [28.295379638671875, -19.339160919189453], [28.289199829101562, -19.365230560302734], [28.284509658813477, -19.44792938232422], [28.257469177246094, -19.445209503173828]]]}}, {"type": "Feature", "properties": {"SNUM": 767, "FAOSOIL": "Lf81-2a", "DOMSOI": "Lf", "PHASE1": "", "PHASE2": "", "MISCLU1": "", "MISCLU2": "", "PERMAFROST": "", "CNTCODE": 181, "CNTNAME": "ZI", "SQKM": 4191.0, "COUNTRY": "ZIMBABWE", "SOIL_CODE": "Lf", "FAO_UNIT": "Lf81-2a", "SOIL_NAME": "FAO Soil Unit: Lf81-2a", "AREA_KM2": 4191.0, "PHASE": ""}, "geometry": {"type": "Polygon", "coordinates": [[[29.669160842895508, -19.406169891357422], [29.764820098876953, -19.45496940612793], [29.8302001953125, -19.513690948486328], [29.833770751953125, -19.52557945251465], [29.854049682617188, -19.525320053100586], [29.865909576416016, -19.53704071044922], [29.886369705200195, -19.557249069213867], [29.939489364624023, -19.609710693359375], [29.94780921936035, -19.617919921875], [29.954940795898438, -19.642969131469727], [29.9720401763916, -19.645919799804688], [29.977319717407227, -19.661439895629883], [29.979509353637695, -19.66786003112793], [30.00628089904785, -19.673940658569336], [30.004419326782227, -19.721460342407227], [29.998260498046875, -19.761070251464844], [29.995990753173828, -19.775150299072266], [29.98335075378418, -19.813770294189453], [29.9743595123291, -19.827190399169922], [29.96417999267578, -19.842409133911133], [29.92947006225586, -19.89805030822754], [29.91577911376953, -19.92000961303711], [29.88079071044922, -19.990480422973633], [29.877769470214844, -20.009679794311523], [29.874469757080078, -20.009790420532227], [29.86488914489746, -20.022090911865234], [29.804439544677734, -20.15052032470703], [29.791730880737305, -20.16303062438965], [29.78809928894043, -20.1666202545166], [29.772560119628906, -20.214580535888672], [29.741060256958008, -20.287919998168945], [29.729049682617188, -20.32954978942871], [29.715620040893555, -20.371030807495117], [29.713529586791992, -20.37751007080078], [29.703899383544922, -20.396459579467773], [29.70454978942871, -20.412389755249023], [29.691940307617188, -20.450939178466797], [29.686019897460938, -20.47949981689453], [29.680360794067383, -20.523740768432617], [29.67201042175293, -20.59819984436035], [29.669710159301758, -20.618730545043945], [29.66050910949707, -20.647369384765625], [29.649259567260742, -20.71718978881836], [29.645410537719727, -20.805299758911133], [29.640209197998047, -20.824260711669922], [29.637470245361328, -20.874990463256836], [29.6583194732666, -20.887039184570312], [29.64872932434082, -20.906400680541992], [29.622119903564453, -20.925960540771484], [29.53900909423828, -20.96307945251465], [29.51959991455078, -20.995210647583008], [29.492870330810547, -20.986940383911133], [29.4708194732666, -20.949180603027344], [29.465999603271484, -20.889169692993164], [29.460439682006836, -20.82299041748047], [29.442840576171875, -20.693960189819336], [29.43939971923828, -20.690990447998047], [29.41931915283203, -20.697900772094727], [29.403060913085938, -20.717079162597656], [29.382980346679688, -20.724000930786133], [29.36948013305664, -20.717849731445312], [29.337779998779297, -20.684030532836914], [29.31427001953125, -20.68798065185547], [29.301340103149414, -20.707469940185547], [29.295400619506836, -20.73600959777832], [29.292219161987305, -20.739229202270508], [29.27518081665039, -20.739389419555664], [29.244260787963867, -20.724580764770508], [29.230899810791016, -20.721960067749023], [29.2139892578125, -20.725229263305664], [29.202190399169922, -20.725570678710938], [29.09575080871582, -20.728609085083008], [28.98033905029297, -20.712549209594727], [28.946720123291016, -20.713289260864258], [28.936389923095703, -20.703899383544922], [28.92584991455078, -20.701169967651367], [28.895299911499023, -20.695600509643555], [28.86655044555664, -20.681020736694336], [28.806270599365234, -20.65043067932129], [28.79914093017578, -20.637840270996094], [28.8121395111084, -20.631179809570312], [28.886459350585938, -20.616609573364258], [28.95993995666504, -20.592769622802734], [28.999929428100586, -20.569210052490234], [29.00942039489746, -20.563570022583008], [29.02906036376953, -20.5345401763916], [29.041379928588867, -20.473899841308594], [29.04037094116211, -20.448659896850586], [29.077590942382812, -20.444700241088867], [29.11811065673828, -20.45302963256836], [29.11836051940918, -20.459230422973633], [29.139179229736328, -20.471359252929688], [29.152990341186523, -20.482789993286133], [29.190650939941406, -20.51409912109375], [29.201499938964844, -20.536279678344727], [29.237180709838867, -20.544540405273438], [29.2626895904541, -20.550439834594727], [29.275779724121094, -20.638479232788086], [29.35944938659668, -20.623510360717773], [29.40369987487793, -20.628549575805664], [29.427980422973633, -20.643600463867188], [29.436840057373047, -20.66621971130371], [29.43910026550293, -20.67197036743164], [29.473819732666016, -20.663320541381836], [29.482820510864258, -20.662609100341797], [29.502059936523438, -20.65081024169922], [29.525320053100586, -20.638240814208984], [29.531930923461914, -20.637990951538086], [29.544580459594727, -20.612770080566406], [29.550870895385742, -20.593530654907227], [29.57554054260254, -20.517019271850586], [29.57914924621582, -20.498050689697266], [29.507410049438477, -20.477949142456055], [29.50691032409668, -20.465110778808594], [29.51483917236328, -20.434959411621094], [29.521989822387695, -20.40789031982422], [29.554649353027344, -20.36285972595215], [29.580520629882812, -20.336669921875], [29.584299087524414, -20.33654022216797], [29.593299865722656, -20.314069747924805], [29.625959396362305, -20.26902961730957], [29.641660690307617, -20.23702049255371], [29.668960571289062, -20.180280685424805], [29.695669174194336, -20.124759674072266], [29.698680877685547, -20.105609893798828], [29.71540069580078, -20.098800659179688], [29.721210479736328, -20.067140579223633], [29.746339797973633, -20.003620147705078], [29.78095054626465, -19.92340087890625], [29.823009490966797, -19.852680206298828], [29.825679779052734, -19.836599349975586], [29.79814910888672, -19.8087100982666], [29.79155921936035, -19.808950424194336], [29.785490036010742, -19.72658920288086], [29.76420021057129, -19.689159393310547], [29.755470275878906, -19.62286949157715], [29.7532901763916, -19.619129180908203], [29.751920700073242, -19.616790771484375], [29.72503089904785, -19.604860305786133], [29.621450424194336, -19.512449264526367], [29.603269577026367, -19.5006103515625], [29.583730697631836, -19.487869262695312], [29.570539474487305, -19.488309860229492], [29.55933952331543, -19.456600189208984], [29.535200119018555, -19.4289608001709], [29.428529739379883, -19.34872055053711], [29.407560348510742, -19.317350387573242], [29.400480270385742, -19.304670333862305], [29.396020889282227, -19.273210525512695], [29.423009872436523, -19.27543067932129], [29.528879165649414, -19.324190139770508], [29.55596923828125, -19.329940795898438], [29.604389190673828, -19.376340866088867], [29.6317195892334, -19.388320922851562], [29.643110275268555, -19.39073944091797], [29.65880012512207, -19.39406967163086], [29.669160842895508, -19.406169891357422]]]}}, {"type": "Feature", "properties": {"SNUM": 706, "FAOSOIL": "Lc49-3a", "DOMSOI": "Lc", "PHASE1": "", "PHASE2": "", "MISCLU1": "", "MISCLU2": "", "PERMAFROST": "", "CNTCODE": 181, "CNTNAME": "ZI", "SQKM": 4954.0, "COUNTRY": "ZIMBABWE", "SOIL_CODE": "Lc", "FAO_UNIT": "Lc49-3a", "SOIL_NAME": "Chromic Luvisols (Lc) \u2014 Chrome\u2011rich clay; chrome/PGM pathfinder", "AREA_KM2": 4954.0, "PHASE": ""}, "geometry": {"type": "Polygon", "coordinates": [[[28.911359786987305, -19.414630889892578], [28.920019149780273, -19.484779357910156], [28.930479049682617, -19.500059127807617], [28.97146987915039, -19.52404022216797], [29.001710891723633, -19.549299240112305], [29.02676010131836, -19.586669921875], [29.026920318603516, -19.598970413208008], [29.027019500732422, -19.605770111083984], [29.013690948486328, -19.615549087524414], [28.98365020751953, -19.609939575195312], [28.946550369262695, -19.60449981689453], [28.93284034729004, -19.60449981689453], [28.92717933654785, -19.60194969177246], [28.912639617919922, -19.59539031982422], [28.881820678710938, -19.593299865722656], [28.86882972717285, -19.599950790405273], [28.862220764160156, -19.610639572143555], [28.859010696411133, -19.6158504486084], [28.85700035095215, -19.66352081298828], [28.864089965820312, -19.676179885864258], [28.86823081970215, -19.71118927001953], [28.841630935668945, -19.72096061706543], [28.818370819091797, -19.743980407714844], [28.812469482421875, -19.7632999420166], [28.823200225830078, -19.797639846801758], [28.847900390625, -19.825740814208984], [28.875900268554688, -19.86663055419922], [28.886070251464844, -19.89920997619629], [28.90081024169922, -19.926300048828125], [28.90884017944336, -19.964290618896484], [28.919700622558594, -19.98048973083496], [28.92987060546875, -19.995630264282227], [28.93021011352539, -20.004959106445312], [28.94066047668457, -20.02012062072754], [28.948490142822266, -20.05137062072754], [28.965030670166016, -20.056060791015625], [28.97555923461914, -20.08724021911621], [29.01110076904297, -20.150720596313477], [29.053369522094727, -20.221399307250977], [29.067829132080078, -20.25472068786621], [29.100160598754883, -20.298450469970703], [29.10066032409668, -20.310850143432617], [29.115150451660156, -20.342269897460938], [29.132429122924805, -20.360729217529297], [29.136499404907227, -20.37965965270996], [29.174579620361328, -20.383310317993164], [29.2143497467041, -20.38711929321289], [29.245359420776367, -20.405550003051758], [29.25271987915039, -20.424360275268555], [29.276460647583008, -20.4266300201416], [29.314109802246094, -20.457679748535156], [29.34153938293457, -20.489900588989258], [29.35626983642578, -20.507200241088867], [29.394649505615234, -20.546560287475586], [29.42205047607422, -20.56814956665039], [29.459150314331055, -20.560609817504883], [29.473779678344727, -20.543760299682617], [29.478599548339844, -20.538219451904297], [29.507410049438477, -20.477949142456055], [29.57914924621582, -20.498050689697266], [29.57554054260254, -20.517019271850586], [29.550870895385742, -20.593530654907227], [29.544580459594727, -20.612770080566406], [29.531930923461914, -20.637990951538086], [29.525320053100586, -20.638240814208984], [29.502059936523438, -20.65081024169922], [29.482820510864258, -20.662609100341797], [29.473819732666016, -20.663320541381836], [29.43910026550293, -20.67197036743164], [29.436840057373047, -20.66621971130371], [29.427980422973633, -20.643600463867188], [29.40369987487793, -20.628549575805664], [29.35944938659668, -20.623510360717773], [29.275779724121094, -20.638479232788086], [29.2626895904541, -20.550439834594727], [29.237180709838867, -20.544540405273438], [29.201499938964844, -20.536279678344727], [29.190650939941406, -20.51409912109375], [29.152990341186523, -20.482789993286133], [29.139179229736328, -20.471359252929688], [29.11836051940918, -20.459230422973633], [29.11811065673828, -20.45302963256836], [29.077590942382812, -20.444700241088867], [29.04037094116211, -20.448659896850586], [29.010150909423828, -20.44972038269043], [28.875669479370117, -20.472030639648438], [28.865060806274414, -20.46980094909668], [28.848459243774414, -20.466299057006836], [28.797840118408203, -20.467580795288086], [28.787189483642578, -20.46129035949707], [28.658279418945312, -20.44569969177246], [28.575809478759766, -20.45734977722168], [28.550439834594727, -20.46092987060547], [28.530210494995117, -20.45185089111328], [28.492420196533203, -20.440200805664062], [28.492300033569336, -20.43709945678711], [28.46862030029297, -20.437429428100586], [28.329679489135742, -20.465160369873047], [28.287029266357422, -20.473669052124023], [28.266300201416016, -20.45170021057129], [28.270109176635742, -20.437320709228516], [28.272109985351562, -20.429729461669922], [28.291759490966797, -20.39752960205078], [28.347759246826172, -20.348569869995117], [28.41451072692871, -20.30858039855957], [28.44754981994629, -20.279499053955078], [28.450969696044922, -20.269609451293945], [28.503829956054688, -20.24633026123047], [28.563980102539062, -20.21009063720703], [28.573530197143555, -20.187570571899414], [28.572429656982422, -20.146770477294922], [28.5616397857666, -20.12449073791504], [28.560409545898438, -20.080150604248047], [28.594350814819336, -20.0887508392334], [28.653430938720703, -20.147560119628906], [28.67414093017578, -20.1566104888916], [28.69754981994629, -20.149599075317383], [28.707109451293945, -20.127519607543945], [28.702810287475586, -20.101930618286133], [28.664199829101562, -20.045970916748047], [28.626279830932617, -20.00581932067871], [28.609149932861328, -19.990339279174805], [28.601579666137695, -19.968250274658203], [28.580440521240234, -19.933809280395508], [28.558900833129883, -19.86993980407715], [28.554920196533203, -19.85814094543457], [28.546680450439453, -19.801469802856445], [28.5699405670166, -19.79136085510254], [28.587539672851562, -19.819250106811523], [28.601720809936523, -19.844579696655273], [28.636079788208008, -19.865680694580078], [28.644010543823242, -19.87748908996582], [28.66762924194336, -19.91267967224121], [28.68181037902832, -19.93800926208496], [28.705650329589844, -19.943450927734375], [28.707120895385742, -19.883169174194336], [28.671770095825195, -19.808000564575195], [28.66727066040039, -19.776119232177734], [28.687009811401367, -19.759899139404297], [28.708980560302734, -19.689329147338867], [28.732290267944336, -19.633329391479492], [28.74371910095215, -19.605880737304688], [28.753170013427734, -19.580209732055664], [28.749269485473633, -19.505470275878906], [28.71316909790039, -19.4477596282959], [28.691749572753906, -19.40386962890625], [28.684030532836914, -19.359540939331055], [28.68364906311035, -19.33802032470703], [28.787809371948242, -19.32855987548828], [28.86610984802246, -19.364830017089844], [28.91330909729004, -19.363759994506836], [28.911359786987305, -19.414630889892578]], [[29.06218910217285, -20.361900329589844], [29.062889099121094, -20.348369598388672], [29.042720794677734, -20.29046058654785], [29.02475929260254, -20.259519577026367], [29.002769470214844, -20.217439651489258], [28.987070083618164, -20.20638084411621], [28.967180252075195, -20.2216796875], [28.97389030456543, -20.274459838867188], [28.988889694213867, -20.323589324951172], [28.993900299072266, -20.345470428466797], [29.019119262695312, -20.36669921875], [29.04084014892578, -20.369369506835938], [29.06218910217285, -20.361900329589844]], [[28.861740112304688, -20.34929084777832], [28.88128089904785, -20.31024932861328], [28.894149780273438, -20.300050735473633], [28.894140243530273, -20.287620544433594], [28.82232093811035, -20.266979217529297], [28.818649291992188, -20.257789611816406], [28.80282974243164, -20.25802993774414], [28.795000076293945, -20.258150100708008], [28.781780242919922, -20.271469116210938], [28.741830825805664, -20.291479110717773], [28.728839874267578, -20.310569763183594], [28.729089736938477, -20.31722068786621], [28.781030654907227, -20.35051918029785], [28.832019805908203, -20.37141990661621], [28.849180221557617, -20.374380111694336], [28.861740112304688, -20.34929084777832]]]}}, {"type": "Feature", "properties": {"SNUM": 474, "FAOSOIL": "Bv13-3a", "DOMSOI": "Bv", "PHASE1": "", "PHASE2": "", "MISCLU1": "", "MISCLU2": "", "PERMAFROST": "", "CNTCODE": 181, "CNTNAME": "ZI", "SQKM": 2688.0, "COUNTRY": "ZIMBABWE", "SOIL_CODE": "Bv", "FAO_UNIT": "Bv13-3a", "SOIL_NAME": "FAO Soil Unit: Bv13-3a", "AREA_KM2": 2688.0, "PHASE": ""}, "geometry": {"type": "Polygon", "coordinates": [[[28.466949462890625, -19.72330093383789], [28.47381019592285, -19.72974967956543], [28.474010467529297, -19.73780059814453], [28.477209091186523, -19.861099243164062], [28.477439880371094, -19.86945915222168], [28.467479705810547, -19.88224983215332], [28.475370407104492, -19.91716957092285], [28.48138999938965, -20.018430709838867], [28.458070755004883, -20.040969848632812], [28.441389083862305, -20.038410186767578], [28.40349006652832, -20.011220932006836], [28.35824966430664, -19.964580535888672], [28.337560653686523, -19.9554500579834], [28.310630798339844, -19.962379455566406], [28.284090042114258, -19.969200134277344], [28.22991943359375, -19.976730346679688], [28.22010040283203, -19.993080139160156], [28.22047996520996, -20.011959075927734], [28.204139709472656, -20.031169891357422], [28.170900344848633, -20.028810501098633], [28.07431983947754, -19.967939376831055], [28.03696060180664, -19.955780029296875], [28.022659301757812, -19.94021987915039], [28.008609771728516, -19.93107032775879], [27.984920501708984, -19.915510177612305], [27.96735954284668, -19.887540817260742], [27.92237091064453, -19.83411979675293], [27.89837074279785, -19.825510025024414], [27.867950439453125, -19.822900772094727], [27.851240158081055, -19.832780838012695], [27.851770401000977, -19.861289978027344], [27.855749130249023, -19.880329132080078], [27.86635971069336, -19.899169921875], [27.880390167236328, -19.921009063720703], [27.905269622802734, -19.96837043762207], [27.90625, -20.009790420532227], [27.86918067932129, -20.023029327392578], [27.858680725097656, -20.004589080810547], [27.813880920410156, -19.970340728759766], [27.796640396118164, -19.951709747314453], [27.784910202026367, -19.900819778442383], [27.77998924255371, -19.827880859375], [27.772260665893555, -19.817779541015625], [27.72735023498535, -19.75909996032715], [27.7152099609375, -19.736770629882812], [27.716529846191406, -19.73249053955078], [27.71533966064453, -19.673460006713867], [27.721410751342773, -19.657230377197266], [27.716440200805664, -19.596759796142578], [27.702299118041992, -19.571800231933594], [27.692249298095703, -19.56899070739746], [27.68825912475586, -19.549949645996094], [27.667150497436523, -19.515399932861328], [27.65983009338379, -19.471160888671875], [27.672800064086914, -19.448429107666016], [27.676040649414062, -19.432260513305664], [27.709619522094727, -19.43168067932129], [27.760879516601562, -19.449769973754883], [27.826690673828125, -19.52467918395996], [27.84347915649414, -19.5303897857666], [28.010520935058594, -19.59061050415039], [28.024219512939453, -19.60308074951172], [28.05497932434082, -19.602529525756836], [28.12639045715332, -19.626510620117188], [28.18075942993164, -19.637670516967773], [28.187509536743164, -19.641010284423828], [28.221879959106445, -19.66217041015625], [28.252159118652344, -19.661640167236328], [28.353740692138672, -19.656139373779297], [28.380470275878906, -19.649049758911133], [28.38711929321289, -19.636369705200195], [28.372949600219727, -19.610990524291992], [28.291019439697266, -19.584239959716797], [28.263160705566406, -19.55975914001465], [28.259519577026367, -19.537609100341797], [28.380739212036133, -19.525249481201172], [28.404850006103516, -19.53738021850586], [28.45486068725586, -19.650659561157227], [28.470060348510742, -19.704490661621094], [28.466949462890625, -19.72330093383789]], [[28.345569610595703, -19.875490188598633], [28.345130920410156, -19.850120544433594], [28.287090301513672, -19.829280853271484], [28.22481918334961, -19.788150787353516], [28.208040237426758, -19.77705955505371], [28.18638038635254, -19.752920150756836], [28.166109085083008, -19.73031997680664], [28.11104965209961, -19.687110900878906], [28.04228973388672, -19.644359588623047], [28.02182960510254, -19.6285400390625], [27.902769088745117, -19.59939956665039], [27.869470596313477, -19.609359741210938], [27.872880935668945, -19.625289916992188], [27.921329498291016, -19.65587043762207], [28.064489364624023, -19.72382926940918], [28.09539031982422, -19.738380432128906], [28.123149871826172, -19.759750366210938], [28.123130798339844, -19.77267074584961], [28.103029251098633, -19.779550552368164], [27.958969116210938, -19.732330322265625], [27.875200271606445, -19.70500946044922], [27.831369400024414, -19.712169647216797], [27.83146095275879, -19.72821044921875], [27.85590934753418, -19.74972915649414], [27.877389907836914, -19.75843048095703], [27.93762969970703, -19.78282928466797], [27.99350929260254, -19.83591079711914], [28.047950744628906, -19.866819381713867], [28.087629318237305, -19.865800857543945], [28.111480712890625, -19.865190505981445], [28.11539077758789, -19.865089416503906], [28.18321990966797, -19.86334991455078], [28.281940460205078, -19.88429069519043], [28.305349349975586, -19.889249801635742], [28.345569610595703, -19.875490188598633]]]}}, {"type": "Feature", "properties": {"SNUM": 708, "FAOSOIL": "Lc50-1/2a", "DOMSOI": "Lc", "PHASE1": "", "PHASE2": "", "MISCLU1": "", "MISCLU2": "", "PERMAFROST": "", "CNTCODE": 181, "CNTNAME": "ZI", "SQKM": 11387.0, "COUNTRY": "ZIMBABWE", "SOIL_CODE": "Lc", "FAO_UNIT": "Lc50-1/2a", "SOIL_NAME": "Chromic Luvisols (Lc) \u2014 Chrome\u2011rich clay; chrome/PGM pathfinder", "AREA_KM2": 11387.0, "PHASE": ""}, "geometry": {"type": "Polygon", "coordinates": [[[32.55487060546875, -19.64112091064453], [32.532161712646484, -19.667160034179688], [32.527828216552734, -19.736499786376953], [32.521270751953125, -19.736330032348633], [32.492279052734375, -19.762279510498047], [32.452980041503906, -19.785459518432617], [32.43352127075195, -19.80167007446289], [32.40108108520508, -19.83119010925293], [32.36228942871094, -19.87640953063965], [32.350528717041016, -19.917909622192383], [32.368141174316406, -19.955150604248047], [32.362640380859375, -19.98978042602539], [32.35293960571289, -19.993249893188477], [32.34048843383789, -20.018890380859375], [32.31877899169922, -20.07253074645996], [32.29901123046875, -20.091829299926758], [32.25286102294922, -20.109130859375], [32.22269821166992, -20.106849670410156], [32.216270446777344, -20.11988067626953], [32.22481918334961, -20.172800064086914], [32.22066116333008, -20.24517059326172], [32.214969635009766, -20.264339447021484], [32.20307922363281, -20.311939239501953], [32.19778823852539, -20.441150665283203], [32.19221115112305, -20.472639083862305], [32.185611724853516, -20.482160568237305], [32.18693161010742, -20.510719299316406], [32.19974899291992, -20.51296043395996], [32.2241096496582, -20.53083038330078], [32.229469299316406, -20.593420028686523], [32.22365951538086, -20.60948944091797], [32.222129821777344, -20.665790557861328], [32.229461669921875, -20.681299209594727], [32.230079650878906, -20.69400978088379], [32.19655990600586, -20.78900909423828], [32.151729583740234, -20.84406089782715], [32.125431060791016, -20.854400634765625], [32.12615966796875, -20.879419326782227], [32.13676071166992, -20.894790649414062], [32.148868560791016, -20.950950622558594], [32.14289093017578, -20.963499069213867], [32.13618087768555, -20.960710525512695], [32.00899887084961, -20.973970413208008], [31.9991397857666, -20.974380493164062], [31.972469329833984, -20.987789154052734], [31.906999588012695, -21.039569854736328], [31.9041805267334, -21.04935073852539], [31.89051055908203, -21.049489974975586], [31.8712100982666, -21.069189071655273], [31.699800491333008, -21.159439086914062], [31.696640014648438, -21.171859741210938], [31.683460235595703, -21.172420501708984], [31.64361000061035, -21.186410903930664], [31.63701057434082, -21.19590950012207], [31.521480560302734, -21.25305938720703], [31.51487922668457, -21.262550354003906], [31.495410919189453, -21.263080596923828], [31.48834991455078, -21.263370513916016], [31.47888946533203, -21.27298927307129], [31.439119338989258, -21.290019989013672], [31.37948989868164, -21.326339721679688], [31.34634017944336, -21.333860397338867], [31.246929168701172, -21.387210845947266], [31.204620361328125, -21.4201602935791], [31.130420684814453, -21.504270553588867], [31.12672996520996, -21.510339736938477], [31.06591033935547, -21.609310150146484], [31.06036949157715, -21.631479263305664], [31.049999237060547, -21.631919860839844], [31.033769607543945, -21.64797019958496], [31.000869750976562, -21.670860290527344], [30.94445037841797, -21.678510665893555], [30.875999450683594, -21.662029266357422], [30.845779418945312, -21.663280487060547], [30.83275032043457, -21.66929054260254], [30.82110023498535, -21.674659729003906], [30.729589462280273, -21.716840744018555], [30.679180145263672, -21.731220245361328], [30.672109603881836, -21.72184944152832], [30.667190551757812, -21.67814064025879], [30.65546989440918, -21.640859603881836], [30.690000534057617, -21.626060485839844], [30.70186996459961, -21.620969772338867], [30.71898078918457, -21.61363983154297], [30.731800079345703, -21.59465980529785], [30.73693084716797, -21.553600311279297], [30.72184944152832, -21.507539749145508], [30.710939407348633, -21.48596954345703], [30.641220092773438, -21.41880989074707], [30.568740844726562, -21.373760223388672], [30.517580032348633, -21.350299835205078], [30.401580810546875, -21.32209014892578], [30.41114044189453, -21.303199768066406], [30.422399520874023, -21.295549392700195], [30.484130859375, -21.253629684448242], [30.49650001525879, -21.2314395904541], [30.539369583129883, -21.208139419555664], [30.65464973449707, -21.126039505004883], [30.687419891357422, -21.109310150146484], [30.70772933959961, -21.10894012451172], [30.707860946655273, -21.112009048461914], [30.79330062866211, -21.140689849853516], [30.816499710083008, -21.121280670166016], [30.938919067382812, -21.060890197753906], [31.05191993713379, -21.026039123535156], [31.333650588989258, -20.98004913330078], [31.38644027709961, -20.959430694580078], [31.48880958557129, -20.899810791015625], [31.619930267333984, -20.80743980407715], [31.69169044494629, -20.751689910888672], [31.72393035888672, -20.716480255126953], [31.727100372314453, -20.703590393066406], [31.823490142822266, -20.681589126586914], [31.927120208740234, -20.662790298461914], [31.94702911376953, -20.65580940246582], [31.97381019592285, -20.65471076965332], [31.996030807495117, -20.62657928466797], [31.998409271240234, -20.607580184936523], [32.001548767089844, -20.594709396362305], [31.983930587768555, -20.570409774780273], [31.966310501098633, -20.54503059387207], [31.939550399780273, -20.536460876464844], [31.909299850463867, -20.54387092590332], [31.784080505371094, -20.61370086669922], [31.770740509033203, -20.620410919189453], [31.740520477294922, -20.61857032775879], [31.726919174194336, -20.60944938659668], [31.72260093688965, -20.5876407623291], [31.74449920654297, -20.542739868164062], [31.78931999206543, -20.4664306640625], [31.798519134521484, -20.440940856933594], [31.798080444335938, -20.431249618530273], [31.791229248046875, -20.425350189208984], [31.850099563598633, -20.385969161987305], [31.978029251098633, -20.293569564819336], [31.980899810791016, -20.284189224243164], [31.973899841308594, -20.2747802734375], [31.976810455322266, -20.256139755249023], [32.01387023925781, -20.17967987060547], [32.05873107910156, -20.124570846557617], [32.071659088134766, -20.099380493164062], [32.080360412597656, -20.064250946044922], [32.109649658203125, -20.047639846801758], [32.19327926635742, -20.038930892944336], [32.22555923461914, -19.996980667114258], [32.20492172241211, -19.975740432739258], [32.15724182128906, -19.958219528198242], [32.04634094238281, -19.94277000427246], [32.0363883972168, -19.9400691986084], [32.052398681640625, -19.920469284057617], [32.06721115112305, -19.86341094970703], [32.072139739990234, -19.81599998474121], [32.058319091796875, -19.800670623779297], [32.0169792175293, -19.767459869384766], [32.01668167114258, -19.760860443115234], [32.054771423339844, -19.699779510498047], [32.070838928222656, -19.670909881591797], [32.073570251464844, -19.65843963623047], [32.0837287902832, -19.65496063232422], [32.0830192565918, -19.63909912109375], [32.095481872558594, -19.613460540771484], [32.1072883605957, -19.562700271606445], [32.10895919799805, -19.5002498626709], [32.12459945678711, -19.464630126953125], [32.14405822753906, -19.448410034179688], [32.22780990600586, -19.44607925415039], [32.3247184753418, -19.45561981201172], [32.32286834716797, -19.499900817871094], [32.31713104248047, -19.51913070678711], [32.31528091430664, -19.578710556030273], [32.32238006591797, -19.59078025817871], [32.35306930541992, -19.60589027404785], [32.39347839355469, -19.607820510864258], [32.40304183959961, -19.601259231567383], [32.41938018798828, -19.578550338745117], [32.421958923339844, -19.562570571899414], [32.42715072631836, -19.50650978088379], [32.47024154663086, -19.495569229125977], [32.483489990234375, -19.498600006103516], [32.51356887817383, -19.50098991394043], [32.53071975708008, -19.52227020263672], [32.54848098754883, -19.562519073486328], [32.560691833496094, -19.625030517578125], [32.55487060546875, -19.64112091064453]], [[31.073720932006836, -21.436569213867188], [31.103179931640625, -21.41073989868164], [31.11850929260254, -21.37582015991211], [31.14150047302246, -21.352890014648438], [31.194320678710938, -21.332239151000977], [31.30841064453125, -21.309940338134766], [31.324769973754883, -21.29694938659668], [31.32689094543457, -21.27181053161621], [31.306190490722656, -21.253320693969727], [31.265230178833008, -21.245349884033203], [31.198320388793945, -21.2476806640625], [31.144729614257812, -21.261760711669922], [31.076610565185547, -21.248319625854492], [31.059370040893555, -21.23320960998535], [31.061660766601562, -21.201900482177734], [31.074140548706055, -21.176340103149414], [31.072969436645508, -21.141660690307617], [31.059040069580078, -21.12640953063965], [30.99496078491211, -21.128620147705078], [30.895700454711914, -21.168689727783203], [30.856159210205078, -21.192289352416992], [30.849220275878906, -21.195650100708008], [30.832670211791992, -21.2055606842041], [30.810230255126953, -21.231109619140625], [30.798099517822266, -21.275609970092773], [30.806110382080078, -21.316219329833984], [30.84235954284668, -21.374610900878906], [30.873390197753906, -21.40196990966797], [30.904600143432617, -21.423160552978516], [30.98314094543457, -21.44594955444336], [31.033660888671875, -21.447460174560547], [31.073720932006836, -21.436569213867188]]]}}, {"type": "Feature", "properties": {"SNUM": 874, "FAOSOIL": "Qc29-1a", "DOMSOI": "Qc", "PHASE1": "", "PHASE2": "", "MISCLU1": "", "MISCLU2": "", "PERMAFROST": "", "CNTCODE": 181, "CNTNAME": "ZI", "SQKM": 7.0, "COUNTRY": "ZIMBABWE", "SOIL_CODE": "Qc", "FAO_UNIT": "Qc29-1a", "SOIL_NAME": "Calcaric Arenosols (Qc) \u2014 Sandy calcareous; limestone indicator", "AREA_KM2": 7.0, "PHASE": ""}, "geometry": {"type": "Polygon", "coordinates": [[[26.26030921936035, -19.515369415283203], [26.244640350341797, -19.510820388793945], [26.22654914855957, -19.50172996520996], [26.217960357666016, -19.496129989624023], [26.24850082397461, -19.49551010131836], [26.281890869140625, -19.512269973754883], [26.26030921936035, -19.515369415283203]]]}}, {"type": "Feature", "properties": {"SNUM": 874, "FAOSOIL": "Qc29-1a", "DOMSOI": "Qc", "PHASE1": "", "PHASE2": "", "MISCLU1": "", "MISCLU2": "", "PERMAFROST": "", "CNTCODE": 181, "CNTNAME": "ZI", "SQKM": 127.0, "COUNTRY": "ZIMBABWE", "SOIL_CODE": "Qc", "FAO_UNIT": "Qc29-1a", "SOIL_NAME": "Calcaric Arenosols (Qc) \u2014 Sandy calcareous; limestone indicator", "AREA_KM2": 127.0, "PHASE": ""}, "geometry": {"type": "Polygon", "coordinates": [[[26.470449447631836, -19.697559356689453], [26.447500228881836, -19.685100555419922], [26.431779861450195, -19.668100357055664], [26.42207908630371, -19.651090621948242], [26.40998077392578, -19.63636016845703], [26.399099349975586, -19.627290725708008], [26.382190704345703, -19.618240356445312], [26.35923957824707, -19.604650497436523], [26.347139358520508, -19.58877944946289], [26.345890045166016, -19.571760177612305], [26.347240447998047, -19.558229446411133], [26.369029998779297, -19.5727596282959], [26.518020629882812, -19.595619201660156], [26.508319854736328, -19.61823081970215], [26.4897403717041, -19.663150787353516], [26.47528076171875, -19.69927978515625], [26.470449447631836, -19.697559356689453]]]}}, {"type": "Feature", "properties": {"SNUM": 734, "FAOSOIL": "Lf10-1ac", "DOMSOI": "Lf", "PHASE1": "", "PHASE2": "", "MISCLU1": "", "MISCLU2": "", "PERMAFROST": "", "CNTCODE": 181, "CNTNAME": "ZI", "SQKM": 243.0, "COUNTRY": "ZIMBABWE", "SOIL_CODE": "Lf", "FAO_UNIT": "Lf10-1ac", "SOIL_NAME": "FAO Soil Unit: Lf10-1ac", "AREA_KM2": 243.0, "PHASE": ""}, "geometry": {"type": "Polygon", "coordinates": [[[32.62644958496094, -19.783599853515625], [32.64828109741211, -19.73866081237793], [32.6667594909668, -19.681520462036133], [32.671878814697266, -19.6500301361084], [32.670501708984375, -19.633800506591797], [32.66682052612305, -19.590320587158203], [32.67953109741211, -19.58972930908203], [32.722999572753906, -19.569530487060547], [32.7623405456543, -19.559120178222656], [32.76591110229492, -19.562719345092773], [32.77286911010742, -19.569700241088867], [32.78343963623047, -19.580299377441406], [32.7913703918457, -19.62095069885254], [32.785118103027344, -19.627370834350586], [32.76810073852539, -19.634010314941406], [32.751949310302734, -19.640310287475586], [32.732200622558594, -19.648019790649414], [32.70623016357422, -19.674190521240234], [32.70396041870117, -19.69631004333496], [32.7144889831543, -19.69986915588379], [32.73772048950195, -19.707719802856445], [32.754661560058594, -19.71980094909668], [32.75608825683594, -19.75102996826172], [32.7333984375, -19.77705955505371], [32.65766906738281, -19.810970306396484], [32.635379791259766, -19.813140869140625], [32.61103820800781, -19.815509796142578], [32.62644958496094, -19.783599853515625]]]}}, {"type": "Feature", "properties": {"SNUM": 642, "FAOSOIL": "I-Bc-V", "DOMSOI": "I", "PHASE1": "", "PHASE2": "", "MISCLU1": "", "MISCLU2": "", "PERMAFROST": "", "CNTCODE": 181, "CNTNAME": "ZI", "SQKM": 831.0, "COUNTRY": "ZIMBABWE", "SOIL_CODE": "I", "FAO_UNIT": "I-Bc-V", "SOIL_NAME": "Lithosols (I) \u2014 Shallow rocky soils; basement outcrop indicator", "AREA_KM2": 831.0, "PHASE": ""}, "geometry": {"type": "Polygon", "coordinates": [[[32.670501708984375, -19.633800506591797], [32.671878814697266, -19.6500301361084], [32.6667594909668, -19.681520462036133], [32.64828109741211, -19.73866081237793], [32.62644958496094, -19.783599853515625], [32.61103820800781, -19.815509796142578], [32.54277038574219, -19.820270538330078], [32.535560607910156, -19.836990356445312], [32.59368896484375, -19.879919052124023], [32.59675979614258, -19.882179260253906], [32.60055160522461, -19.904050827026367], [32.58917999267578, -19.907489776611328], [32.54283905029297, -19.921480178833008], [32.528228759765625, -19.932310104370117], [32.52082061767578, -19.93779945373535], [32.47602844238281, -19.983850479125977], [32.45909118652344, -20.011220932006836], [32.452728271484375, -20.037559509277344], [32.47964859008789, -20.09147071838379], [32.45811080932617, -20.131099700927734], [32.44449996948242, -20.1312198638916], [32.40476989746094, -20.145179748535156], [32.38151168823242, -20.048389434814453], [32.36962890625, -19.999210357666016], [32.362640380859375, -19.98978042602539], [32.368141174316406, -19.955150604248047], [32.350528717041016, -19.917909622192383], [32.36228942871094, -19.87640953063965], [32.40108108520508, -19.83119010925293], [32.43352127075195, -19.80167007446289], [32.452980041503906, -19.785459518432617], [32.492279052734375, -19.762279510498047], [32.521270751953125, -19.736330032348633], [32.527828216552734, -19.736499786376953], [32.532161712646484, -19.667160034179688], [32.55487060546875, -19.64112091064453], [32.560691833496094, -19.625030517578125], [32.58723831176758, -19.611610412597656], [32.6036491394043, -19.601699829101562], [32.65298843383789, -19.58470916748047], [32.66682052612305, -19.590320587158203], [32.670501708984375, -19.633800506591797]]]}}, {"type": "Feature", "properties": {"SNUM": 706, "FAOSOIL": "Lc49-3a", "DOMSOI": "Lc", "PHASE1": "", "PHASE2": "", "MISCLU1": "", "MISCLU2": "", "PERMAFROST": "", "CNTCODE": 181, "CNTNAME": "ZI", "SQKM": 1341.0, "COUNTRY": "ZIMBABWE", "SOIL_CODE": "Lc", "FAO_UNIT": "Lc49-3a", "SOIL_NAME": "Chromic Luvisols (Lc) \u2014 Chrome\u2011rich clay; chrome/PGM pathfinder", "AREA_KM2": 1341.0, "PHASE": ""}, "geometry": {"type": "Polygon", "coordinates": [[[29.40241050720215, -19.748960494995117], [29.40937042236328, -19.7580509185791], [29.407800674438477, -19.828319549560547], [29.411949157714844, -19.850400924682617], [29.40583038330078, -19.875930786132812], [29.379419326782227, -19.90172004699707], [29.328020095825195, -19.926450729370117], [29.30286979675293, -19.93855094909668], [29.289920806884766, -19.958099365234375], [29.290849685668945, -19.99043083190918], [29.291120529174805, -20.00836944580078], [29.304969787597656, -20.023849487304688], [29.30854034423828, -20.025299072265625], [29.356409072875977, -20.04467010498047], [29.390729904174805, -20.054689407348633], [29.397079467773438, -20.05653953552246], [29.393890380859375, -20.05975914001465], [29.41762924194336, -20.062030792236328], [29.438100814819336, -20.077280044555664], [29.442800521850586, -20.112140655517578], [29.43368911743164, -20.156810760498047], [29.433809280395508, -20.159910202026367], [29.418170928955078, -20.195049285888672], [29.412080764770508, -20.220539093017578], [29.40877914428711, -20.220659255981445], [29.392120361328125, -20.23719024658203], [29.38237953186035, -20.24686050415039], [29.352380752563477, -20.253679275512695], [29.318119049072266, -20.24822998046875], [29.284109115600586, -20.23103904724121], [29.277090072631836, -20.227489471435547], [29.225370407104492, -20.187620162963867], [29.190420150756836, -20.140960693359375], [29.192689895629883, -20.102739334106445], [29.211130142211914, -20.05463981628418], [29.20993995666504, -19.985450744628906], [29.215810775756836, -19.952850341796875], [29.218740463256836, -19.937419891357422], [29.216310501098633, -19.861509323120117], [29.20248031616211, -19.845979690551758], [29.152339935302734, -19.85658073425293], [29.134979248046875, -19.847389221191406], [29.134740829467773, -19.8411808013916], [29.124479293823242, -19.832199096679688], [29.11688995361328, -19.794240951538086], [29.126300811767578, -19.768590927124023], [29.139020919799805, -19.75527000427246], [29.19647979736328, -19.750640869140625], [29.20577049255371, -19.721879959106445], [29.194910049438477, -19.69692039489746], [29.193920135498047, -19.65873908996582], [29.190019607543945, -19.643320083618164], [29.185819625854492, -19.60630989074707], [29.205549240112305, -19.592130661010742], [29.237590789794922, -19.602109909057617], [29.242839813232422, -19.60218048095703], [29.294919967651367, -19.643749237060547], [29.34910011291504, -19.664560317993164], [29.380159378051758, -19.68617057800293], [29.39396095275879, -19.688810348510742], [29.40241050720215, -19.748960494995117]]]}}, {"type": "Feature", "properties": {"SNUM": 874, "FAOSOIL": "Qc29-1a", "DOMSOI": "Qc", "PHASE1": "", "PHASE2": "", "MISCLU1": "", "MISCLU2": "", "PERMAFROST": "", "CNTCODE": 181, "CNTNAME": "ZI", "SQKM": 652.0, "COUNTRY": "ZIMBABWE", "SOIL_CODE": "Qc", "FAO_UNIT": "Qc29-1a", "SOIL_NAME": "Calcaric Arenosols (Qc) \u2014 Sandy calcareous; limestone indicator", "AREA_KM2": 652.0, "PHASE": ""}, "geometry": {"type": "Polygon", "coordinates": [[[28.281940460205078, -19.88429069519043], [28.18321990966797, -19.86334991455078], [28.11539077758789, -19.865089416503906], [28.111480712890625, -19.865190505981445], [28.087629318237305, -19.865800857543945], [28.047950744628906, -19.866819381713867], [27.99350929260254, -19.83591079711914], [27.93762969970703, -19.78282928466797], [27.877389907836914, -19.75843048095703], [27.85590934753418, -19.74972915649414], [27.83146095275879, -19.72821044921875], [27.831369400024414, -19.712169647216797], [27.875200271606445, -19.70500946044922], [27.958969116210938, -19.732330322265625], [28.103029251098633, -19.779550552368164], [28.123130798339844, -19.77267074584961], [28.123149871826172, -19.759750366210938], [28.09539031982422, -19.738380432128906], [28.064489364624023, -19.72382926940918], [27.921329498291016, -19.65587043762207], [27.872880935668945, -19.625289916992188], [27.869470596313477, -19.609359741210938], [27.902769088745117, -19.59939956665039], [28.02182960510254, -19.6285400390625], [28.04228973388672, -19.644359588623047], [28.11104965209961, -19.687110900878906], [28.166109085083008, -19.73031997680664], [28.18638038635254, -19.752920150756836], [28.208040237426758, -19.77705955505371], [28.22481918334961, -19.788150787353516], [28.287090301513672, -19.829280853271484], [28.345130920410156, -19.850120544433594], [28.345569610595703, -19.875490188598633], [28.305349349975586, -19.889249801635742], [28.281940460205078, -19.88429069519043]]]}}, {"type": "Feature", "properties": {"SNUM": 784, "FAOSOIL": "Lg2-1a", "DOMSOI": "Lg", "PHASE1": "", "PHASE2": "", "MISCLU1": "", "MISCLU2": "", "PERMAFROST": "", "CNTCODE": 181, "CNTNAME": "ZI", "SQKM": 3410.0, "COUNTRY": "ZIMBABWE", "SOIL_CODE": "Lg", "FAO_UNIT": "Lg2-1a", "SOIL_NAME": "FAO Soil Unit: Lg2-1a", "AREA_KM2": 3410.0, "PHASE": ""}, "geometry": {"type": "Polygon", "coordinates": [[[29.785490036010742, -19.72658920288086], [29.79155921936035, -19.808950424194336], [29.79814910888672, -19.8087100982666], [29.825679779052734, -19.836599349975586], [29.823009490966797, -19.852680206298828], [29.78095054626465, -19.92340087890625], [29.746339797973633, -20.003620147705078], [29.721210479736328, -20.067140579223633], [29.71540069580078, -20.098800659179688], [29.698680877685547, -20.105609893798828], [29.695669174194336, -20.124759674072266], [29.668960571289062, -20.180280685424805], [29.641660690307617, -20.23702049255371], [29.625959396362305, -20.26902961730957], [29.593299865722656, -20.314069747924805], [29.584299087524414, -20.33654022216797], [29.580520629882812, -20.336669921875], [29.554649353027344, -20.36285972595215], [29.521989822387695, -20.40789031982422], [29.51483917236328, -20.434959411621094], [29.50691032409668, -20.465110778808594], [29.507410049438477, -20.477949142456055], [29.478599548339844, -20.538219451904297], [29.473779678344727, -20.543760299682617], [29.459150314331055, -20.560609817504883], [29.42205047607422, -20.56814956665039], [29.394649505615234, -20.546560287475586], [29.35626983642578, -20.507200241088867], [29.34153938293457, -20.489900588989258], [29.314109802246094, -20.457679748535156], [29.276460647583008, -20.4266300201416], [29.25271987915039, -20.424360275268555], [29.245359420776367, -20.405550003051758], [29.2143497467041, -20.38711929321289], [29.174579620361328, -20.383310317993164], [29.136499404907227, -20.37965965270996], [29.132429122924805, -20.360729217529297], [29.115150451660156, -20.342269897460938], [29.10066032409668, -20.310850143432617], [29.100160598754883, -20.298450469970703], [29.152050018310547, -20.296939849853516], [29.17435073852539, -20.296289443969727], [29.204830169677734, -20.301870346069336], [29.272489547729492, -20.290630340576172], [29.30211067199707, -20.274070739746094], [29.309349060058594, -20.262380599975586], [29.318119049072266, -20.24822998046875], [29.352380752563477, -20.253679275512695], [29.38237953186035, -20.24686050415039], [29.392120361328125, -20.23719024658203], [29.40877914428711, -20.220659255981445], [29.412080764770508, -20.220539093017578], [29.418170928955078, -20.195049285888672], [29.433809280395508, -20.159910202026367], [29.43368911743164, -20.156810760498047], [29.442800521850586, -20.112140655517578], [29.438100814819336, -20.077280044555664], [29.41762924194336, -20.062030792236328], [29.393890380859375, -20.05975914001465], [29.397079467773438, -20.05653953552246], [29.390729904174805, -20.054689407348633], [29.356409072875977, -20.04467010498047], [29.30854034423828, -20.025299072265625], [29.304969787597656, -20.023849487304688], [29.291120529174805, -20.00836944580078], [29.290849685668945, -19.99043083190918], [29.289920806884766, -19.958099365234375], [29.30286979675293, -19.93855094909668], [29.328020095825195, -19.926450729370117], [29.379419326782227, -19.90172004699707], [29.40583038330078, -19.875930786132812], [29.411949157714844, -19.850400924682617], [29.407800674438477, -19.828319549560547], [29.40937042236328, -19.7580509185791], [29.40241050720215, -19.748960494995117], [29.39396095275879, -19.688810348510742], [29.447410583496094, -19.6781005859375], [29.57168960571289, -19.66571044921875], [29.622119903564453, -19.664390563964844], [29.67428970336914, -19.67987060546875], [29.71044921875, -19.69059944152832], [29.727420806884766, -19.690000534057617], [29.72378921508789, -19.693679809570312], [29.76420021057129, -19.689159393310547], [29.785490036010742, -19.72658920288086]]]}}, {"type": "Feature", "properties": {"SNUM": 835, "FAOSOIL": "Ne41-3a", "DOMSOI": "Ne", "PHASE1": "", "PHASE2": "", "MISCLU1": "", "MISCLU2": "", "PERMAFROST": "", "CNTCODE": 181, "CNTNAME": "ZI", "SQKM": 1861.0, "COUNTRY": "ZIMBABWE", "SOIL_CODE": "Ne", "FAO_UNIT": "Ne41-3a", "SOIL_NAME": "Eutric Nitosols (Ne) \u2014 Productive red soils on mafic rocks", "AREA_KM2": 1861.0, "PHASE": ""}, "geometry": {"type": "Polygon", "coordinates": [[[31.442110061645508, -20.022920608520508], [31.418479919433594, -20.020750045776367], [31.388450622558594, -20.03384017944336], [31.379150390625, -20.047000885009766], [31.349010467529297, -20.057449340820312], [31.290149688720703, -20.099910736083984], [31.261119842529297, -20.135469436645508], [31.248790740966797, -20.147769927978516], [31.173189163208008, -20.223220825195312], [31.142730712890625, -20.241880416870117], [31.13010025024414, -20.24962043762207], [31.080080032348633, -20.257749557495117], [31.056840896606445, -20.26439094543457], [31.0537109375, -20.26464080810547], [31.066530227661133, -20.23604965209961], [31.082050323486328, -20.201419830322266], [31.073450088500977, -20.164520263671875], [31.06329917907715, -20.161409378051758], [31.05760955810547, -20.1718692779541], [31.054079055786133, -20.178369522094727], [31.022480010986328, -20.211410522460938], [31.005489349365234, -20.20294952392578], [30.989879608154297, -20.195159912109375], [30.926679611206055, -20.1901798248291], [30.915210723876953, -20.2161808013916], [30.922649383544922, -20.229520797729492], [30.955249786376953, -20.243040084838867], [31.011789321899414, -20.26789093017578], [30.930479049682617, -20.273849487304688], [30.919530868530273, -20.274690628051758], [30.89640998840332, -20.284849166870117], [30.872989654541016, -20.288389205932617], [30.793319702148438, -20.332080841064453], [30.790559768676758, -20.344560623168945], [30.751230239868164, -20.38361930847168], [30.742780685424805, -20.38619041442871], [30.704710006713867, -20.397769927978516], [30.703950881958008, -20.369070053100586], [30.708740234375, -20.356220245361328], [30.72304916381836, -20.317909240722656], [30.72072982788086, -20.301870346069336], [30.717309951782227, -20.270549774169922], [30.696449279785156, -20.24958038330078], [30.682859420776367, -20.240379333496094], [30.6827392578125, -20.237279891967773], [30.686279296875, -20.22633934020996], [30.688980102539062, -20.218040466308594], [30.75762939453125, -20.15930938720703], [30.803829193115234, -20.126609802246094], [30.80657958984375, -20.113679885864258], [30.856599807739258, -20.093219757080078], [30.8787899017334, -20.06100082397461], [30.882009506225586, -20.048500061035156], [30.88504981994629, -20.042200088500977], [30.897199630737305, -20.006820678710938], [30.945770263671875, -19.936460494995117], [30.948680877685547, -19.92704963684082], [30.968189239501953, -19.89798927307129], [30.99441909790039, -19.871780395507812], [31.014080047607422, -19.861909866333008], [31.030920028686523, -19.871000289916992], [31.03870964050293, -19.899459838867188], [31.023740768432617, -19.956640243530273], [31.004560470581055, -19.991870880126953], [31.002059936523438, -20.01099967956543], [31.006059646606445, -20.05183982849121], [31.016490936279297, -20.064239501953125], [31.02992057800293, -20.069889068603516], [31.09358024597168, -20.061670303344727], [31.13344955444336, -20.047760009765625], [31.179550170898438, -20.015060424804688], [31.23863983154297, -19.956920623779297], [31.27861976623535, -19.94611930847168], [31.305389404296875, -19.9455509185791], [31.32175064086914, -19.932100296020508], [31.36087989807129, -19.889930725097656], [31.389659881591797, -19.8481502532959], [31.389270782470703, -19.83888053894043], [31.43610954284668, -19.834449768066406], [31.443199157714844, -19.846569061279297], [31.454679489135742, -19.884170532226562], [31.49941062927246, -19.930259704589844], [31.520339965820312, -19.948970794677734], [31.52082061767578, -19.971050262451172], [31.508729934692383, -20.005979537963867], [31.442110061645508, -20.022920608520508]]]}}, {"type": "Feature", "properties": {"SNUM": 474, "FAOSOIL": "Bv13-3a", "DOMSOI": "Bv", "PHASE1": "", "PHASE2": "", "MISCLU1": "", "MISCLU2": "", "PERMAFROST": "", "CNTCODE": 181, "CNTNAME": "ZI", "SQKM": 428.0, "COUNTRY": "ZIMBABWE", "SOIL_CODE": "Bv", "FAO_UNIT": "Bv13-3a", "SOIL_NAME": "FAO Soil Unit: Bv13-3a", "AREA_KM2": 428.0, "PHASE": ""}, "geometry": {"type": "Polygon", "coordinates": [[[27.460420608520508, -20.053970336914062], [27.46009063720703, -20.04463005065918], [27.469629287719727, -20.01896095275879], [27.468900680541992, -19.989059448242188], [27.468490600585938, -19.971729278564453], [27.450820922851562, -19.940149307250977], [27.426830291748047, -19.918119430541992], [27.310300827026367, -19.866790771484375], [27.300010681152344, -19.857290267944336], [27.29969024658203, -19.847930908203125], [27.353870391845703, -19.8369197845459], [27.526979446411133, -19.855850219726562], [27.574630737304688, -19.877090454101562], [27.61532974243164, -19.91370964050293], [27.619640350341797, -19.917579650878906], [27.62990951538086, -19.926620483398438], [27.64044952392578, -19.929859161376953], [27.64055061340332, -19.93297004699707], [27.64760971069336, -19.958160400390625], [27.6553897857666, -19.98657989501953], [27.652069091796875, -19.986679077148438], [27.648719787597656, -19.999719619750977], [27.621749877929688, -20.015859603881836], [27.611339569091797, -20.016199111938477], [27.57777976989746, -19.991609573364258], [27.560720443725586, -19.992130279541016], [27.53428077697754, -20.036909103393555], [27.521459579467773, -20.06266975402832], [27.474369049072266, -20.07267951965332], [27.460420608520508, -20.053970336914062]]]}}, {"type": "Feature", "properties": {"SNUM": 972, "FAOSOIL": "Vp54-3a", "DOMSOI": "Vp", "PHASE1": "", "PHASE2": "", "MISCLU1": "", "MISCLU2": "", "PERMAFROST": "", "CNTCODE": 181, "CNTNAME": "ZI", "SQKM": 295.0, "COUNTRY": "ZIMBABWE", "SOIL_CODE": "Vp", "FAO_UNIT": "Vp54-3a", "SOIL_NAME": "Pellic Vertisols (Vp) \u2014 Heavy clay; dambo / Lowveld vlei", "AREA_KM2": 295.0, "PHASE": ""}, "geometry": {"type": "Polygon", "coordinates": [[[26.887189865112305, -19.8785400390625], [27.00303077697754, -19.908170700073242], [27.064449310302734, -19.932249069213867], [27.102510452270508, -19.963220596313477], [27.1031494140625, -19.982379913330078], [27.093669891357422, -20.008190155029297], [27.0802001953125, -20.015649795532227], [27.05072021484375, -20.017719268798828], [27.023250579833984, -20.0106201171875], [26.98457908630371, -20.008169174194336], [26.94611930847168, -20.013660430908203], [26.905399322509766, -19.980649948120117], [26.87480926513672, -19.965530395507812], [26.820180892944336, -19.953279495239258], [26.811080932617188, -19.952760696411133], [26.81068992614746, -19.934370040893555], [26.81679916381836, -19.918109893798828], [26.860349655151367, -19.88558006286621], [26.863449096679688, -19.8787899017334], [26.887189865112305, -19.8785400390625]]]}}, {"type": "Feature", "properties": {"SNUM": 734, "FAOSOIL": "Lf10-1ac", "DOMSOI": "Lf", "PHASE1": "", "PHASE2": "", "MISCLU1": "", "MISCLU2": "", "PERMAFROST": "", "CNTCODE": 181, "CNTNAME": "ZI", "SQKM": 1067.0, "COUNTRY": "ZIMBABWE", "SOIL_CODE": "Lf", "FAO_UNIT": "Lf10-1ac", "SOIL_NAME": "FAO Soil Unit: Lf10-1ac", "AREA_KM2": 1067.0, "PHASE": ""}, "geometry": {"type": "Polygon", "coordinates": [[[32.601558685302734, -19.926040649414062], [32.590999603271484, -19.941570281982422], [32.56040954589844, -19.986780166625977], [32.557559967041016, -20.021520614624023], [32.568138122558594, -20.036909103393555], [32.5977897644043, -20.029510498046875], [32.601280212402344, -20.02337074279785], [32.61088943481445, -20.007600784301758], [32.62704086303711, -19.981840133666992], [32.656681060791016, -19.97446060180664], [32.659271240234375, -19.978260040283203], [32.66722869873047, -19.989900588989258], [32.6616096496582, -20.030790328979492], [32.65653991699219, -20.06705093383789], [32.649959564208984, -20.07172966003418], [32.642311096191406, -20.13800048828125], [32.629600524902344, -20.166669845581055], [32.59543991088867, -20.227460861206055], [32.59571838378906, -20.243270874023438], [32.580501556396484, -20.278209686279297], [32.56214141845703, -20.326019287109375], [32.55345916748047, -20.36067008972168], [32.55339050292969, -20.371259689331055], [32.55297088623047, -20.43939971923828], [32.543819427490234, -20.474069595336914], [32.53879928588867, -20.515239715576172], [32.522640228271484, -20.517810821533203], [32.518089294433594, -20.518600463867188], [32.505130767822266, -20.531890869140625], [32.48006820678711, -20.561800003051758], [32.4705696105957, -20.573139190673828], [32.464298248291016, -20.57954978942871], [32.452110290527344, -20.60515022277832], [32.41733932495117, -20.678190231323242], [32.3946418762207, -20.694969177246094], [32.38774871826172, -20.688669204711914], [32.381919860839844, -20.626089096069336], [32.384769439697266, -20.61673927307129], [32.40092849731445, -20.59100914001465], [32.40645980834961, -20.559589385986328], [32.40327835083008, -20.478519439697266], [32.4033203125, -20.469280242919922], [32.41960144042969, -20.455839157104492], [32.43146896362305, -20.417930603027344], [32.45077133178711, -20.398649215698242], [32.45888137817383, -20.396270751953125], [32.48735046386719, -20.38789939880371], [32.48310852050781, -20.308910369873047], [32.483890533447266, -20.305450439453125], [32.46821975708008, -20.227989196777344], [32.450950622558594, -20.20977020263672], [32.41389846801758, -20.210840225219727], [32.40536117553711, -20.157920837402344], [32.40476989746094, -20.145179748535156], [32.44449996948242, -20.1312198638916], [32.45811080932617, -20.131099700927734], [32.47964859008789, -20.09147071838379], [32.452728271484375, -20.037559509277344], [32.45909118652344, -20.011220932006836], [32.47602844238281, -19.983850479125977], [32.52082061767578, -19.93779945373535], [32.528228759765625, -19.932310104370117], [32.54283905029297, -19.921480178833008], [32.58917999267578, -19.907489776611328], [32.60055160522461, -19.904050827026367], [32.601558685302734, -19.926040649414062]]]}}, {"type": "Feature", "properties": {"SNUM": 790, "FAOSOIL": "Lo42-1a", "DOMSOI": "Lo", "PHASE1": "", "PHASE2": "", "MISCLU1": "", "MISCLU2": "", "PERMAFROST": "", "CNTCODE": 181, "CNTNAME": "ZI", "SQKM": 1247.0, "COUNTRY": "ZIMBABWE", "SOIL_CODE": "Lo", "FAO_UNIT": "Lo42-1a", "SOIL_NAME": "Orthic Luvisols (Lo) \u2014 Moderate fertility clay loam", "AREA_KM2": 1247.0, "PHASE": ""}, "geometry": {"type": "Polygon", "coordinates": [[[32.40536117553711, -20.157920837402344], [32.41389846801758, -20.210840225219727], [32.40950012207031, -20.267820358276367], [32.3814582824707, -20.33148956298828], [32.3698616027832, -20.38524055480957], [32.37099838256836, -20.41996955871582], [32.37812042236328, -20.43199920654297], [32.38888931274414, -20.44124984741211], [32.39257049560547, -20.46002960205078], [32.4033203125, -20.469280242919922], [32.40327835083008, -20.478519439697266], [32.40645980834961, -20.559589385986328], [32.40092849731445, -20.59100914001465], [32.384769439697266, -20.61673927307129], [32.381919860839844, -20.626089096069336], [32.3554801940918, -20.633350372314453], [32.30913162231445, -20.65683937072754], [32.272518157958984, -20.66761016845703], [32.266239166259766, -20.674030303955078], [32.229461669921875, -20.681299209594727], [32.222129821777344, -20.665790557861328], [32.22365951538086, -20.60948944091797], [32.229469299316406, -20.593420028686523], [32.2241096496582, -20.53083038330078], [32.19974899291992, -20.51296043395996], [32.18693161010742, -20.510719299316406], [32.185611724853516, -20.482160568237305], [32.19221115112305, -20.472639083862305], [32.19778823852539, -20.441150665283203], [32.20307922363281, -20.311939239501953], [32.214969635009766, -20.264339447021484], [32.22066116333008, -20.24517059326172], [32.22481918334961, -20.172800064086914], [32.216270446777344, -20.11988067626953], [32.22269821166992, -20.106849670410156], [32.25286102294922, -20.109130859375], [32.29901123046875, -20.091829299926758], [32.31877899169922, -20.07253074645996], [32.34048843383789, -20.018890380859375], [32.35293960571289, -19.993249893188477], [32.362640380859375, -19.98978042602539], [32.36962890625, -19.999210357666016], [32.38151168823242, -20.048389434814453], [32.40476989746094, -20.145179748535156], [32.40536117553711, -20.157920837402344]]]}}, {"type": "Feature", "properties": {"SNUM": 577, "FAOSOIL": "Fr3-2ac", "DOMSOI": "Fr", "PHASE1": "", "PHASE2": "", "MISCLU1": "", "MISCLU2": "", "PERMAFROST": "", "CNTCODE": 181, "CNTNAME": "ZI", "SQKM": 1165.0, "COUNTRY": "ZIMBABWE", "SOIL_CODE": "Fr", "FAO_UNIT": "Fr3-2ac", "SOIL_NAME": "FAO Soil Unit: Fr3-2ac", "AREA_KM2": 1165.0, "PHASE": ""}, "geometry": {"type": "Polygon", "coordinates": [[[31.578779220581055, -19.994489669799805], [31.679880142211914, -19.99464988708496], [31.687000274658203, -20.00720977783203], [31.690519332885742, -20.037900924682617], [31.711009979248047, -20.043689727783203], [31.71466064453125, -20.05348014831543], [31.725000381469727, -20.062089920043945], [31.71718978881836, -20.128530502319336], [31.710620880126953, -20.128799438476562], [31.68684959411621, -20.134029388427734], [31.627290725708008, -20.147109985351562], [31.62409019470215, -20.159589767456055], [31.541749954223633, -20.199909210205078], [31.45128059387207, -20.199129104614258], [31.441360473632812, -20.200889587402344], [31.387760162353516, -20.210430145263672], [31.32794952392578, -20.23130989074707], [31.318439483642578, -20.250659942626953], [31.315969467163086, -20.269290924072266], [31.184240341186523, -20.285659790039062], [31.14508056640625, -20.290529251098633], [31.115489959716797, -20.313310623168945], [31.09001922607422, -20.354909896850586], [31.088329315185547, -20.381330490112305], [31.08778953552246, -20.38987922668457], [31.0008602142334, -20.401540756225586], [31.00274085998535, -20.357269287109375], [31.012409210205078, -20.337629318237305], [31.021589279174805, -20.31917953491211], [31.053979873657227, -20.27420997619629], [31.056840896606445, -20.26439094543457], [31.080080032348633, -20.257749557495117], [31.13010025024414, -20.24962043762207], [31.142730712890625, -20.241880416870117], [31.173189163208008, -20.223220825195312], [31.248790740966797, -20.147769927978516], [31.261119842529297, -20.135469436645508], [31.290149688720703, -20.099910736083984], [31.349010467529297, -20.057449340820312], [31.379150390625, -20.047000885009766], [31.388450622558594, -20.03384017944336], [31.418479919433594, -20.020750045776367], [31.442110061645508, -20.022920608520508], [31.508729934692383, -20.005979537963867], [31.578779220581055, -19.994489669799805]]]}}, {"type": "Feature", "properties": {"SNUM": 925, "FAOSOIL": "Ql2-1/2b", "DOMSOI": "Ql", "PHASE1": "", "PHASE2": "", "MISCLU1": "", "MISCLU2": "", "PERMAFROST": "", "CNTCODE": 181, "CNTNAME": "ZI", "SQKM": 10884.0, "COUNTRY": "ZIMBABWE", "SOIL_CODE": "Ql", "FAO_UNIT": "Ql2-1/2b", "SOIL_NAME": "FAO Soil Unit: Ql2-1/2b", "AREA_KM2": 10884.0, "PHASE": ""}, "geometry": {"type": "Polygon", "coordinates": [[[28.5616397857666, -20.12449073791504], [28.572429656982422, -20.146770477294922], [28.573530197143555, -20.187570571899414], [28.563980102539062, -20.21009063720703], [28.503829956054688, -20.24633026123047], [28.450969696044922, -20.269609451293945], [28.44754981994629, -20.279499053955078], [28.41451072692871, -20.30858039855957], [28.347759246826172, -20.348569869995117], [28.291759490966797, -20.39752960205078], [28.272109985351562, -20.429729461669922], [28.270109176635742, -20.437320709228516], [28.266300201416016, -20.45170021057129], [28.287029266357422, -20.473669052124023], [28.329679489135742, -20.465160369873047], [28.46862030029297, -20.437429428100586], [28.492300033569336, -20.43709945678711], [28.492420196533203, -20.440200805664062], [28.530210494995117, -20.45185089111328], [28.550439834594727, -20.46092987060547], [28.54762077331543, -20.473899841308594], [28.283939361572266, -20.609670639038086], [28.213350296020508, -20.636899948120117], [28.176990509033203, -20.666080474853516], [28.170379638671875, -20.67915916442871], [28.184749603271484, -20.707050323486328], [28.215700149536133, -20.721960067749023], [28.381620407104492, -20.718090057373047], [28.429759979248047, -20.735950469970703], [28.43000030517578, -20.74216079711914], [28.507030487060547, -20.71851921081543], [28.511140823364258, -20.717090606689453], [28.654300689697266, -20.667280197143555], [28.79914093017578, -20.637840270996094], [28.806270599365234, -20.65043067932129], [28.86655044555664, -20.681020736694336], [28.895299911499023, -20.695600509643555], [28.92584991455078, -20.701169967651367], [28.936389923095703, -20.703899383544922], [28.946720123291016, -20.713289260864258], [28.94062042236328, -20.738750457763672], [28.941659927368164, -20.776809692382812], [28.942520141601562, -20.804529190063477], [28.943330764770508, -20.830360412597656], [28.950590133666992, -20.846050262451172], [29.033720016479492, -20.913610458374023], [29.041240692138672, -20.935470581054688], [29.034269332885742, -20.938819885253906], [29.031490325927734, -20.951759338378906], [29.0291805267334, -20.986370086669922], [29.019010543823242, -20.992929458618164], [28.985750198364258, -21.028579711914062], [28.97330093383789, -21.034719467163086], [28.89188003540039, -21.039859771728516], [28.85814094543457, -21.05035972595215], [28.85202980041504, -21.063400268554688], [28.759750366210938, -21.046829223632812], [28.655479431152344, -21.06208038330078], [28.6104793548584, -21.041160583496094], [28.5964298248291, -21.022659301757812], [28.56941032409668, -21.023630142211914], [28.49110984802246, -20.99725914001465], [28.48546028137207, -20.976430892944336], [28.480039596557617, -20.95639991760254], [28.441059112548828, -20.910690307617188], [28.437789916992188, -20.90683937072754], [28.396629333496094, -20.885629653930664], [28.359540939331055, -20.89575958251953], [28.3298397064209, -20.92514991760254], [28.322900772094727, -20.939159393310547], [28.313989639282227, -20.95718002319336], [28.29693031311035, -20.95775032043457], [28.282550811767578, -20.93963050842285], [28.279470443725586, -20.935739517211914], [28.227880477905273, -20.9024600982666], [28.170059204101562, -20.903989791870117], [28.16227912902832, -20.90877914428711], [28.116769790649414, -20.936840057373047], [28.096790313720703, -20.968950271606445], [28.090850830078125, -20.978519439697266], [28.06484031677246, -21.029809951782227], [28.025320053100586, -21.075000762939453], [27.97553062438965, -21.099590301513672], [27.972219467163086, -21.101240158081055], [27.95890998840332, -21.114089965820312], [27.884199142456055, -21.100229263305664], [27.839160919189453, -21.07917022705078], [27.83892059326172, -21.072980880737305], [27.808250427246094, -21.067380905151367], [27.769319534301758, -21.049779891967773], [27.765439987182617, -21.048019409179688], [27.715330123901367, -21.02535057067871], [27.709369659423828, -21.02556037902832], [27.71523094177246, -20.94692039489746], [27.703460693359375, -20.91908073425293], [27.705310821533203, -20.864919662475586], [27.70989990234375, -20.841840744018555], [27.714309692382812, -20.83880043029785], [27.760570526123047, -20.80575942993164], [27.75926971435547, -20.745880126953125], [27.740129470825195, -20.712080001831055], [27.734350204467773, -20.701879501342773], [27.7231502532959, -20.692119598388672], [27.72216033935547, -20.678449630737305], [27.706300735473633, -20.636070251464844], [27.709869384765625, -20.597639083862305], [27.735549926757812, -20.533790588378906], [27.72439956665039, -20.530710220336914], [27.719520568847656, -20.52172088623047], [27.711029052734375, -20.516130447387695], [27.694599151611328, -20.509870529174805], [27.672870635986328, -20.504310607910156], [27.65114974975586, -20.49987030029297], [27.62824058532715, -20.497690200805664], [27.606529235839844, -20.497779846191406], [27.575210571289062, -20.500160217285156], [27.553510665893555, -20.501380920410156], [27.520950317382812, -20.498109817504883], [27.501630783081055, -20.493669509887695], [27.476280212402344, -20.485849380493164], [27.458179473876953, -20.48253059387207], [27.4437198638916, -20.48484992980957], [27.434099197387695, -20.488269805908203], [27.42089080810547, -20.496240615844727], [27.40764045715332, -20.498550415039062], [27.387130737304688, -20.4952392578125], [27.37384033203125, -20.49077033996582], [27.3593692779541, -20.48969078063965], [27.346139907836914, -20.494260787963867], [27.323270797729492, -20.501129150390625], [27.298959732055664, -20.502090454101562], [27.300199508666992, -20.47071075439453], [27.302370071411133, -20.430009841918945], [27.303390502929688, -20.396099090576172], [27.29836082458496, -20.359949111938477], [27.287269592285156, -20.314790725708008], [27.28076934814453, -20.290969848632812], [27.31368064880371, -20.282920837402344], [27.337400436401367, -20.28261947631836], [27.346900939941406, -20.2694091796875], [27.39427947998047, -20.25279998779297], [27.417430877685547, -20.23604965209961], [27.41699981689453, -20.223609924316406], [27.427099227905273, -20.213939666748047], [27.450180053710938, -20.181610107421875], [27.543989181518555, -20.147790908813477], [27.555810928344727, -20.112600326538086], [27.573259353637695, -20.0939998626709], [27.594459533691406, -20.079809188842773], [27.637939453125, -20.083019256591797], [27.678510665893555, -20.106639862060547], [27.7069091796875, -20.12725067138672], [27.749040603637695, -20.125980377197266], [27.776809692382812, -20.127410888671875], [27.81365966796875, -20.11273956298828], [27.841840744018555, -20.10563087463379], [27.876020431518555, -20.098020553588867], [27.887929916381836, -20.095359802246094], [27.99237060546875, -20.096839904785156], [28.0528507232666, -20.079280853271484], [28.080320358276367, -20.078819274902344], [28.10363006591797, -20.08115005493164], [28.154539108276367, -20.096759796142578], [28.209590911865234, -20.11363983154297], [28.230079650878906, -20.11651039123535], [28.230199813842773, -20.119619369506836], [28.25444984436035, -20.134809494018555], [28.26487922668457, -20.147350311279297], [28.3004207611084, -20.18096923828125], [28.349510192871094, -20.154769897460938], [28.348819732666016, -20.123239517211914], [28.37165069580078, -20.100269317626953], [28.44232940673828, -20.07659912109375], [28.546459197998047, -20.07440948486328], [28.560409545898438, -20.080150604248047], [28.5616397857666, -20.12449073791504]]]}}, {"type": "Feature", "properties": {"SNUM": 926, "FAOSOIL": "Ql25-1/2a", "DOMSOI": "Ql", "PHASE1": "", "PHASE2": "", "MISCLU1": "", "MISCLU2": "", "PERMAFROST": "", "CNTCODE": 181, "CNTNAME": "ZI", "SQKM": 23.0, "COUNTRY": "ZIMBABWE", "SOIL_CODE": "Ql", "FAO_UNIT": "Ql25-1/2a", "SOIL_NAME": "FAO Soil Unit: Ql25-1/2a", "AREA_KM2": 23.0, "PHASE": ""}, "geometry": {"type": "Polygon", "coordinates": [[[27.287220001220703, -20.178680419921875], [27.26759910583496, -20.201549530029297], [27.258150100708008, -20.223169326782227], [27.256580352783203, -20.218839645385742], [27.241830825805664, -20.16802978515625], [27.248340606689453, -20.137819290161133], [27.290210723876953, -20.169240951538086], [27.287220001220703, -20.178680419921875]]]}}, {"type": "Feature", "properties": {"SNUM": 1972, "FAOSOIL": "WATER", "DOMSOI": "WR", "PHASE1": "", "PHASE2": "", "MISCLU1": "", "MISCLU2": "", "PERMAFROST": "", "CNTCODE": 181, "CNTNAME": "ZI", "SQKM": 113.0, "COUNTRY": "ZIMBABWE", "SOIL_CODE": "WR", "FAO_UNIT": "WATER", "SOIL_NAME": "FAO Soil Unit: WATER", "AREA_KM2": 113.0, "PHASE": ""}, "geometry": {"type": "Polygon", "coordinates": [[[31.051179885864258, -20.270309448242188], [31.036970138549805, -20.27726936340332], [31.011789321899414, -20.26789093017578], [30.955249786376953, -20.243040084838867], [30.922649383544922, -20.229520797729492], [30.915210723876953, -20.2161808013916], [30.926679611206055, -20.1901798248291], [30.989879608154297, -20.195159912109375], [31.005489349365234, -20.20294952392578], [31.022480010986328, -20.211410522460938], [31.054079055786133, -20.178369522094727], [31.05760955810547, -20.1718692779541], [31.06329917907715, -20.161409378051758], [31.073450088500977, -20.164520263671875], [31.082050323486328, -20.201419830322266], [31.066530227661133, -20.23604965209961], [31.0537109375, -20.26464080810547], [31.051179885864258, -20.270309448242188]]]}}, {"type": "Feature", "properties": {"SNUM": 788, "FAOSOIL": "Lk4-2ab", "DOMSOI": "Lk", "PHASE1": "01", "PHASE2": "", "MISCLU1": "", "MISCLU2": "", "PERMAFROST": "", "CNTCODE": 181, "CNTNAME": "ZI", "SQKM": 137.0, "COUNTRY": "ZIMBABWE", "SOIL_CODE": "Lk", "FAO_UNIT": "Lk4-2ab", "SOIL_NAME": "FAO Soil Unit: Lk4-2ab", "AREA_KM2": 137.0, "PHASE": "01"}, "geometry": {"type": "Polygon", "coordinates": [[[27.317710876464844, -20.168380737304688], [27.324710845947266, -20.177959442138672], [27.41699981689453, -20.223609924316406], [27.417430877685547, -20.23604965209961], [27.39427947998047, -20.25279998779297], [27.346900939941406, -20.2694091796875], [27.337400436401367, -20.28261947631836], [27.31368064880371, -20.282920837402344], [27.28076934814453, -20.290969848632812], [27.27495002746582, -20.269630432128906], [27.258150100708008, -20.223169326782227], [27.26759910583496, -20.201549530029297], [27.287220001220703, -20.178680419921875], [27.290210723876953, -20.169240951538086], [27.317710876464844, -20.168380737304688]]]}}, {"type": "Feature", "properties": {"SNUM": 705, "FAOSOIL": "Lc49-2a", "DOMSOI": "Lc", "PHASE1": "", "PHASE2": "", "MISCLU1": "", "MISCLU2": "", "PERMAFROST": "", "CNTCODE": 181, "CNTNAME": "ZI", "SQKM": 884.0, "COUNTRY": "ZIMBABWE", "SOIL_CODE": "Lc", "FAO_UNIT": "Lc49-2a", "SOIL_NAME": "Chromic Luvisols (Lc) \u2014 Chrome\u2011rich clay; chrome/PGM pathfinder", "AREA_KM2": 884.0, "PHASE": ""}, "geometry": {"type": "Polygon", "coordinates": [[[30.10272979736328, -20.550010681152344], [30.1031494140625, -20.559709548950195], [30.096389770507812, -20.573219299316406], [30.09494972229004, -20.576080322265625], [30.084020614624023, -20.59796905517578], [30.079669952392578, -20.661279678344727], [30.06995964050293, -20.677099227905273], [30.016109466552734, -20.687990188598633], [29.973480224609375, -20.71088981628418], [29.96109962463379, -20.712230682373047], [29.929689407348633, -20.715620040893555], [29.89600944519043, -20.713329315185547], [29.8187198638916, -20.731229782104492], [29.8218994140625, -20.72801971435547], [29.805360794067383, -20.72863006591797], [29.78424072265625, -20.709970474243164], [29.783130645751953, -20.67746925354004], [29.78219985961914, -20.65036964416504], [29.804420471191406, -20.605329513549805], [29.813749313354492, -20.579790115356445], [29.82387924194336, -20.573230743408203], [29.837080001831055, -20.58785057067871], [29.839290618896484, -20.635860443115234], [29.826120376586914, -20.64872932434082], [29.83077049255371, -20.680389404296875], [29.841100692749023, -20.689729690551758], [29.887929916381836, -20.6787109375], [29.964040756225586, -20.63256072998047], [29.96190071105957, -20.55970001220703], [29.942800521850586, -20.485300064086914], [29.975059509277344, -20.430530548095703], [30.01078987121582, -20.394800186157227], [30.014080047607422, -20.39468002319336], [30.01158905029297, -20.312469482421875], [30.02117919921875, -20.293529510498047], [30.072410583496094, -20.311100006103516], [30.102310180664062, -20.303800582885742], [30.109479904174805, -20.24810028076172], [30.11050033569336, -20.240219116210938], [30.12285041809082, -20.208349227905273], [30.142459869384766, -20.192129135131836], [30.1627197265625, -20.19137954711914], [30.173030853271484, -20.200729370117188], [30.184009552001953, -20.225770950317383], [30.18147087097168, -20.244670867919922], [30.17494010925293, -20.257740020751953], [30.165620803833008, -20.283309936523438], [30.163959503173828, -20.333810806274414], [30.156280517578125, -20.40976905822754], [30.14698028564453, -20.43532943725586], [30.121789932250977, -20.483720779418945], [30.11825942993164, -20.490049362182617], [30.11297035217285, -20.54652976989746], [30.10272979736328, -20.550010681152344]]]}}, {"type": "Feature", "properties": {"SNUM": 925, "FAOSOIL": "Ql2-1/2b", "DOMSOI": "Ql", "PHASE1": "", "PHASE2": "", "MISCLU1": "", "MISCLU2": "", "PERMAFROST": "", "CNTCODE": 181, "CNTNAME": "ZI", "SQKM": 100.0, "COUNTRY": "ZIMBABWE", "SOIL_CODE": "Ql", "FAO_UNIT": "Ql2-1/2b", "SOIL_NAME": "FAO Soil Unit: Ql2-1/2b", "AREA_KM2": 100.0, "PHASE": ""}, "geometry": {"type": "Polygon", "coordinates": [[[29.019119262695312, -20.36669921875], [28.993900299072266, -20.345470428466797], [28.988889694213867, -20.323589324951172], [28.97389030456543, -20.274459838867188], [28.967180252075195, -20.2216796875], [28.987070083618164, -20.20638084411621], [29.002769470214844, -20.217439651489258], [29.02475929260254, -20.259519577026367], [29.042720794677734, -20.29046058654785], [29.062889099121094, -20.348369598388672], [29.06218910217285, -20.361900329589844], [29.04084014892578, -20.369369506835938], [29.019119262695312, -20.36669921875]]]}}, {"type": "Feature", "properties": {"SNUM": 642, "FAOSOIL": "I-Bc-V", "DOMSOI": "I", "PHASE1": "", "PHASE2": "", "MISCLU1": "", "MISCLU2": "", "PERMAFROST": "", "CNTCODE": 181, "CNTNAME": "ZI", "SQKM": 222.0, "COUNTRY": "ZIMBABWE", "SOIL_CODE": "I", "FAO_UNIT": "I-Bc-V", "SOIL_NAME": "Lithosols (I) \u2014 Shallow rocky soils; basement outcrop indicator", "AREA_KM2": 222.0, "PHASE": ""}, "geometry": {"type": "Polygon", "coordinates": [[[32.39257049560547, -20.46002960205078], [32.38888931274414, -20.44124984741211], [32.37812042236328, -20.43199920654297], [32.37099838256836, -20.41996955871582], [32.3698616027832, -20.38524055480957], [32.3814582824707, -20.33148956298828], [32.40950012207031, -20.267820358276367], [32.41389846801758, -20.210840225219727], [32.450950622558594, -20.20977020263672], [32.46821975708008, -20.227989196777344], [32.483890533447266, -20.305450439453125], [32.48310852050781, -20.308910369873047], [32.48735046386719, -20.38789939880371], [32.45888137817383, -20.396270751953125], [32.45077133178711, -20.398649215698242], [32.43146896362305, -20.417930603027344], [32.41960144042969, -20.455839157104492], [32.4033203125, -20.469280242919922], [32.39257049560547, -20.46002960205078]]]}}, {"type": "Feature", "properties": {"SNUM": 925, "FAOSOIL": "Ql2-1/2b", "DOMSOI": "Ql", "PHASE1": "", "PHASE2": "", "MISCLU1": "", "MISCLU2": "", "PERMAFROST": "", "CNTCODE": 181, "CNTNAME": "ZI", "SQKM": 133.0, "COUNTRY": "ZIMBABWE", "SOIL_CODE": "Ql", "FAO_UNIT": "Ql2-1/2b", "SOIL_NAME": "FAO Soil Unit: Ql2-1/2b", "AREA_KM2": 133.0, "PHASE": ""}, "geometry": {"type": "Polygon", "coordinates": [[[28.832019805908203, -20.37141990661621], [28.781030654907227, -20.35051918029785], [28.729089736938477, -20.31722068786621], [28.728839874267578, -20.310569763183594], [28.741830825805664, -20.291479110717773], [28.781780242919922, -20.271469116210938], [28.795000076293945, -20.258150100708008], [28.80282974243164, -20.25802993774414], [28.818649291992188, -20.257789611816406], [28.82232093811035, -20.266979217529297], [28.894140243530273, -20.287620544433594], [28.894149780273438, -20.300050735473633], [28.88128089904785, -20.31024932861328], [28.861740112304688, -20.34929084777832], [28.849180221557617, -20.374380111694336], [28.832019805908203, -20.37141990661621]]]}}, {"type": "Feature", "properties": {"SNUM": 733, "FAOSOIL": "Lf10-1a", "DOMSOI": "Lf", "PHASE1": "", "PHASE2": "", "MISCLU1": "", "MISCLU2": "", "PERMAFROST": "", "CNTCODE": 181, "CNTNAME": "ZI", "SQKM": 6554.0, "COUNTRY": "ZIMBABWE", "SOIL_CODE": "Lf", "FAO_UNIT": "Lf10-1a", "SOIL_NAME": "FAO Soil Unit: Lf10-1a", "AREA_KM2": 6554.0, "PHASE": ""}, "geometry": {"type": "Polygon", "coordinates": [[[30.559680938720703, -20.486860275268555], [30.49941062927246, -20.526599884033203], [30.43069076538086, -20.56266975402832], [30.30246925354004, -20.5693302154541], [30.246280670166016, -20.602819442749023], [30.2468204498291, -20.61515998840332], [30.234359741210938, -20.64389991760254], [30.22184944152832, -20.682350158691406], [30.218549728393555, -20.682470321655273], [30.18263053894043, -20.714750289916992], [30.15876007080078, -20.726730346679688], [30.08275032043457, -20.76491928100586], [30.043399810791016, -20.794689178466797], [30.026409149169922, -20.794889450073242], [29.88290023803711, -20.839799880981445], [29.86669921875, -20.85940933227539], [29.864049911499023, -20.874980926513672], [29.863849639892578, -20.881620407104492], [29.905550003051758, -20.905710220336914], [29.905460357666016, -20.915000915527344], [29.88991928100586, -20.95005989074707], [29.857229232788086, -20.9826602935791], [29.82455062866211, -21.015249252319336], [29.818649291992188, -21.02082061767578], [29.811580657958984, -21.037399291992188], [29.811500549316406, -21.046659469604492], [29.828950881958008, -21.055700302124023], [29.843570709228516, -21.052709579467773], [29.866029739379883, -21.04810905456543], [29.98155975341797, -20.969640731811523], [30.05047035217285, -20.914079666137695], [30.133230209350586, -20.861469268798828], [30.149389266967773, -20.841859817504883], [30.152759552001953, -20.832460403442383], [30.185720443725586, -20.81884002685547], [30.254919052124023, -20.769399642944336], [30.318340301513672, -20.739160537719727], [30.318069458007812, -20.732990264892578], [30.35865020751953, -20.73188018798828], [30.36486053466797, -20.722370147705078], [30.401309967041016, -20.70244026184082], [30.423320770263672, -20.65435028076172], [30.456199645996094, -20.6279296875], [30.483169555664062, -20.618070602416992], [30.495929718017578, -20.618040084838867], [30.508880615234375, -20.60165023803711], [30.5687198638916, -20.578140258789062], [30.637500762939453, -20.522520065307617], [30.633079528808594, -20.47517967224121], [30.680309295654297, -20.477359771728516], [30.710969924926758, -20.489009857177734], [30.728050231933594, -20.4914608001709], [30.728330612182617, -20.498079299926758], [30.818090438842773, -20.58292007446289], [30.81825065612793, -20.586450576782227], [30.7431697845459, -20.646020889282227], [30.673229217529297, -20.678569793701172], [30.68082046508789, -20.700759887695312], [30.721710205078125, -20.718130111694336], [30.753129959106445, -20.745559692382812], [30.753360748291016, -20.761430740356445], [30.7443904876709, -20.793100357055664], [30.727909088134766, -20.793739318847656], [30.704299926757812, -20.803930282592773], [30.57280921936035, -20.892879486083984], [30.53628921508789, -20.909740447998047], [30.54029083251953, -20.92547035217285], [30.54537010192871, -20.984840393066406], [30.522480010986328, -21.001609802246094], [30.480989456176758, -20.970949172973633], [30.46048927307129, -20.955839157104492], [30.4172306060791, -20.982219696044922], [30.374309539794922, -21.005929946899414], [30.37104034423828, -21.021020889282227], [30.321189880371094, -21.038400650024414], [30.199909210205078, -21.044919967651367], [30.152660369873047, -21.046329498291016], [30.13953971862793, -21.059629440307617], [30.127119064331055, -21.08831024169922], [30.10112953186035, -21.120609283447266], [30.04475975036621, -21.15057945251465], [30.003990173339844, -21.14866065979004], [29.97402000427246, -21.145889282226562], [29.97467041015625, -21.166959762573242], [29.975200653076172, -21.183780670166016], [29.948720932006836, -21.20639991760254], [29.80459976196289, -21.235719680786133], [29.74675941467285, -21.234399795532227], [29.729799270629883, -21.22534942626953], [29.722219467163086, -21.203580856323242], [29.673999786376953, -21.171659469604492], [29.6556396484375, -21.192489624023438], [29.617849349975586, -21.166250228881836], [29.598209381103516, -21.156879425048828], [29.587139129638672, -21.103750228881836], [29.42289924621582, -21.085830688476562], [29.397220611572266, -21.08308982849121], [29.369699478149414, -21.071300506591797], [29.35300064086914, -21.068830490112305], [29.204639434814453, -21.091999053955078], [29.188249588012695, -21.108060836791992], [29.137449264526367, -21.106409072875977], [29.099639892578125, -21.098100662231445], [29.099489212036133, -21.09457015991211], [29.025150299072266, -21.09688949584961], [28.948759078979492, -21.130199432373047], [28.91827964782715, -21.12775993347168], [28.893930435180664, -21.112720489501953], [28.8835391998291, -21.090999603271484], [28.85202980041504, -21.063400268554688], [28.85814094543457, -21.05035972595215], [28.89188003540039, -21.039859771728516], [28.97330093383789, -21.034719467163086], [28.985750198364258, -21.028579711914062], [29.019010543823242, -20.992929458618164], [29.0291805267334, -20.986370086669922], [29.114229202270508, -21.003320693969727], [29.148040771484375, -21.020790100097656], [29.144859313964844, -21.02400016784668], [29.286800384521484, -21.016969680786133], [29.306760787963867, -21.006959915161133], [29.29973030090332, -20.991640090942383], [29.279090881347656, -20.973350524902344], [29.27181053161621, -20.957679748535156], [29.27404022216797, -20.9195499420166], [29.299800872802734, -20.877899169921875], [29.299150466918945, -20.861989974975586], [29.29227066040039, -20.856050491333008], [29.297679901123047, -20.814699172973633], [29.301340103149414, -20.81147003173828], [29.296859741210938, -20.783309936523438], [29.289039611816406, -20.742429733276367], [29.292219161987305, -20.739229202270508], [29.295400619506836, -20.73600959777832], [29.301340103149414, -20.707469940185547], [29.31427001953125, -20.68798065185547], [29.337779998779297, -20.684030532836914], [29.36948013305664, -20.717849731445312], [29.382980346679688, -20.724000930786133], [29.403060913085938, -20.717079162597656], [29.41931915283203, -20.697900772094727], [29.43939971923828, -20.690990447998047], [29.442840576171875, -20.693960189819336], [29.460439682006836, -20.82299041748047], [29.465999603271484, -20.889169692993164], [29.4708194732666, -20.949180603027344], [29.492870330810547, -20.986940383911133], [29.51959991455078, -20.995210647583008], [29.53900909423828, -20.96307945251465], [29.622119903564453, -20.925960540771484], [29.64872932434082, -20.906400680541992], [29.6583194732666, -20.887039184570312], [29.67864990234375, -20.886730194091797], [29.688610076904297, -20.839740753173828], [29.69009017944336, -20.832809448242188], [29.699420928955078, -20.807270050048828], [29.706369400024414, -20.80392074584961], [29.76314926147461, -20.792970657348633], [29.79014015197754, -20.782690048217773], [29.79608917236328, -20.766550064086914], [29.815940856933594, -20.743709564208984], [29.8187198638916, -20.731229782104492], [29.89600944519043, -20.713329315185547], [29.929689407348633, -20.715620040893555], [29.96109962463379, -20.712230682373047], [29.973480224609375, -20.71088981628418], [30.016109466552734, -20.687990188598633], [30.06995964050293, -20.677099227905273], [30.079669952392578, -20.661279678344727], [30.084020614624023, -20.59796905517578], [30.09494972229004, -20.576080322265625], [30.096389770507812, -20.573219299316406], [30.1031494140625, -20.559709548950195], [30.10272979736328, -20.550010681152344], [30.11297035217285, -20.54652976989746], [30.126319885253906, -20.549549102783203], [30.13759994506836, -20.554380416870117], [30.187950134277344, -20.575899124145508], [30.208389282226562, -20.578659057617188], [30.2161808013916, -20.56414031982422], [30.246749877929688, -20.508180618286133], [30.25225067138672, -20.470369338989258], [30.261119842529297, -20.42268943786621], [30.285219192504883, -20.333309173583984], [30.30108070373535, -20.29511070251465], [30.31376075744629, -20.282249450683594], [30.34453010559082, -20.284650802612305], [30.40604019165039, -20.31113052368164], [30.40294075012207, -20.327180862426758], [30.390459060668945, -20.355960845947266], [30.392349243164062, -20.41253089904785], [30.40608024597168, -20.424850463867188], [30.477630615234375, -20.454500198364258], [30.555469512939453, -20.46796989440918], [30.562349319458008, -20.47433090209961], [30.559680938720703, -20.486860275268555]]]}}, {"type": "Feature", "properties": {"SNUM": 742, "FAOSOIL": "Lf24-2a", "DOMSOI": "Lf", "PHASE1": "", "PHASE2": "", "MISCLU1": "", "MISCLU2": "", "PERMAFROST": "", "CNTCODE": 181, "CNTNAME": "ZI", "SQKM": 6727.0, "COUNTRY": "ZIMBABWE", "SOIL_CODE": "Lf", "FAO_UNIT": "Lf24-2a", "SOIL_NAME": "FAO Soil Unit: Lf24-2a", "AREA_KM2": 6727.0, "PHASE": ""}, "geometry": {"type": "Polygon", "coordinates": [[[31.798080444335938, -20.431249618530273], [31.798519134521484, -20.440940856933594], [31.78931999206543, -20.4664306640625], [31.74449920654297, -20.542739868164062], [31.72260093688965, -20.5876407623291], [31.726919174194336, -20.60944938659668], [31.740520477294922, -20.61857032775879], [31.770740509033203, -20.620410919189453], [31.784080505371094, -20.61370086669922], [31.909299850463867, -20.54387092590332], [31.939550399780273, -20.536460876464844], [31.966310501098633, -20.54503059387207], [31.983930587768555, -20.570409774780273], [32.001548767089844, -20.594709396362305], [31.998409271240234, -20.607580184936523], [31.996030807495117, -20.62657928466797], [31.97381019592285, -20.65471076965332], [31.94702911376953, -20.65580940246582], [31.927120208740234, -20.662790298461914], [31.823490142822266, -20.681589126586914], [31.727100372314453, -20.703590393066406], [31.72393035888672, -20.716480255126953], [31.69169044494629, -20.751689910888672], [31.619930267333984, -20.80743980407715], [31.48880958557129, -20.899810791015625], [31.38644027709961, -20.959430694580078], [31.333650588989258, -20.98004913330078], [31.05191993713379, -21.026039123535156], [30.938919067382812, -21.060890197753906], [30.816499710083008, -21.121280670166016], [30.79330062866211, -21.140689849853516], [30.707860946655273, -21.112009048461914], [30.70772933959961, -21.10894012451172], [30.687419891357422, -21.109310150146484], [30.65464973449707, -21.126039505004883], [30.539369583129883, -21.208139419555664], [30.49650001525879, -21.2314395904541], [30.484130859375, -21.253629684448242], [30.422399520874023, -21.295549392700195], [30.41114044189453, -21.303199768066406], [30.401580810546875, -21.32209014892578], [30.368330001831055, -21.329559326171875], [30.29237937927246, -21.375699996948242], [30.278650283813477, -21.37626075744629], [30.268020629882812, -21.360820770263672], [30.209449768066406, -21.33094024658203], [30.13113021850586, -21.31463050842285], [30.03973960876465, -21.300020217895508], [29.994850158691406, -21.26506996154785], [29.962779998779297, -21.224830627441406], [29.94940948486328, -21.222259521484375], [29.948720932006836, -21.20639991760254], [29.975200653076172, -21.183780670166016], [29.97467041015625, -21.166959762573242], [29.97402000427246, -21.145889282226562], [30.003990173339844, -21.14866065979004], [30.04475975036621, -21.15057945251465], [30.052019119262695, -21.1754207611084], [30.073780059814453, -21.1983699798584], [30.124540328979492, -21.220600128173828], [30.18906021118164, -21.224679946899414], [30.205209732055664, -21.224210739135742], [30.232999801635742, -21.223390579223633], [30.289600372314453, -21.209280014038086], [30.339500427246094, -21.182640075683594], [30.375539779663086, -21.153030395507812], [30.375730514526367, -21.1468505859375], [30.39575958251953, -21.13990020751953], [30.44481086730957, -21.094350814819336], [30.451419830322266, -21.09408950805664], [30.45417022705078, -21.081649780273438], [30.519569396972656, -21.010990142822266], [30.522480010986328, -21.001609802246094], [30.54537010192871, -20.984840393066406], [30.54029083251953, -20.92547035217285], [30.53628921508789, -20.909740447998047], [30.57280921936035, -20.892879486083984], [30.704299926757812, -20.803930282592773], [30.727909088134766, -20.793739318847656], [30.7443904876709, -20.793100357055664], [30.753360748291016, -20.761430740356445], [30.753129959106445, -20.745559692382812], [30.721710205078125, -20.718130111694336], [30.68082046508789, -20.700759887695312], [30.673229217529297, -20.678569793701172], [30.7431697845459, -20.646020889282227], [30.81825065612793, -20.586450576782227], [30.818090438842773, -20.58292007446289], [30.88534927368164, -20.578079223632812], [30.90302085876465, -20.593259811401367], [30.941120147705078, -20.632789611816406], [30.995580673217773, -20.657100677490234], [31.035390853881836, -20.64628028869629], [31.062149047851562, -20.639009475708008], [31.182889938354492, -20.59623908996582], [31.294979095458984, -20.556529998779297], [31.38167953491211, -20.534679412841797], [31.43848991394043, -20.520370483398438], [31.558670043945312, -20.489370346069336], [31.658340454101562, -20.470340728759766], [31.668380737304688, -20.463769912719727], [31.72895050048828, -20.447059631347656], [31.7450008392334, -20.442630767822266], [31.791229248046875, -20.425350189208984], [31.798080444335938, -20.431249618530273]]]}}, {"type": "Feature", "properties": {"SNUM": 924, "FAOSOIL": "Ql17-1a", "DOMSOI": "Ql", "PHASE1": "", "PHASE2": "", "MISCLU1": "", "MISCLU2": "", "PERMAFROST": "", "CNTCODE": 181, "CNTNAME": "ZI", "SQKM": 1657.0, "COUNTRY": "ZIMBABWE", "SOIL_CODE": "Ql", "FAO_UNIT": "Ql17-1a", "SOIL_NAME": "FAO Soil Unit: Ql17-1a", "AREA_KM2": 1657.0, "PHASE": ""}, "geometry": {"type": "Polygon", "coordinates": [[[29.041379928588867, -20.473899841308594], [29.02906036376953, -20.5345401763916], [29.00942039489746, -20.563570022583008], [28.999929428100586, -20.569210052490234], [28.95993995666504, -20.592769622802734], [28.886459350585938, -20.616609573364258], [28.8121395111084, -20.631179809570312], [28.79914093017578, -20.637840270996094], [28.654300689697266, -20.667280197143555], [28.511140823364258, -20.717090606689453], [28.507030487060547, -20.71851921081543], [28.43000030517578, -20.74216079711914], [28.429759979248047, -20.735950469970703], [28.381620407104492, -20.718090057373047], [28.215700149536133, -20.721960067749023], [28.184749603271484, -20.707050323486328], [28.170379638671875, -20.67915916442871], [28.176990509033203, -20.666080474853516], [28.213350296020508, -20.636899948120117], [28.283939361572266, -20.609670639038086], [28.54762077331543, -20.473899841308594], [28.550439834594727, -20.46092987060547], [28.575809478759766, -20.45734977722168], [28.658279418945312, -20.44569969177246], [28.787189483642578, -20.46129035949707], [28.797840118408203, -20.467580795288086], [28.848459243774414, -20.466299057006836], [28.865060806274414, -20.46980094909668], [28.875669479370117, -20.472030639648438], [29.010150909423828, -20.44972038269043], [29.04037094116211, -20.448659896850586], [29.041379928588867, -20.473899841308594]]]}}, {"type": "Feature", "properties": {"SNUM": 642, "FAOSOIL": "I-Bc-V", "DOMSOI": "I", "PHASE1": "", "PHASE2": "", "MISCLU1": "", "MISCLU2": "", "PERMAFROST": "", "CNTCODE": 181, "CNTNAME": "ZI", "SQKM": 283.0, "COUNTRY": "ZIMBABWE", "SOIL_CODE": "I", "FAO_UNIT": "I-Bc-V", "SOIL_NAME": "Lithosols (I) \u2014 Shallow rocky soils; basement outcrop indicator", "AREA_KM2": 283.0, "PHASE": ""}, "geometry": {"type": "Polygon", "coordinates": [[[29.813749313354492, -20.579790115356445], [29.804420471191406, -20.605329513549805], [29.78219985961914, -20.65036964416504], [29.783130645751953, -20.67746925354004], [29.78424072265625, -20.709970474243164], [29.805360794067383, -20.72863006591797], [29.8218994140625, -20.72801971435547], [29.8187198638916, -20.731229782104492], [29.815940856933594, -20.743709564208984], [29.79608917236328, -20.766550064086914], [29.79014015197754, -20.782690048217773], [29.76314926147461, -20.792970657348633], [29.706369400024414, -20.80392074584961], [29.70969009399414, -20.76658058166504], [29.71118927001953, -20.74980926513672], [29.72270965576172, -20.686609268188477], [29.724220275878906, -20.632619857788086], [29.730390548706055, -20.610729217529297], [29.73257064819336, -20.572629928588867], [29.733320236206055, -20.56924057006836], [29.74448013305664, -20.518709182739258], [29.763750076293945, -20.47403907775879], [29.779850006103516, -20.451749801635742], [29.783029556274414, -20.448530197143555], [29.800390243530273, -20.457210540771484], [29.814680099487305, -20.494800567626953], [29.8160400390625, -20.544279098510742], [29.823219299316406, -20.557329177856445], [29.82387924194336, -20.573230743408203], [29.813749313354492, -20.579790115356445]]]}}, {"type": "Feature", "properties": {"SNUM": 642, "FAOSOIL": "I-Bc-V", "DOMSOI": "I", "PHASE1": "", "PHASE2": "", "MISCLU1": "", "MISCLU2": "", "PERMAFROST": "", "CNTCODE": 181, "CNTNAME": "ZI", "SQKM": 1162.0, "COUNTRY": "ZIMBABWE", "SOIL_CODE": "I", "FAO_UNIT": "I-Bc-V", "SOIL_NAME": "Lithosols (I) \u2014 Shallow rocky soils; basement outcrop indicator", "AREA_KM2": 1162.0, "PHASE": ""}, "geometry": {"type": "Polygon", "coordinates": [[[30.637500762939453, -20.522520065307617], [30.5687198638916, -20.578140258789062], [30.508880615234375, -20.60165023803711], [30.495929718017578, -20.618040084838867], [30.483169555664062, -20.618070602416992], [30.456199645996094, -20.6279296875], [30.423320770263672, -20.65435028076172], [30.401309967041016, -20.70244026184082], [30.36486053466797, -20.722370147705078], [30.35865020751953, -20.73188018798828], [30.318069458007812, -20.732990264892578], [30.318340301513672, -20.739160537719727], [30.254919052124023, -20.769399642944336], [30.185720443725586, -20.81884002685547], [30.152759552001953, -20.832460403442383], [30.149389266967773, -20.841859817504883], [30.133230209350586, -20.861469268798828], [30.05047035217285, -20.914079666137695], [29.98155975341797, -20.969640731811523], [29.866029739379883, -21.04810905456543], [29.843570709228516, -21.052709579467773], [29.828950881958008, -21.055700302124023], [29.811500549316406, -21.046659469604492], [29.811580657958984, -21.037399291992188], [29.818649291992188, -21.02082061767578], [29.82455062866211, -21.015249252319336], [29.857229232788086, -20.9826602935791], [29.88991928100586, -20.95005989074707], [29.905460357666016, -20.915000915527344], [29.905550003051758, -20.905710220336914], [29.863849639892578, -20.881620407104492], [29.864049911499023, -20.874980926513672], [29.86669921875, -20.85940933227539], [29.88290023803711, -20.839799880981445], [30.026409149169922, -20.794889450073242], [30.043399810791016, -20.794689178466797], [30.08275032043457, -20.76491928100586], [30.15876007080078, -20.726730346679688], [30.18263053894043, -20.714750289916992], [30.218549728393555, -20.682470321655273], [30.22184944152832, -20.682350158691406], [30.234359741210938, -20.64389991760254], [30.2468204498291, -20.61515998840332], [30.246280670166016, -20.602819442749023], [30.30246925354004, -20.5693302154541], [30.43069076538086, -20.56266975402832], [30.49941062927246, -20.526599884033203], [30.559680938720703, -20.486860275268555], [30.562349319458008, -20.47433090209961], [30.636249542236328, -20.471969604492188], [30.633079528808594, -20.47517967224121], [30.637500762939453, -20.522520065307617]]]}}, {"type": "Feature", "properties": {"SNUM": 924, "FAOSOIL": "Ql17-1a", "DOMSOI": "Ql", "PHASE1": "", "PHASE2": "", "MISCLU1": "", "MISCLU2": "", "PERMAFROST": "", "CNTCODE": 181, "CNTNAME": "ZI", "SQKM": 763.0, "COUNTRY": "ZIMBABWE", "SOIL_CODE": "Ql", "FAO_UNIT": "Ql17-1a", "SOIL_NAME": "FAO Soil Unit: Ql17-1a", "AREA_KM2": 763.0, "PHASE": ""}, "geometry": {"type": "Polygon", "coordinates": [[[32.5488395690918, -20.551250457763672], [32.53459167480469, -20.553770065307617], [32.51927947998047, -20.560779571533203], [32.50764846801758, -20.572160720825195], [32.49961853027344, -20.584579467773438], [32.484920501708984, -20.616079330444336], [32.487831115722656, -20.63718032836914], [32.49195861816406, -20.70615005493164], [32.4958381652832, -20.753610610961914], [32.50305938720703, -20.805879592895508], [32.505191802978516, -20.84486961364746], [32.507301330566406, -20.882749557495117], [32.482181549072266, -20.88326072692871], [32.43463134765625, -20.872089385986328], [32.413108825683594, -20.856229782104492], [32.40388107299805, -20.848350524902344], [32.39595031738281, -20.82012939453125], [32.36888885498047, -20.814680099487305], [32.3209114074707, -20.794300079345703], [32.29117965698242, -20.80171012878418], [32.26189041137695, -20.82798957824707], [32.207908630371094, -20.908029556274414], [32.17564010620117, -20.940589904785156], [32.148868560791016, -20.950950622558594], [32.13676071166992, -20.894790649414062], [32.12615966796875, -20.879419326782227], [32.125431060791016, -20.854400634765625], [32.151729583740234, -20.84406089782715], [32.19655990600586, -20.78900909423828], [32.230079650878906, -20.69400978088379], [32.229461669921875, -20.681299209594727], [32.266239166259766, -20.674030303955078], [32.272518157958984, -20.66761016845703], [32.30913162231445, -20.65683937072754], [32.3554801940918, -20.633350372314453], [32.381919860839844, -20.626089096069336], [32.38774871826172, -20.688669204711914], [32.3946418762207, -20.694969177246094], [32.41733932495117, -20.678190231323242], [32.452110290527344, -20.60515022277832], [32.464298248291016, -20.57954978942871], [32.4705696105957, -20.573139190673828], [32.48006820678711, -20.561800003051758], [32.505130767822266, -20.531890869140625], [32.518089294433594, -20.518600463867188], [32.522640228271484, -20.517810821533203], [32.53879928588867, -20.515239715576172], [32.564998626708984, -20.551910400390625], [32.5488395690918, -20.551250457763672]]]}}, {"type": "Feature", "properties": {"SNUM": 788, "FAOSOIL": "Lk4-2ab", "DOMSOI": "Lk", "PHASE1": "01", "PHASE2": "", "MISCLU1": "", "MISCLU2": "", "PERMAFROST": "", "CNTCODE": 181, "CNTNAME": "ZI", "SQKM": 44.0, "COUNTRY": "ZIMBABWE", "SOIL_CODE": "Lk", "FAO_UNIT": "Lk4-2ab", "SOIL_NAME": "FAO Soil Unit: Lk4-2ab", "AREA_KM2": 44.0, "PHASE": "01"}, "geometry": {"type": "Polygon", "coordinates": [[[27.715679168701172, -20.81277084350586], [27.72879981994629, -20.77069091796875], [27.7231502532959, -20.692119598388672], [27.734350204467773, -20.701879501342773], [27.740129470825195, -20.712080001831055], [27.75926971435547, -20.745880126953125], [27.760570526123047, -20.80575942993164], [27.714309692382812, -20.83880043029785], [27.70989990234375, -20.841840744018555], [27.715679168701172, -20.81277084350586]]]}}, {"type": "Feature", "properties": {"SNUM": 770, "FAOSOIL": "Lf82-1a", "DOMSOI": "Lf", "PHASE1": "", "PHASE2": "", "MISCLU1": "", "MISCLU2": "", "PERMAFROST": "", "CNTCODE": 181, "CNTNAME": "ZI", "SQKM": 685.0, "COUNTRY": "ZIMBABWE", "SOIL_CODE": "Lf", "FAO_UNIT": "Lf82-1a", "SOIL_NAME": "FAO Soil Unit: Lf82-1a", "AREA_KM2": 685.0, "PHASE": ""}, "geometry": {"type": "Polygon", "coordinates": [[[29.289039611816406, -20.742429733276367], [29.296859741210938, -20.783309936523438], [29.301340103149414, -20.81147003173828], [29.297679901123047, -20.814699172973633], [29.29227066040039, -20.856050491333008], [29.282350540161133, -20.856409072875977], [29.21196937561035, -20.878570556640625], [29.16172981262207, -20.894390106201172], [29.1618595123291, -20.897489547729492], [29.098350524902344, -20.930749893188477], [29.05320930480957, -20.934480667114258], [29.041240692138672, -20.935470581054688], [29.033720016479492, -20.913610458374023], [28.950590133666992, -20.846050262451172], [28.943330764770508, -20.830360412597656], [28.942520141601562, -20.804529190063477], [28.941659927368164, -20.776809692382812], [28.94062042236328, -20.738750457763672], [28.946720123291016, -20.713289260864258], [28.98033905029297, -20.712549209594727], [29.09575080871582, -20.728609085083008], [29.202190399169922, -20.725570678710938], [29.2139892578125, -20.725229263305664], [29.230899810791016, -20.721960067749023], [29.244260787963867, -20.724580764770508], [29.27518081665039, -20.739389419555664], [29.292219161987305, -20.739229202270508], [29.289039611816406, -20.742429733276367]]]}}, {"type": "Feature", "properties": {"SNUM": 972, "FAOSOIL": "Vp54-3a", "DOMSOI": "Vp", "PHASE1": "", "PHASE2": "", "MISCLU1": "", "MISCLU2": "", "PERMAFROST": "", "CNTCODE": 181, "CNTNAME": "ZI", "SQKM": 7288.0, "COUNTRY": "ZIMBABWE", "SOIL_CODE": "Vp", "FAO_UNIT": "Vp54-3a", "SOIL_NAME": "Pellic Vertisols (Vp) \u2014 Heavy clay; dambo / Lowveld vlei", "AREA_KM2": 7288.0, "PHASE": ""}, "geometry": {"type": "Polygon", "coordinates": [[[32.5058708190918, -20.922929763793945], [32.496978759765625, -20.949880599975586], [32.48210906982422, -20.976940155029297], [32.464839935302734, -21.002939224243164], [32.44733810424805, -21.024919509887695], [32.4298095703125, -21.039770126342773], [32.4145393371582, -21.05010986328125], [32.399330139160156, -21.06269073486328], [32.39128112792969, -21.07509994506836], [32.38106918334961, -21.096460342407227], [32.37337112426758, -21.122230529785156], [32.36906051635742, -21.140119552612305], [32.36940002441406, -21.15346908569336], [32.37876892089844, -21.16592025756836], [32.37919998168945, -21.174489974975586], [32.39031982421875, -21.20863914489746], [32.176361083984375, -21.231550216674805], [32.182621002197266, -21.215490341186523], [32.21131134033203, -21.186620712280273], [32.216800689697266, -21.145610809326172], [32.20927810668945, -21.1270809173584], [32.18141174316406, -21.105939865112305], [32.17811965942383, -21.1060791015625], [32.15256881713867, -21.141389846801758], [32.11687088012695, -21.17099952697754], [32.06814956665039, -21.21346092224121], [32.06201934814453, -21.232139587402344], [32.05215835571289, -21.23257064819336], [32.04869842529297, -21.238859176635742], [32.02347946166992, -21.271089553833008], [31.983800888061523, -21.281719207763672], [31.97076988220215, -21.294559478759766], [31.88282012939453, -21.375999450683594], [31.870229721069336, -21.39805030822754], [31.86454963684082, -21.426820755004883], [31.771339416503906, -21.448339462280273], [31.715009689331055, -21.472240447998047], [31.675540924072266, -21.4991397857666], [31.63302993774414, -21.550060272216797], [31.58466911315918, -21.601669311523438], [31.515729904174805, -21.64805030822754], [31.509889602661133, -21.6539306640625], [31.480640411376953, -21.683330535888672], [31.450740814208984, -21.699960708618164], [31.44986915588379, -21.75921058654785], [31.456939697265625, -21.7685604095459], [31.45379066467285, -21.771760940551758], [31.44763946533203, -21.790889739990234], [31.38661003112793, -21.789539337158203], [31.35611915588379, -21.784259796142578], [31.34576988220215, -21.775480270385742], [31.345439910888672, -21.7689208984375], [31.321170806884766, -21.748550415039062], [31.267179489135742, -21.74374008178711], [31.26279067993164, -21.72154998779297], [31.23076057434082, -21.685199737548828], [31.213930130004883, -21.679330825805664], [31.1835994720459, -21.677560806274414], [31.146930694580078, -21.690959930419922], [31.127410888671875, -21.71678924560547], [31.12639045715332, -21.740049362182617], [31.125629425048828, -21.757659912109375], [31.10222053527832, -21.77033042907715], [31.076379776000977, -21.784320831298828], [31.07653045654297, -21.78738021850586], [31.043779373168945, -21.82299041748047], [31.018259048461914, -21.861360549926758], [30.96307945251465, -21.910049438476562], [30.945560455322266, -21.93610954284668], [30.943639755249023, -21.9389591217041], [30.969039916992188, -21.985340118408203], [31.017009735107422, -21.999160766601562], [31.071130752563477, -22.006990432739258], [31.142440795898438, -22.03257942199707], [31.14447021484375, -22.035940170288086], [31.14967918395996, -22.044519424438477], [31.16699981689453, -22.050329208374023], [31.167789459228516, -22.066049575805664], [31.204029083251953, -22.127050399780273], [31.245769500732422, -22.16636085510254], [31.283710479736328, -22.177400588989258], [31.360219955444336, -22.156110763549805], [31.362770080566406, -22.21552085876465], [31.369539260864258, -22.218290328979492], [31.370019912719727, -22.2278995513916], [31.391080856323242, -22.246240615844727], [31.414899826049805, -22.254379272460938], [31.411909103393555, -22.260639190673828], [31.40373992919922, -22.30476951599121], [31.390220642089844, -22.33218002319336], [31.338239669799805, -22.37851905822754], [31.331159591674805, -22.34777069091797], [31.312089920043945, -22.298269271850586], [31.307519912719727, -22.26432991027832], [31.284229278564453, -22.271480560302734], [31.261070251464844, -22.290870666503906], [31.22123908996582, -22.30792999267578], [31.209890365600586, -22.279970169067383], [31.15682029724121, -22.213150024414062], [31.156509399414062, -22.207029342651367], [31.082639694213867, -22.131479263305664], [31.07868003845215, -22.118959426879883], [31.040430068969727, -22.101810455322266], [31.022619247436523, -22.07720947265625], [30.96116065979004, -22.038150787353516], [30.8405704498291, -21.98012924194336], [30.836950302124023, -21.973690032958984], [30.782209396362305, -21.95663070678711], [30.710020065307617, -21.921419143676758], [30.678329467773438, -21.88188934326172], [30.678020477294922, -21.87531089782715], [30.671119689941406, -21.869449615478516], [30.647050857543945, -21.860790252685547], [30.574399948120117, -21.815929412841797], [30.543439865112305, -21.80139923095703], [30.513050079345703, -21.799150466918945], [30.509159088134766, -21.787010192871094], [30.461130142211914, -21.76629066467285], [30.460969924926758, -21.762779235839844], [30.467199325561523, -21.744060516357422], [30.468929290771484, -21.741619110107422], [30.483200073242188, -21.721439361572266], [30.486249923706055, -21.705490112304688], [30.55718994140625, -21.71299934387207], [30.611040115356445, -21.711210250854492], [30.63842010498047, -21.71973991394043], [30.672109603881836, -21.72184944152832], [30.679180145263672, -21.731220245361328], [30.729589462280273, -21.716840744018555], [30.82110023498535, -21.674659729003906], [30.83275032043457, -21.66929054260254], [30.845779418945312, -21.663280487060547], [30.875999450683594, -21.662029266357422], [30.94445037841797, -21.678510665893555], [31.000869750976562, -21.670860290527344], [31.033769607543945, -21.64797019958496], [31.049999237060547, -21.631919860839844], [31.06036949157715, -21.631479263305664], [31.06591033935547, -21.609310150146484], [31.12672996520996, -21.510339736938477], [31.130420684814453, -21.504270553588867], [31.204620361328125, -21.4201602935791], [31.246929168701172, -21.387210845947266], [31.34634017944336, -21.333860397338867], [31.37948989868164, -21.326339721679688], [31.439119338989258, -21.290019989013672], [31.47888946533203, -21.27298927307129], [31.48834991455078, -21.263370513916016], [31.495410919189453, -21.263080596923828], [31.51487922668457, -21.262550354003906], [31.521480560302734, -21.25305938720703], [31.63701057434082, -21.19590950012207], [31.64361000061035, -21.186410903930664], [31.683460235595703, -21.172420501708984], [31.696640014648438, -21.171859741210938], [31.699800491333008, -21.159439086914062], [31.8712100982666, -21.069189071655273], [31.89051055908203, -21.049489974975586], [31.9041805267334, -21.04935073852539], [31.906999588012695, -21.039569854736328], [31.972469329833984, -20.987789154052734], [31.9991397857666, -20.974380493164062], [32.00899887084961, -20.973970413208008], [32.13618087768555, -20.960710525512695], [32.14289093017578, -20.963499069213867], [32.148868560791016, -20.950950622558594], [32.17564010620117, -20.940589904785156], [32.207908630371094, -20.908029556274414], [32.26189041137695, -20.82798957824707], [32.29117965698242, -20.80171012878418], [32.3209114074707, -20.794300079345703], [32.36888885498047, -20.814680099487305], [32.39595031738281, -20.82012939453125], [32.40388107299805, -20.848350524902344], [32.413108825683594, -20.856229782104492], [32.43463134765625, -20.872089385986328], [32.482181549072266, -20.88326072692871], [32.507301330566406, -20.882749557495117], [32.5058708190918, -20.922929763793945]]]}}, {"type": "Feature", "properties": {"SNUM": 655, "FAOSOIL": "I-Lc-a", "DOMSOI": "I", "PHASE1": "", "PHASE2": "", "MISCLU1": "", "MISCLU2": "", "PERMAFROST": "", "CNTCODE": 181, "CNTNAME": "ZI", "SQKM": 327.0, "COUNTRY": "ZIMBABWE", "SOIL_CODE": "I", "FAO_UNIT": "I-Lc-a", "SOIL_NAME": "Lithosols (I) \u2014 Shallow rocky soils; basement outcrop indicator", "AREA_KM2": 327.0, "PHASE": ""}, "geometry": {"type": "Polygon", "coordinates": [[[29.299150466918945, -20.861989974975586], [29.299800872802734, -20.877899169921875], [29.27404022216797, -20.9195499420166], [29.27181053161621, -20.957679748535156], [29.279090881347656, -20.973350524902344], [29.29973030090332, -20.991640090942383], [29.306760787963867, -21.006959915161133], [29.286800384521484, -21.016969680786133], [29.144859313964844, -21.02400016784668], [29.148040771484375, -21.020790100097656], [29.114229202270508, -21.003320693969727], [29.0291805267334, -20.986370086669922], [29.031490325927734, -20.951759338378906], [29.034269332885742, -20.938819885253906], [29.041240692138672, -20.935470581054688], [29.05320930480957, -20.934480667114258], [29.098350524902344, -20.930749893188477], [29.1618595123291, -20.897489547729492], [29.16172981262207, -20.894390106201172], [29.21196937561035, -20.878570556640625], [29.282350540161133, -20.856409072875977], [29.29227066040039, -20.856050491333008], [29.299150466918945, -20.861989974975586]]]}}, {"type": "Feature", "properties": {"SNUM": 788, "FAOSOIL": "Lk4-2ab", "DOMSOI": "Lk", "PHASE1": "01", "PHASE2": "", "MISCLU1": "", "MISCLU2": "", "PERMAFROST": "", "CNTCODE": 181, "CNTNAME": "ZI", "SQKM": 16329.0, "COUNTRY": "ZIMBABWE", "SOIL_CODE": "Lk", "FAO_UNIT": "Lk4-2ab", "SOIL_NAME": "FAO Soil Unit: Lk4-2ab", "AREA_KM2": 16329.0, "PHASE": "01"}, "geometry": {"type": "Polygon", "coordinates": [[[28.8835391998291, -21.090999603271484], [28.893930435180664, -21.112720489501953], [28.91827964782715, -21.12775993347168], [28.948759078979492, -21.130199432373047], [29.025150299072266, -21.09688949584961], [29.099489212036133, -21.09457015991211], [29.099639892578125, -21.098100662231445], [29.137449264526367, -21.106409072875977], [29.188249588012695, -21.108060836791992], [29.204639434814453, -21.091999053955078], [29.35300064086914, -21.068830490112305], [29.369699478149414, -21.071300506591797], [29.397220611572266, -21.08308982849121], [29.42289924621582, -21.085830688476562], [29.587139129638672, -21.103750228881836], [29.598209381103516, -21.156879425048828], [29.617849349975586, -21.166250228881836], [29.6556396484375, -21.192489624023438], [29.673999786376953, -21.171659469604492], [29.722219467163086, -21.203580856323242], [29.729799270629883, -21.22534942626953], [29.74675941467285, -21.234399795532227], [29.80459976196289, -21.235719680786133], [29.948720932006836, -21.20639991760254], [29.94940948486328, -21.222259521484375], [29.962779998779297, -21.224830627441406], [29.994850158691406, -21.26506996154785], [30.03973960876465, -21.300020217895508], [30.13113021850586, -21.31463050842285], [30.209449768066406, -21.33094024658203], [30.268020629882812, -21.360820770263672], [30.278650283813477, -21.37626075744629], [30.29237937927246, -21.375699996948242], [30.294139862060547, -21.378080368041992], [30.299299240112305, -21.38520050048828], [30.30447006225586, -21.435169219970703], [30.311790466308594, -21.450740814208984], [30.339799880981445, -21.484460830688477], [30.36988067626953, -21.505870819091797], [30.471290588378906, -21.5772705078125], [30.529579162597656, -21.610509872436523], [30.58778953552246, -21.630489349365234], [30.65546989440918, -21.640859603881836], [30.667190551757812, -21.67814064025879], [30.672109603881836, -21.72184944152832], [30.63842010498047, -21.71973991394043], [30.611040115356445, -21.711210250854492], [30.55718994140625, -21.71299934387207], [30.486249923706055, -21.705490112304688], [30.270700454711914, -21.633710861206055], [30.250370025634766, -21.63452911376953], [30.250089645385742, -21.628389358520508], [30.12735939025879, -21.60696029663086], [30.123760223388672, -21.600950241088867], [30.077409744262695, -21.604259490966797], [30.052940368652344, -21.606000900268555], [29.972549438476562, -21.608339309692383], [29.901939392089844, -21.619909286499023], [29.825029373168945, -21.659900665283203], [29.75482940673828, -21.68069076538086], [29.551950454711914, -21.693050384521484], [29.478609085083008, -21.72024917602539], [29.315759658813477, -21.806650161743164], [29.180280685424805, -21.813570022583008], [29.15658950805664, -21.814470291137695], [29.05348014831543, -21.837539672851562], [29.055339813232422, -21.827669143676758], [29.05388069152832, -21.809789657592773], [29.045270919799805, -21.79241943359375], [29.019580841064453, -21.786840438842773], [29.01995086669922, -21.78399085998535], [29.025949478149414, -21.75864028930664], [29.01902961730957, -21.752300262451172], [28.89483070373535, -21.73756980895996], [28.883939743041992, -21.728769302368164], [28.867069244384766, -21.73434066772461], [28.780569076538086, -21.72426986694336], [28.77142906188965, -21.72450065612793], [28.75041961669922, -21.710689544677734], [28.70292091369629, -21.694360733032227], [28.697450637817383, -21.669559478759766], [28.666419982910156, -21.654830932617188], [28.64712905883789, -21.6571102142334], [28.632320404052734, -21.65290069580078], [28.595500946044922, -21.637279510498047], [28.566930770874023, -21.648290634155273], [28.545690536499023, -21.661300659179688], [28.496490478515625, -21.66960906982422], [28.428640365600586, -21.61981964111328], [28.3843994140625, -21.599899291992188], [28.341569900512695, -21.585540771484375], [28.301610946655273, -21.583419799804688], [28.24605941772461, -21.585159301757812], [28.177610397338867, -21.597389221191406], [28.140390396118164, -21.60416030883789], [28.100940704345703, -21.58296012878418], [28.054210662841797, -21.594520568847656], [28.01119041442871, -21.57455062866211], [27.990049362182617, -21.55838966369629], [27.985769271850586, -21.5233097076416], [27.96409034729004, -21.491830825805664], [27.957279205322266, -21.397550582885742], [27.91827964782715, -21.316579818725586], [27.880020141601562, -21.256959915161133], [27.83609962463379, -21.208749771118164], [27.80681037902832, -21.164609909057617], [27.76651954650879, -21.152299880981445], [27.74036979675293, -21.129440307617188], [27.705909729003906, -21.07533073425293], [27.709369659423828, -21.02556037902832], [27.715330123901367, -21.02535057067871], [27.765439987182617, -21.048019409179688], [27.769319534301758, -21.049779891967773], [27.808250427246094, -21.067380905151367], [27.83892059326172, -21.072980880737305], [27.839160919189453, -21.07917022705078], [27.884199142456055, -21.100229263305664], [27.95890998840332, -21.114089965820312], [27.972219467163086, -21.101240158081055], [27.97553062438965, -21.099590301513672], [28.025320053100586, -21.075000762939453], [28.06484031677246, -21.029809951782227], [28.090850830078125, -20.978519439697266], [28.096790313720703, -20.968950271606445], [28.116769790649414, -20.936840057373047], [28.16227912902832, -20.90877914428711], [28.170059204101562, -20.903989791870117], [28.227880477905273, -20.9024600982666], [28.279470443725586, -20.935739517211914], [28.282550811767578, -20.93963050842285], [28.29693031311035, -20.95775032043457], [28.313989639282227, -20.95718002319336], [28.322900772094727, -20.939159393310547], [28.3298397064209, -20.92514991760254], [28.359540939331055, -20.89575958251953], [28.396629333496094, -20.885629653930664], [28.437789916992188, -20.90683937072754], [28.441059112548828, -20.910690307617188], [28.480039596557617, -20.95639991760254], [28.48546028137207, -20.976430892944336], [28.49110984802246, -20.99725914001465], [28.56941032409668, -21.023630142211914], [28.5964298248291, -21.022659301757812], [28.6104793548584, -21.041160583496094], [28.655479431152344, -21.06208038330078], [28.759750366210938, -21.046829223632812], [28.85202980041504, -21.063400268554688], [28.8835391998291, -21.090999603271484]]]}}, {"type": "Feature", "properties": {"SNUM": 642, "FAOSOIL": "I-Bc-V", "DOMSOI": "I", "PHASE1": "", "PHASE2": "", "MISCLU1": "", "MISCLU2": "", "PERMAFROST": "", "CNTCODE": 181, "CNTNAME": "ZI", "SQKM": 725.0, "COUNTRY": "ZIMBABWE", "SOIL_CODE": "I", "FAO_UNIT": "I-Bc-V", "SOIL_NAME": "Lithosols (I) \u2014 Shallow rocky soils; basement outcrop indicator", "AREA_KM2": 725.0, "PHASE": ""}, "geometry": {"type": "Polygon", "coordinates": [[[30.519569396972656, -21.010990142822266], [30.45417022705078, -21.081649780273438], [30.451419830322266, -21.09408950805664], [30.44481086730957, -21.094350814819336], [30.39575958251953, -21.13990020751953], [30.375730514526367, -21.1468505859375], [30.375539779663086, -21.153030395507812], [30.339500427246094, -21.182640075683594], [30.289600372314453, -21.209280014038086], [30.232999801635742, -21.223390579223633], [30.205209732055664, -21.224210739135742], [30.18906021118164, -21.224679946899414], [30.124540328979492, -21.220600128173828], [30.073780059814453, -21.1983699798584], [30.052019119262695, -21.1754207611084], [30.04475975036621, -21.15057945251465], [30.10112953186035, -21.120609283447266], [30.127119064331055, -21.08831024169922], [30.13953971862793, -21.059629440307617], [30.152660369873047, -21.046329498291016], [30.199909210205078, -21.044919967651367], [30.321189880371094, -21.038400650024414], [30.37104034423828, -21.021020889282227], [30.374309539794922, -21.005929946899414], [30.4172306060791, -20.982219696044922], [30.46048927307129, -20.955839157104492], [30.480989456176758, -20.970949172973633], [30.522480010986328, -21.001609802246094], [30.519569396972656, -21.010990142822266]]]}}, {"type": "Feature", "properties": {"SNUM": 642, "FAOSOIL": "I-Bc-V", "DOMSOI": "I", "PHASE1": "", "PHASE2": "", "MISCLU1": "", "MISCLU2": "", "PERMAFROST": "", "CNTCODE": 181, "CNTNAME": "ZI", "SQKM": 447.0, "COUNTRY": "ZIMBABWE", "SOIL_CODE": "I", "FAO_UNIT": "I-Bc-V", "SOIL_NAME": "Lithosols (I) \u2014 Shallow rocky soils; basement outcrop indicator", "AREA_KM2": 447.0, "PHASE": ""}, "geometry": {"type": "Polygon", "coordinates": [[[32.1697883605957, -21.231830596923828], [32.133758544921875, -21.25489044189453], [32.1002311706543, -21.262039184570312], [32.100711822509766, -21.271669387817383], [32.08848190307617, -21.300260543823242], [32.04602813720703, -21.3363094329834], [32.00688171386719, -21.368539810180664], [32.004940032958984, -21.39672088623047], [32.02251052856445, -21.421510696411133], [32.03376007080078, -21.449079513549805], [31.99418067932129, -21.466100692749023], [31.899629592895508, -21.460020065307617], [31.87158966064453, -21.435739517211914], [31.86454963684082, -21.426820755004883], [31.870229721069336, -21.39805030822754], [31.88282012939453, -21.375999450683594], [31.97076988220215, -21.294559478759766], [31.983800888061523, -21.281719207763672], [32.02347946166992, -21.271089553833008], [32.04869842529297, -21.238859176635742], [32.05215835571289, -21.23257064819336], [32.06201934814453, -21.232139587402344], [32.06814956665039, -21.21346092224121], [32.11687088012695, -21.17099952697754], [32.15256881713867, -21.141389846801758], [32.17811965942383, -21.1060791015625], [32.18141174316406, -21.105939865112305], [32.20927810668945, -21.1270809173584], [32.216800689697266, -21.145610809326172], [32.21131134033203, -21.186620712280273], [32.182621002197266, -21.215490341186523], [32.176361083984375, -21.231550216674805], [32.1697883605957, -21.231830596923828]]]}}, {"type": "Feature", "properties": {"SNUM": 705, "FAOSOIL": "Lc49-2a", "DOMSOI": "Lc", "PHASE1": "", "PHASE2": "", "MISCLU1": "", "MISCLU2": "", "PERMAFROST": "", "CNTCODE": 181, "CNTNAME": "ZI", "SQKM": 1062.0, "COUNTRY": "ZIMBABWE", "SOIL_CODE": "Lc", "FAO_UNIT": "Lc49-2a", "SOIL_NAME": "Chromic Luvisols (Lc) \u2014 Chrome\u2011rich clay; chrome/PGM pathfinder", "AREA_KM2": 1062.0, "PHASE": ""}, "geometry": {"type": "Polygon", "coordinates": [[[30.98314094543457, -21.44594955444336], [30.904600143432617, -21.423160552978516], [30.873390197753906, -21.40196990966797], [30.84235954284668, -21.374610900878906], [30.806110382080078, -21.316219329833984], [30.798099517822266, -21.275609970092773], [30.810230255126953, -21.231109619140625], [30.832670211791992, -21.2055606842041], [30.849220275878906, -21.195650100708008], [30.856159210205078, -21.192289352416992], [30.895700454711914, -21.168689727783203], [30.99496078491211, -21.128620147705078], [31.059040069580078, -21.12640953063965], [31.072969436645508, -21.141660690307617], [31.074140548706055, -21.176340103149414], [31.061660766601562, -21.201900482177734], [31.059370040893555, -21.23320960998535], [31.076610565185547, -21.248319625854492], [31.144729614257812, -21.261760711669922], [31.198320388793945, -21.2476806640625], [31.265230178833008, -21.245349884033203], [31.306190490722656, -21.253320693969727], [31.32689094543457, -21.27181053161621], [31.324769973754883, -21.29694938659668], [31.30841064453125, -21.309940338134766], [31.194320678710938, -21.332239151000977], [31.14150047302246, -21.352890014648438], [31.11850929260254, -21.37582015991211], [31.103179931640625, -21.41073989868164], [31.073720932006836, -21.436569213867188], [31.033660888671875, -21.447460174560547], [30.98314094543457, -21.44594955444336]]]}}, {"type": "Feature", "properties": {"SNUM": 974, "FAOSOIL": "Vp56-3ab", "DOMSOI": "V", "PHASE1": "", "PHASE2": "", "MISCLU1": "", "MISCLU2": "", "PERMAFROST": "", "CNTCODE": 181, "CNTNAME": "ZI", "SQKM": 4.0, "COUNTRY": "ZIMBABWE", "SOIL_CODE": "V", "FAO_UNIT": "Vp56-3ab", "SOIL_NAME": "FAO Soil Unit: Vp56-3ab", "AREA_KM2": 4.0, "PHASE": ""}, "geometry": {"type": "Polygon", "coordinates": [[[32.39038848876953, -21.179729461669922], [32.39822006225586, -21.20516014099121], [32.4015998840332, -21.217260360717773], [32.39031982421875, -21.20863914489746], [32.37919998168945, -21.174489974975586], [32.37876892089844, -21.16592025756836], [32.39038848876953, -21.179729461669922]]]}}, {"type": "Feature", "properties": {"SNUM": 923, "FAOSOIL": "Ql17-1/2a", "DOMSOI": "Ql", "PHASE1": "", "PHASE2": "", "MISCLU1": "", "MISCLU2": "", "PERMAFROST": "", "CNTCODE": 181, "CNTNAME": "ZI", "SQKM": 922.0, "COUNTRY": "ZIMBABWE", "SOIL_CODE": "Ql", "FAO_UNIT": "Ql17-1/2a", "SOIL_NAME": "FAO Soil Unit: Ql17-1/2a", "AREA_KM2": 922.0, "PHASE": ""}, "geometry": {"type": "Polygon", "coordinates": [[[32.403480529785156, -21.223970413208008], [32.42457962036133, -21.258630752563477], [32.44499969482422, -21.30316925048828], [32.45133972167969, -21.340789794921875], [32.37577819824219, -21.363460540771484], [32.33164978027344, -21.395050048828125], [32.242740631103516, -21.485370635986328], [32.07463836669922, -21.466590881347656], [32.05397033691406, -21.457849502563477], [32.046939849853516, -21.44894027709961], [32.03376007080078, -21.449079513549805], [32.02251052856445, -21.421510696411133], [32.004940032958984, -21.39672088623047], [32.00688171386719, -21.368539810180664], [32.04602813720703, -21.3363094329834], [32.08848190307617, -21.300260543823242], [32.100711822509766, -21.271669387817383], [32.1002311706543, -21.262039184570312], [32.133758544921875, -21.25489044189453], [32.1697883605957, -21.231830596923828], [32.176361083984375, -21.231550216674805], [32.39031982421875, -21.20863914489746], [32.4015998840332, -21.217260360717773], [32.403480529785156, -21.223970413208008]]]}}, {"type": "Feature", "properties": {"SNUM": 705, "FAOSOIL": "Lc49-2a", "DOMSOI": "Lc", "PHASE1": "", "PHASE2": "", "MISCLU1": "", "MISCLU2": "", "PERMAFROST": "", "CNTCODE": 181, "CNTNAME": "ZI", "SQKM": 993.0, "COUNTRY": "ZIMBABWE", "SOIL_CODE": "Lc", "FAO_UNIT": "Lc49-2a", "SOIL_NAME": "Chromic Luvisols (Lc) \u2014 Chrome\u2011rich clay; chrome/PGM pathfinder", "AREA_KM2": 993.0, "PHASE": ""}, "geometry": {"type": "Polygon", "coordinates": [[[30.517580032348633, -21.350299835205078], [30.568740844726562, -21.373760223388672], [30.641220092773438, -21.41880989074707], [30.710939407348633, -21.48596954345703], [30.72184944152832, -21.507539749145508], [30.73693084716797, -21.553600311279297], [30.731800079345703, -21.59465980529785], [30.71898078918457, -21.61363983154297], [30.70186996459961, -21.620969772338867], [30.690000534057617, -21.626060485839844], [30.65546989440918, -21.640859603881836], [30.58778953552246, -21.630489349365234], [30.529579162597656, -21.610509872436523], [30.471290588378906, -21.5772705078125], [30.36988067626953, -21.505870819091797], [30.339799880981445, -21.484460830688477], [30.311790466308594, -21.450740814208984], [30.30447006225586, -21.435169219970703], [30.299299240112305, -21.38520050048828], [30.294139862060547, -21.378080368041992], [30.29237937927246, -21.375699996948242], [30.368330001831055, -21.329559326171875], [30.401580810546875, -21.32209014892578], [30.517580032348633, -21.350299835205078]]]}}, {"type": "Feature", "properties": {"SNUM": 880, "FAOSOIL": "Qc33-1a", "DOMSOI": "Qc", "PHASE1": "", "PHASE2": "", "MISCLU1": "", "MISCLU2": "", "PERMAFROST": "", "CNTCODE": 181, "CNTNAME": "ZI", "SQKM": 2787.0, "COUNTRY": "ZIMBABWE", "SOIL_CODE": "Qc", "FAO_UNIT": "Qc33-1a", "SOIL_NAME": "Calcaric Arenosols (Qc) \u2014 Sandy calcareous; limestone indicator", "AREA_KM2": 2787.0, "PHASE": ""}, "geometry": {"type": "Polygon", "coordinates": [[[32.046939849853516, -21.44894027709961], [32.05397033691406, -21.457849502563477], [32.07463836669922, -21.466590881347656], [32.242740631103516, -21.485370635986328], [32.2086296081543, -21.51926040649414], [32.12834930419922, -21.56229019165039], [32.092159271240234, -21.58169937133789], [32.043609619140625, -21.627180099487305], [32.03456115722656, -21.652530670166016], [32.03470993041992, -21.655580520629883], [32.05213928222656, -21.67361068725586], [32.05236053466797, -21.67793083190918], [32.015830993652344, -21.71501922607422], [31.934490203857422, -21.79574966430664], [31.909109115600586, -21.79383087158203], [31.884780883789062, -21.779130935668945], [31.884939193725586, -21.77298927307129], [31.87441062927246, -21.769939422607422], [31.861370086669922, -21.77358055114746], [31.838960647583008, -21.796030044555664], [31.83531951904297, -21.799680709838867], [31.755380630493164, -21.908750534057617], [31.75333023071289, -21.943010330200195], [31.746749877929688, -21.943300247192383], [31.71409034729004, -21.969690322875977], [31.633560180664062, -22.031949996948242], [31.61768913269043, -22.044340133666992], [31.611600875854492, -22.048259735107422], [31.59235954284668, -22.064109802246094], [31.586410522460938, -22.077049255371094], [31.52573013305664, -22.082399368286133], [31.5202693939209, -22.043930053710938], [31.516700744628906, -22.013839721679688], [31.506629943847656, -21.985380172729492], [31.498050689697266, -21.96112060546875], [31.489620208740234, -21.9242000579834], [31.48164939880371, -21.88681983947754], [31.48447036743164, -21.87704086303711], [31.46718978881836, -21.861989974975586], [31.466590881347656, -21.849729537963867], [31.456369400024414, -21.843589782714844], [31.451400756835938, -21.79994010925293], [31.44763946533203, -21.790889739990234], [31.45379066467285, -21.771760940551758], [31.456939697265625, -21.7685604095459], [31.44986915588379, -21.75921058654785], [31.450740814208984, -21.699960708618164], [31.480640411376953, -21.683330535888672], [31.509889602661133, -21.6539306640625], [31.515729904174805, -21.64805030822754], [31.58466911315918, -21.601669311523438], [31.63302993774414, -21.550060272216797], [31.675540924072266, -21.4991397857666], [31.715009689331055, -21.472240447998047], [31.771339416503906, -21.448339462280273], [31.86454963684082, -21.426820755004883], [31.87158966064453, -21.435739517211914], [31.899629592895508, -21.460020065307617], [31.99418067932129, -21.466100692749023], [32.03376007080078, -21.449079513549805], [32.046939849853516, -21.44894027709961]]]}}, {"type": "Feature", "properties": {"SNUM": 889, "FAOSOIL": "Qc44-1a", "DOMSOI": "Qc", "PHASE1": "", "PHASE2": "", "MISCLU1": "", "MISCLU2": "", "PERMAFROST": "", "CNTCODE": 181, "CNTNAME": "ZI", "SQKM": 70.0, "COUNTRY": "ZIMBABWE", "SOIL_CODE": "Qc", "FAO_UNIT": "Qc44-1a", "SOIL_NAME": "Calcaric Arenosols (Qc) \u2014 Sandy calcareous; limestone indicator", "AREA_KM2": 70.0, "PHASE": ""}, "geometry": {"type": "Polygon", "coordinates": [[[32.05213928222656, -21.67361068725586], [32.03470993041992, -21.655580520629883], [32.03456115722656, -21.652530670166016], [32.043609619140625, -21.627180099487305], [32.092159271240234, -21.58169937133789], [32.12834930419922, -21.56229019165039], [32.2086296081543, -21.51926040649414], [32.05236053466797, -21.67793083190918], [32.05213928222656, -21.67361068725586]]]}}, {"type": "Feature", "properties": {"SNUM": 642, "FAOSOIL": "I-Bc-V", "DOMSOI": "I", "PHASE1": "", "PHASE2": "", "MISCLU1": "", "MISCLU2": "", "PERMAFROST": "", "CNTCODE": 181, "CNTNAME": "ZI", "SQKM": 3471.0, "COUNTRY": "ZIMBABWE", "SOIL_CODE": "I", "FAO_UNIT": "I-Bc-V", "SOIL_NAME": "Lithosols (I) \u2014 Shallow rocky soils; basement outcrop indicator", "AREA_KM2": 3471.0, "PHASE": ""}, "geometry": {"type": "Polygon", "coordinates": [[[30.483200073242188, -21.721439361572266], [30.468929290771484, -21.741619110107422], [30.467199325561523, -21.744060516357422], [30.460969924926758, -21.762779235839844], [30.43429946899414, -21.770009994506836], [30.35814094543457, -21.81308937072754], [30.31805992126465, -21.8270206451416], [30.310840606689453, -21.814559936523438], [30.306419372558594, -21.780439376831055], [30.274829864501953, -21.75313949584961], [30.192180633544922, -21.7177791595459], [30.148239135742188, -21.709880828857422], [30.104389190673828, -21.714279174804688], [30.063730239868164, -21.715919494628906], [30.02058982849121, -21.735689163208008], [30.004310607910156, -21.752180099487305], [29.995220184326172, -21.774269104003906], [30.009450912475586, -21.81175994873047], [30.075759887695312, -21.862730026245117], [30.10301971435547, -21.86821937561035], [30.109949111938477, -21.874540328979492], [30.12550926208496, -21.924039840698242], [30.13010025024414, -21.961660385131836], [30.052230834960938, -21.9577693939209], [29.97422981262207, -21.960399627685547], [29.957740783691406, -21.973369598388672], [29.922170639038086, -22.002050399780273], [29.91823959350586, -22.00296974182129], [29.888259887695312, -22.009990692138672], [29.87126922607422, -22.005340576171875], [29.82632064819336, -21.99304962158203], [29.695470809936523, -22.010229110717773], [29.644649505615234, -22.032939910888672], [29.6252498626709, -22.064899444580078], [29.59269905090332, -22.10003089904785], [29.57666015625, -22.12264060974121], [29.391679763793945, -22.149789810180664], [29.287670135498047, -22.16230010986328], [29.226030349731445, -22.073680877685547], [29.218799591064453, -22.073759078979492], [29.20915985107422, -22.075000762939453], [29.19835090637207, -22.078479766845703], [29.179140090942383, -22.08428955078125], [29.155029296875, -22.0856990814209], [29.134469985961914, -22.082590103149414], [29.107749938964844, -22.071760177612305], [29.094369888305664, -22.064109802246094], [29.074769973754883, -22.045379638671875], [29.061260223388672, -22.02992057800293], [29.048320770263672, -22.011240005493164], [29.039649963378906, -21.993410110473633], [29.033220291137695, -21.968830108642578], [29.0303897857666, -21.938669204711914], [29.04174041748047, -21.88932991027832], [29.047470092773438, -21.868019104003906], [29.051969528198242, -21.845600128173828], [29.05348014831543, -21.837539672851562], [29.15658950805664, -21.814470291137695], [29.180280685424805, -21.813570022583008], [29.18783950805664, -21.84501075744629], [29.21693992614746, -21.891490936279297], [29.247770309448242, -21.912349700927734], [29.268430709838867, -21.918170928955078], [29.37660026550293, -21.90567970275879], [29.631019592285156, -21.816280364990234], [29.741230010986328, -21.77850914001465], [29.965299606323242, -21.699729919433594], [30.024959564208984, -21.66649055480957], [30.047460556030273, -21.640960693359375], [30.052940368652344, -21.606000900268555], [30.077409744262695, -21.604259490966797], [30.123760223388672, -21.600950241088867], [30.12735939025879, -21.60696029663086], [30.250089645385742, -21.628389358520508], [30.250370025634766, -21.63452911376953], [30.270700454711914, -21.633710861206055], [30.486249923706055, -21.705490112304688], [30.483200073242188, -21.721439361572266]]]}}, {"type": "Feature", "properties": {"SNUM": 474, "FAOSOIL": "Bv13-3a", "DOMSOI": "Bv", "PHASE1": "", "PHASE2": "", "MISCLU1": "", "MISCLU2": "", "PERMAFROST": "", "CNTCODE": 181, "CNTNAME": "ZI", "SQKM": 1086.0, "COUNTRY": "ZIMBABWE", "SOIL_CODE": "Bv", "FAO_UNIT": "Bv13-3a", "SOIL_NAME": "FAO Soil Unit: Bv13-3a", "AREA_KM2": 1086.0, "PHASE": ""}, "geometry": {"type": "Polygon", "coordinates": [[[30.047460556030273, -21.640960693359375], [30.024959564208984, -21.66649055480957], [29.965299606323242, -21.699729919433594], [29.741230010986328, -21.77850914001465], [29.631019592285156, -21.816280364990234], [29.37660026550293, -21.90567970275879], [29.268430709838867, -21.918170928955078], [29.247770309448242, -21.912349700927734], [29.21693992614746, -21.891490936279297], [29.18783950805664, -21.84501075744629], [29.180280685424805, -21.813570022583008], [29.315759658813477, -21.806650161743164], [29.478609085083008, -21.72024917602539], [29.551950454711914, -21.693050384521484], [29.75482940673828, -21.68069076538086], [29.825029373168945, -21.659900665283203], [29.901939392089844, -21.619909286499023], [29.972549438476562, -21.608339309692383], [30.052940368652344, -21.606000900268555], [30.047460556030273, -21.640960693359375]]]}}, {"type": "Feature", "properties": {"SNUM": 841, "FAOSOIL": "Ne45-3a", "DOMSOI": "Ne", "PHASE1": "", "PHASE2": "", "MISCLU1": "", "MISCLU2": "", "PERMAFROST": "", "CNTCODE": 181, "CNTNAME": "ZI", "SQKM": 8.0, "COUNTRY": "ZIMBABWE", "SOIL_CODE": "Ne", "FAO_UNIT": "Ne45-3a", "SOIL_NAME": "Eutric Nitosols (Ne) \u2014 Productive red soils on mafic rocks", "AREA_KM2": 8.0, "PHASE": ""}, "geometry": {"type": "Polygon", "coordinates": [[[28.681909561157227, -21.6871395111084], [28.667720794677734, -21.66295051574707], [28.64712905883789, -21.6571102142334], [28.666419982910156, -21.654830932617188], [28.697450637817383, -21.669559478759766], [28.70292091369629, -21.694360733032227], [28.681909561157227, -21.6871395111084]]]}}, {"type": "Feature", "properties": {"SNUM": 642, "FAOSOIL": "I-Bc-V", "DOMSOI": "I", "PHASE1": "", "PHASE2": "", "MISCLU1": "", "MISCLU2": "", "PERMAFROST": "", "CNTCODE": 181, "CNTNAME": "ZI", "SQKM": 1884.0, "COUNTRY": "ZIMBABWE", "SOIL_CODE": "I", "FAO_UNIT": "I-Bc-V", "SOIL_NAME": "Lithosols (I) \u2014 Shallow rocky soils; basement outcrop indicator", "AREA_KM2": 1884.0, "PHASE": ""}, "geometry": {"type": "Polygon", "coordinates": [[[31.459150314331055, -22.072359085083008], [31.378009796142578, -22.086210250854492], [31.364620208740234, -22.11220932006836], [31.360689163208008, -22.151460647583008], [31.360219955444336, -22.156110763549805], [31.283710479736328, -22.177400588989258], [31.245769500732422, -22.16636085510254], [31.204029083251953, -22.127050399780273], [31.167789459228516, -22.066049575805664], [31.16699981689453, -22.050329208374023], [31.14967918395996, -22.044519424438477], [31.14447021484375, -22.035940170288086], [31.142440795898438, -22.03257942199707], [31.071130752563477, -22.006990432739258], [31.017009735107422, -21.999160766601562], [30.969039916992188, -21.985340118408203], [30.943639755249023, -21.9389591217041], [30.945560455322266, -21.93610954284668], [30.96307945251465, -21.910049438476562], [31.018259048461914, -21.861360549926758], [31.043779373168945, -21.82299041748047], [31.07653045654297, -21.78738021850586], [31.076379776000977, -21.784320831298828], [31.10222053527832, -21.77033042907715], [31.125629425048828, -21.757659912109375], [31.12639045715332, -21.740049362182617], [31.127410888671875, -21.71678924560547], [31.146930694580078, -21.690959930419922], [31.1835994720459, -21.677560806274414], [31.213930130004883, -21.679330825805664], [31.23076057434082, -21.685199737548828], [31.26279067993164, -21.72154998779297], [31.267179489135742, -21.74374008178711], [31.321170806884766, -21.748550415039062], [31.345439910888672, -21.7689208984375], [31.34576988220215, -21.775480270385742], [31.35611915588379, -21.784259796142578], [31.38661003112793, -21.789539337158203], [31.44763946533203, -21.790889739990234], [31.451400756835938, -21.79994010925293], [31.456369400024414, -21.843589782714844], [31.466590881347656, -21.849729537963867], [31.46718978881836, -21.861989974975586], [31.48447036743164, -21.87704086303711], [31.48164939880371, -21.88681983947754], [31.489620208740234, -21.9242000579834], [31.498050689697266, -21.96112060546875], [31.506629943847656, -21.985380172729492], [31.516700744628906, -22.013839721679688], [31.5202693939209, -22.043930053710938], [31.52573013305664, -22.082399368286133], [31.459150314331055, -22.072359085083008]]]}}, {"type": "Feature", "properties": {"SNUM": 474, "FAOSOIL": "Bv13-3a", "DOMSOI": "Bv", "PHASE1": "", "PHASE2": "", "MISCLU1": "", "MISCLU2": "", "PERMAFROST": "", "CNTCODE": 181, "CNTNAME": "ZI", "SQKM": 577.0, "COUNTRY": "ZIMBABWE", "SOIL_CODE": "Bv", "FAO_UNIT": "Bv13-3a", "SOIL_NAME": "FAO Soil Unit: Bv13-3a", "AREA_KM2": 577.0, "PHASE": ""}, "geometry": {"type": "Polygon", "coordinates": [[[30.315189361572266, -21.836809158325195], [30.272029876708984, -21.866249084472656], [30.253150939941406, -21.89822006225586], [30.227319717407227, -21.93355941772461], [30.207229614257812, -21.94976043701172], [30.13010025024414, -21.961660385131836], [30.12550926208496, -21.924039840698242], [30.109949111938477, -21.874540328979492], [30.10301971435547, -21.86821937561035], [30.075759887695312, -21.862730026245117], [30.009450912475586, -21.81175994873047], [29.995220184326172, -21.774269104003906], [30.004310607910156, -21.752180099487305], [30.02058982849121, -21.735689163208008], [30.063730239868164, -21.715919494628906], [30.104389190673828, -21.714279174804688], [30.148239135742188, -21.709880828857422], [30.192180633544922, -21.7177791595459], [30.274829864501953, -21.75313949584961], [30.306419372558594, -21.780439376831055], [30.310840606689453, -21.814559936523438], [30.31805992126465, -21.8270206451416], [30.315189361572266, -21.836809158325195]]]}}, {"type": "Feature", "properties": {"SNUM": 642, "FAOSOIL": "I-Bc-V", "DOMSOI": "I", "PHASE1": "", "PHASE2": "", "MISCLU1": "", "MISCLU2": "", "PERMAFROST": "", "CNTCODE": 181, "CNTNAME": "ZI", "SQKM": 13.0, "COUNTRY": "ZIMBABWE", "SOIL_CODE": "I", "FAO_UNIT": "I-Bc-V", "SOIL_NAME": "Lithosols (I) \u2014 Shallow rocky soils; basement outcrop indicator", "AREA_KM2": 13.0, "PHASE": ""}, "geometry": {"type": "Polygon", "coordinates": [[[28.83502960205078, -21.74492073059082], [28.79157066345215, -21.74519920349121], [28.781940460205078, -21.734119415283203], [28.77642059326172, -21.72776985168457], [28.77142906188965, -21.72450065612793], [28.780569076538086, -21.72426986694336], [28.867069244384766, -21.73434066772461], [28.83502960205078, -21.74492073059082]]]}}, {"type": "Feature", "properties": {"SNUM": 642, "FAOSOIL": "I-Bc-V", "DOMSOI": "I", "PHASE1": "", "PHASE2": "", "MISCLU1": "", "MISCLU2": "", "PERMAFROST": "", "CNTCODE": 181, "CNTNAME": "ZI", "SQKM": 22.0, "COUNTRY": "ZIMBABWE", "SOIL_CODE": "I", "FAO_UNIT": "I-Bc-V", "SOIL_NAME": "Lithosols (I) \u2014 Shallow rocky soils; basement outcrop indicator", "AREA_KM2": 22.0, "PHASE": ""}, "geometry": {"type": "Polygon", "coordinates": [[[28.99945068359375, -21.782169342041016], [28.943790435791016, -21.746999740600586], [28.902610778808594, -21.743850708007812], [28.89483070373535, -21.73756980895996], [29.01902961730957, -21.752300262451172], [29.025949478149414, -21.75864028930664], [29.01995086669922, -21.78399085998535], [29.019580841064453, -21.786840438842773], [28.99945068359375, -21.782169342041016]]]}}, {"type": "Feature", "properties": {"SNUM": 705, "FAOSOIL": "Lc49-2a", "DOMSOI": "Lc", "PHASE1": "", "PHASE2": "", "MISCLU1": "", "MISCLU2": "", "PERMAFROST": "", "CNTCODE": 181, "CNTNAME": "ZI", "SQKM": 1164.0, "COUNTRY": "ZIMBABWE", "SOIL_CODE": "Lc", "FAO_UNIT": "Lc49-2a", "SOIL_NAME": "Chromic Luvisols (Lc) \u2014 Chrome\u2011rich clay; chrome/PGM pathfinder", "AREA_KM2": 1164.0, "PHASE": ""}, "geometry": {"type": "Polygon", "coordinates": [[[30.5131893157959, -21.80221939086914], [30.501039505004883, -21.840309143066406], [30.518400192260742, -21.861719131469727], [30.56471061706543, -21.919979095458984], [30.5933895111084, -21.965770721435547], [30.598339080810547, -21.997299194335938], [30.592119216918945, -22.016460418701172], [30.572059631347656, -22.04507064819336], [30.52914047241211, -22.068370819091797], [30.43577003479004, -22.0792293548584], [30.391590118408203, -22.084569931030273], [30.213010787963867, -22.10951042175293], [30.16805076599121, -22.092060089111328], [30.1471004486084, -22.070560455322266], [30.13681983947754, -22.01658058166504], [30.135269165039062, -22.008670806884766], [30.13010025024414, -21.961660385131836], [30.207229614257812, -21.94976043701172], [30.227319717407227, -21.93355941772461], [30.253150939941406, -21.89822006225586], [30.272029876708984, -21.866249084472656], [30.315189361572266, -21.836809158325195], [30.31805992126465, -21.8270206451416], [30.35814094543457, -21.81308937072754], [30.43429946899414, -21.770009994506836], [30.460969924926758, -21.762779235839844], [30.461130142211914, -21.76629066467285], [30.509159088134766, -21.787010192871094], [30.513050079345703, -21.799150466918945], [30.5131893157959, -21.80221939086914]]]}}, {"type": "Feature", "properties": {"SNUM": 642, "FAOSOIL": "I-Bc-V", "DOMSOI": "I", "PHASE1": "", "PHASE2": "", "MISCLU1": "", "MISCLU2": "", "PERMAFROST": "", "CNTCODE": 181, "CNTNAME": "ZI", "SQKM": 139.0, "COUNTRY": "ZIMBABWE", "SOIL_CODE": "I", "FAO_UNIT": "I-Bc-V", "SOIL_NAME": "Lithosols (I) \u2014 Shallow rocky soils; basement outcrop indicator", "AREA_KM2": 139.0, "PHASE": ""}, "geometry": {"type": "Polygon", "coordinates": [[[31.7691593170166, -21.959800720214844], [31.75333023071289, -21.943010330200195], [31.755380630493164, -21.908750534057617], [31.83531951904297, -21.799680709838867], [31.838960647583008, -21.796030044555664], [31.861370086669922, -21.77358055114746], [31.87441062927246, -21.769939422607422], [31.884939193725586, -21.77298927307129], [31.884780883789062, -21.779130935668945], [31.909109115600586, -21.79383087158203], [31.934490203857422, -21.79574966430664], [31.7691593170166, -21.959800720214844]]]}}, {"type": "Feature", "properties": {"SNUM": 788, "FAOSOIL": "Lk4-2ab", "DOMSOI": "Lk", "PHASE1": "01", "PHASE2": "", "MISCLU1": "", "MISCLU2": "", "PERMAFROST": "", "CNTCODE": 181, "CNTNAME": "ZI", "SQKM": 4668.0, "COUNTRY": "ZIMBABWE", "SOIL_CODE": "Lk", "FAO_UNIT": "Lk4-2ab", "SOIL_NAME": "FAO Soil Unit: Lk4-2ab", "AREA_KM2": 4668.0, "PHASE": "01"}, "geometry": {"type": "Polygon", "coordinates": [[[30.543439865112305, -21.80139923095703], [30.574399948120117, -21.815929412841797], [30.647050857543945, -21.860790252685547], [30.671119689941406, -21.869449615478516], [30.678020477294922, -21.87531089782715], [30.678329467773438, -21.88188934326172], [30.710020065307617, -21.921419143676758], [30.782209396362305, -21.95663070678711], [30.836950302124023, -21.973690032958984], [30.8405704498291, -21.98012924194336], [30.96116065979004, -22.038150787353516], [31.022619247436523, -22.07720947265625], [31.040430068969727, -22.101810455322266], [31.07868003845215, -22.118959426879883], [31.082639694213867, -22.131479263305664], [31.156509399414062, -22.207029342651367], [31.15682029724121, -22.213150024414062], [31.209890365600586, -22.279970169067383], [31.22123908996582, -22.30792999267578], [31.20471954345703, -22.317840576171875], [31.19873046875, -22.330360412597656], [31.18552017211914, -22.3405704498291], [31.183490753173828, -22.346290588378906], [31.171920776367188, -22.341440200805664], [31.15414047241211, -22.341279983520508], [31.138259887695312, -22.34111976623535], [31.076549530029297, -22.31907081604004], [31.05544090270996, -22.30423927307129], [30.942779541015625, -22.270299911499023], [30.899089813232422, -22.277860641479492], [30.869600296020508, -22.294450759887695], [30.869770050048828, -22.297950744628906], [30.808429718017578, -22.293550491333008], [30.72801971435547, -22.305740356445312], [30.65704917907715, -22.307880401611328], [30.65673065185547, -22.310970306396484], [30.601760864257812, -22.331270217895508], [30.584409713745117, -22.323400497436523], [30.58209991455078, -22.322349548339844], [30.542640686035156, -22.332120895385742], [30.516000747680664, -22.3260498046875], [30.4897403717041, -22.325300216674805], [30.42167091369629, -22.349000930786133], [30.37466049194336, -22.348880767822266], [30.319169998168945, -22.346710205078125], [30.28166961669922, -22.3408203125], [30.239280700683594, -22.286060333251953], [30.145660400390625, -22.30027961730957], [30.1129093170166, -22.292070388793945], [30.05900001525879, -22.257579803466797], [30.022550582885742, -22.2460994720459], [30.019540786743164, -22.222780227661133], [29.93107032775879, -22.18971061706543], [29.90097999572754, -22.19253921508789], [29.88302993774414, -22.198469161987305], [29.864299774169922, -22.172100067138672], [29.80048942565918, -22.17782974243164], [29.771780014038086, -22.138280868530273], [29.636520385742188, -22.133169174194336], [29.608030319213867, -22.151569366455078], [29.583850860595703, -22.14982032775879], [29.54261016845703, -22.1406192779541], [29.530160903930664, -22.174299240112305], [29.475950241088867, -22.159379959106445], [29.438589096069336, -22.162309646606445], [29.339309692382812, -22.2043399810791], [29.303770065307617, -22.185449600219727], [29.287670135498047, -22.16230010986328], [29.391679763793945, -22.149789810180664], [29.57666015625, -22.12264060974121], [29.59269905090332, -22.10003089904785], [29.6252498626709, -22.064899444580078], [29.644649505615234, -22.032939910888672], [29.695470809936523, -22.010229110717773], [29.82632064819336, -21.99304962158203], [29.87126922607422, -22.005340576171875], [29.888259887695312, -22.009990692138672], [29.91823959350586, -22.00296974182129], [29.922170639038086, -22.002050399780273], [29.957740783691406, -21.973369598388672], [29.97422981262207, -21.960399627685547], [30.052230834960938, -21.9577693939209], [30.13010025024414, -21.961660385131836], [30.135269165039062, -22.008670806884766], [30.13681983947754, -22.01658058166504], [30.1471004486084, -22.070560455322266], [30.16805076599121, -22.092060089111328], [30.213010787963867, -22.10951042175293], [30.391590118408203, -22.084569931030273], [30.43577003479004, -22.0792293548584], [30.52914047241211, -22.068370819091797], [30.572059631347656, -22.04507064819336], [30.592119216918945, -22.016460418701172], [30.598339080810547, -21.997299194335938], [30.5933895111084, -21.965770721435547], [30.56471061706543, -21.919979095458984], [30.518400192260742, -21.861719131469727], [30.501039505004883, -21.840309143066406], [30.5131893157959, -21.80221939086914], [30.513050079345703, -21.799150466918945], [30.543439865112305, -21.80139923095703]]]}}, {"type": "Feature", "properties": {"SNUM": 889, "FAOSOIL": "Qc44-1a", "DOMSOI": "Qc", "PHASE1": "", "PHASE2": "", "MISCLU1": "", "MISCLU2": "", "PERMAFROST": "", "CNTCODE": 181, "CNTNAME": "ZI", "SQKM": 92.0, "COUNTRY": "ZIMBABWE", "SOIL_CODE": "Qc", "FAO_UNIT": "Qc44-1a", "SOIL_NAME": "Calcaric Arenosols (Qc) \u2014 Sandy calcareous; limestone indicator", "AREA_KM2": 92.0, "PHASE": ""}, "geometry": {"type": "Polygon", "coordinates": [[[31.626100540161133, -22.100990295410156], [31.586570739746094, -22.08009910583496], [31.586410522460938, -22.077049255371094], [31.59235954284668, -22.064109802246094], [31.611600875854492, -22.048259735107422], [31.61768913269043, -22.044340133666992], [31.633560180664062, -22.031949996948242], [31.71409034729004, -21.969690322875977], [31.746749877929688, -21.943300247192383], [31.75333023071289, -21.943010330200195], [31.7691593170166, -21.959800720214844], [31.626100540161133, -22.100990295410156]]]}}, {"type": "Feature", "properties": {"SNUM": 451, "FAOSOIL": "Bc7-2bc", "DOMSOI": "Bc", "PHASE1": "01", "PHASE2": "", "MISCLU1": "", "MISCLU2": "", "PERMAFROST": "", "CNTCODE": 181, "CNTNAME": "ZI", "SQKM": 401.0, "COUNTRY": "ZIMBABWE", "SOIL_CODE": "Bc", "FAO_UNIT": "Bc7-2bc", "SOIL_NAME": "FAO Soil Unit: Bc7-2bc", "AREA_KM2": 401.0, "PHASE": "01"}, "geometry": {"type": "Polygon", "coordinates": [[[31.586570739746094, -22.08009910583496], [31.626100540161133, -22.100990295410156], [31.41533088684082, -22.309799194335938], [31.390220642089844, -22.33218002319336], [31.40373992919922, -22.30476951599121], [31.411909103393555, -22.260639190673828], [31.414899826049805, -22.254379272460938], [31.391080856323242, -22.246240615844727], [31.370019912719727, -22.2278995513916], [31.369539260864258, -22.218290328979492], [31.362770080566406, -22.21552085876465], [31.360219955444336, -22.156110763549805], [31.360689163208008, -22.151460647583008], [31.364620208740234, -22.11220932006836], [31.378009796142578, -22.086210250854492], [31.459150314331055, -22.072359085083008], [31.52573013305664, -22.082399368286133], [31.586410522460938, -22.077049255371094], [31.586570739746094, -22.08009910583496]]]}}, {"type": "Feature", "properties": {"SNUM": 451, "FAOSOIL": "Bc7-2bc", "DOMSOI": "Bc", "PHASE1": "01", "PHASE2": "", "MISCLU1": "", "MISCLU2": "", "PERMAFROST": "", "CNTCODE": 181, "CNTNAME": "ZI", "SQKM": 123.0, "COUNTRY": "ZIMBABWE", "SOIL_CODE": "Bc", "FAO_UNIT": "Bc7-2bc", "SOIL_NAME": "FAO Soil Unit: Bc7-2bc", "AREA_KM2": 123.0, "PHASE": "01"}, "geometry": {"type": "Polygon", "coordinates": [[[31.261070251464844, -22.290870666503906], [31.284229278564453, -22.271480560302734], [31.307519912719727, -22.26432991027832], [31.312089920043945, -22.298269271850586], [31.331159591674805, -22.34777069091797], [31.338239669799805, -22.37851905822754], [31.307619094848633, -22.405820846557617], [31.307119369506836, -22.413330078125], [31.247989654541016, -22.352989196777344], [31.21207046508789, -22.3582706451416], [31.183490753173828, -22.346290588378906], [31.18552017211914, -22.3405704498291], [31.19873046875, -22.330360412597656], [31.20471954345703, -22.317840576171875], [31.22123908996582, -22.30792999267578], [31.261070251464844, -22.290870666503906]]]}}, {"type": "Feature", "properties": {"SNUM": 451, "FAOSOIL": "Bc7-2bc", "DOMSOI": "Bc", "PHASE1": "01", "PHASE2": "", "MISCLU1": "", "MISCLU2": "", "PERMAFROST": "", "CNTCODE": 181, "CNTNAME": "ZI", "SQKM": 144.0, "COUNTRY": "ZIMBABWE", "SOIL_CODE": "Bc", "FAO_UNIT": "Bc7-2bc", "SOIL_NAME": "FAO Soil Unit: Bc7-2bc", "AREA_KM2": 144.0, "PHASE": "01"}, "geometry": {"type": "Polygon", "coordinates": [[[31.096729278564453, -22.350889205932617], [31.067829132080078, -22.358320236206055], [31.01786994934082, -22.335060119628906], [30.989179611206055, -22.33218002319336], [30.96367073059082, -22.323850631713867], [30.930620193481445, -22.30345916748047], [30.889999389648438, -22.314369201660156], [30.853580474853516, -22.302959442138672], [30.81151008605957, -22.305009841918945], [30.75278091430664, -22.314090728759766], [30.70214080810547, -22.310779571533203], [30.65237045288086, -22.339679718017578], [30.61012077331543, -22.335060119628906], [30.601760864257812, -22.331270217895508], [30.65673065185547, -22.310970306396484], [30.65704917907715, -22.307880401611328], [30.72801971435547, -22.305740356445312], [30.808429718017578, -22.293550491333008], [30.869770050048828, -22.297950744628906], [30.869600296020508, -22.294450759887695], [30.899089813232422, -22.277860641479492], [30.942779541015625, -22.270299911499023], [31.05544090270996, -22.30423927307129], [31.076549530029297, -22.31907081604004], [31.138259887695312, -22.34111976623535], [31.096729278564453, -22.350889205932617]]]}}]}